child_ref,vaccine,date_given,dose,batch_number,notes,status
C-00001,BCG,2025-02-14,1,BC2502B,Fixed site,given
C-00001,Penta-1,2025-03-19,1,PT2503C,Fixed site,given
C-00001,OPV-1,2025-03-19,1,OP2503C,Fixed site,given
C-00001,PCV-1,2025-03-19,1,PC2503C,Fixed site,given
C-00001,Rota-1,2025-03-19,1,RT2503C,Fixed site,given
C-00001,Penta-2,2025-05-06,2,PT2505A,Fixed site,given
C-00001,OPV-2,2025-05-06,2,OP2505A,Fixed site,given
C-00001,PCV-2,2025-05-06,2,PC2505A,Fixed site,given
C-00001,Rota-2,2025-05-06,2,RT2505A,Fixed site,given
C-00001,Penta-3,2025-06-03,3,PT2506A,Fixed site,given
C-00001,OPV-3,2025-06-03,3,OP2506A,Fixed site,given
C-00001,PCV-3,2025-06-03,3,PC2506A,Fixed site,given
C-00002,Measles-1,2025-02-27,1,MR2502D,Fixed site,given
C-00002,Yellow Fever,2025-02-27,1,YF2502D,Fixed site,given
C-00002,Measles-2,2026-02-17,2,MR2602C,Fixed site,given
C-00003,BCG,2025-05-30,1,BC2505D,Outreach,given
C-00003,Penta-1,2026-01-23,1,PT2601C,Outreach,given
C-00003,OPV-1,2026-01-23,1,OP2601C,Outreach,given
C-00003,PCV-1,2026-01-23,1,PC2601C,Outreach,given
C-00003,Rota-1,2026-01-23,1,RT2601C,Outreach,given
C-00003,Penta-2,2026-02-20,2,PT2602C,Fixed site,given
C-00003,OPV-2,2026-02-20,2,OP2602C,Fixed site,given
C-00003,PCV-2,2026-02-20,2,PC2602C,Fixed site,given
C-00003,Rota-2,2026-02-20,2,RT2602C,Fixed site,given
C-00003,Penta-3,2026-03-20,3,PT2603C,Fixed site,given
C-00003,OPV-3,2026-03-20,3,OP2603C,Fixed site,given
C-00003,PCV-3,2026-03-20,3,PC2603C,Fixed site,given
C-00003,Measles-1,2026-04-03,1,MR2604A,Fixed site,given
C-00003,Yellow Fever,2026-04-03,1,YF2604A,Fixed site,given
C-00004,BCG,2026-03-09,1,BC2603B,Fixed site,given
C-00004,OPV-0,2026-03-09,0,OP2603B,Fixed site,given
C-00004,Penta-1,2026-04-23,1,PT2604C,Fixed site,given
C-00004,OPV-1,2026-04-23,1,OP2604C,Fixed site,given
C-00004,Rota-1,2026-04-23,1,RT2604C,Fixed site,given
C-00004,OPV-3,2026-09-22,3,OP2609C,Fixed site,given
C-00005,BCG,2026-03-03,1,BC2603A,Fixed site,given
C-00005,Penta-1,2026-04-07,1,PT2604A,Fixed site,given
C-00005,OPV-1,2026-04-07,1,OP2604A,Fixed site,given
C-00005,PCV-1,2026-04-07,1,PC2604A,Fixed site,given
C-00005,Rota-1,2026-04-07,1,RT2604A,Fixed site,given
C-00005,Penta-2,2026-05-05,2,PT2605A,Fixed site,given
C-00005,OPV-2,2026-05-05,2,OP2605A,Fixed site,given
C-00005,PCV-2,2026-05-05,2,PC2605A,Fixed site,given
C-00005,Rota-2,2026-05-05,2,RT2605A,Fixed site,given
C-00005,Penta-3,2026-06-02,3,PT2606A,Fixed site,given
C-00005,OPV-3,2026-06-02,3,OP2606A,Fixed site,given
C-00005,PCV-3,2026-06-02,3,PC2606A,Fixed site,given
C-00006,Penta-1,2025-09-03,1,PT2509A,Fixed site,given
C-00006,OPV-1,2025-09-03,1,OP2509A,Fixed site,given
C-00006,Rota-1,2025-09-03,1,RT2509A,Fixed site,given
C-00006,Penta-2,2025-10-01,2,PT2510A,Fixed site,given
C-00006,OPV-2,2025-10-01,2,OP2510A,Fixed site,given
C-00006,PCV-2,2025-10-01,2,PC2510A,Fixed site,given
C-00006,Rota-2,2025-10-01,2,RT2510A,Fixed site,given
C-00006,Penta-3,2025-11-09,3,PT2511B,Fixed site,given
C-00006,PCV-3,2025-11-09,3,PC2511B,Fixed site,given
C-00006,Measles-1,2026-08-03,1,MR2608A,Fixed site,given
C-00006,Yellow Fever,2026-08-03,1,YF2608A,Fixed site,given
C-00007,BCG,2024-12-03,1,BC2412A,Fixed site,given
C-00007,OPV-0,2024-12-03,0,OP2412A,Fixed site,given
C-00007,Penta-1,2025-01-21,1,PT2501C,Fixed site,given
C-00007,PCV-1,2025-01-21,1,PC2501C,Fixed site,given
C-00007,Rota-1,2025-01-21,1,RT2501C,Fixed site,given
C-00007,Penta-2,2025-02-18,2,PT2502C,Fixed site,given
C-00007,OPV-2,2025-02-18,2,OP2502C,Fixed site,given
C-00007,PCV-2,2025-02-18,2,PC2502C,Fixed site,given
C-00007,Rota-2,2025-02-18,2,RT2502C,Fixed site,given
C-00007,Penta-3,2025-06-19,3,PT2506C,Fixed site,given
C-00007,OPV-3,2025-06-19,3,OP2506C,Fixed site,given
C-00007,PCV-3,2025-06-19,3,PC2506C,Fixed site,given
C-00007,Measles-1,2025-09-20,1,MR2509C,Fixed site,given
C-00007,Yellow Fever,2025-09-20,1,YF2509C,Fixed site,given
C-00008,BCG,2024-10-13,1,BC2410B,Fixed site,given
C-00008,OPV-0,2024-10-13,0,OP2410B,Fixed site,given
C-00008,Penta-1,2024-12-11,1,PT2412B,Fixed site,given
C-00008,OPV-1,2024-12-11,1,OP2412B,Fixed site,given
C-00008,PCV-1,2024-12-11,1,PC2412B,Fixed site,given
C-00008,Rota-1,2024-12-11,1,RT2412B,Fixed site,given
C-00008,Penta-2,2025-01-08,2,PT2501A,Fixed site,given
C-00008,OPV-2,2025-01-08,2,OP2501A,Fixed site,given
C-00008,PCV-2,2025-01-08,2,PC2501A,Fixed site,given
C-00008,Rota-2,2025-01-08,2,RT2501A,Fixed site,given
C-00008,Penta-3,2025-02-11,3,PT2502B,Fixed site,given
C-00008,OPV-3,2025-02-11,3,OP2502B,Fixed site,given
C-00008,PCV-3,2025-02-11,3,PC2502B,Fixed site,given
C-00008,Measles-1,2025-08-09,1,MR2508B,Fixed site,given
C-00009,Penta-1,2024-08-27,1,PT2408D,Fixed site,given
C-00009,OPV-1,2024-08-27,1,OP2408D,Fixed site,given
C-00009,PCV-1,2024-08-27,1,PC2408D,Fixed site,given
C-00009,Rota-1,2024-08-27,1,RT2408D,Fixed site,given
C-00009,BCG,2024-09-08,1,BC2409A,Fixed site,given
C-00009,Penta-2,2024-10-26,2,PT2410D,Fixed site,given
C-00009,OPV-2,2024-10-26,2,OP2410D,Fixed site,given
C-00009,PCV-2,2024-10-26,2,PC2410D,Fixed site,given
C-00009,Rota-2,2024-10-26,2,RT2410D,Fixed site,given
C-00009,OPV-3,2024-10-27,3,OP2410D,Fixed site,given
C-00010,BCG,2026-06-11,1,BC2606B,Fixed site,given
C-00010,OPV-0,2026-06-11,0,OP2606B,Fixed site,given
C-00010,Penta-1,2026-07-10,1,PT2607B,Fixed site,given
C-00010,OPV-1,2026-07-10,1,OP2607B,Fixed site,given
C-00010,PCV-1,2026-07-10,1,PC2607B,Fixed site,given
C-00010,Rota-1,2026-07-10,1,RT2607B,Fixed site,given
C-00010,Penta-2,2026-08-07,2,PT2608A,Fixed site,given
C-00010,OPV-2,2026-08-07,2,OP2608A,Fixed site,given
C-00010,PCV-2,2026-08-07,2,PC2608A,Fixed site,given
C-00010,Rota-2,2026-08-07,2,RT2608A,Fixed site,given
C-00010,Penta-3,2026-09-04,3,PT2609A,Fixed site,given
C-00010,OPV-3,2026-09-04,3,OP2609A,Fixed site,given
C-00011,Penta-1,2026-02-12,1,PT2602B,Fixed site,given
C-00011,OPV-1,2026-02-12,1,OP2602B,Fixed site,given
C-00011,PCV-1,2026-02-12,1,PC2602B,Fixed site,given
C-00011,Rota-1,2026-02-12,1,RT2602B,Fixed site,given
C-00011,BCG,2026-03-10,1,BC2603B,Fixed site,given
C-00011,Penta-2,2026-04-20,2,PT2604C,Fixed site,given
C-00011,OPV-2,2026-04-20,2,OP2604C,Fixed site,given
C-00011,PCV-2,2026-04-20,2,PC2604C,Fixed site,given
C-00011,Rota-2,2026-04-20,2,RT2604C,Fixed site,given
C-00011,Penta-3,2026-09-24,3,PT2609C,Fixed site,given
C-00011,OPV-3,2026-09-24,3,OP2609C,Fixed site,given
C-00011,PCV-3,2026-09-24,3,PC2609C,Fixed site,given
C-00011,Measles-1,2026-09-24,1,MR2609C,Fixed site,given
C-00011,Yellow Fever,2026-09-24,1,YF2609C,Fixed site,given
C-00012,BCG,2024-11-28,1,BC2411D,Fixed site,given
C-00012,OPV-0,2024-11-28,0,OP2411D,Fixed site,given
C-00012,Penta-1,2025-01-30,1,PT2501D,Fixed site,given
C-00012,OPV-1,2025-01-30,1,OP2501D,Fixed site,given
C-00012,PCV-1,2025-01-30,1,PC2501D,Fixed site,given
C-00012,Rota-1,2025-01-30,1,RT2501D,Fixed site,given
C-00012,Penta-2,2025-03-04,2,PT2503A,Fixed site,given
C-00012,OPV-2,2025-03-04,2,OP2503A,Fixed site,given
C-00012,PCV-2,2025-03-04,2,PC2503A,Fixed site,given
C-00012,Rota-2,2025-03-04,2,RT2503A,Fixed site,given
C-00012,Penta-3,2025-04-01,3,PT2504A,Fixed site,given
C-00012,OPV-3,2025-04-01,3,OP2504A,Fixed site,given
C-00012,PCV-3,2025-04-01,3,PC2504A,Fixed site,given
C-00012,Measles-1,2025-11-08,1,MR2511A,Fixed site,given
C-00013,BCG,2025-09-23,1,BC2509C,Fixed site,given
C-00013,OPV-0,2025-09-23,0,OP2509C,Fixed site,given
C-00013,Penta-1,2025-12-19,1,PT2512C,Fixed site,given
C-00013,OPV-1,2025-12-19,1,OP2512C,Fixed site,given
C-00013,PCV-1,2025-12-19,1,PC2512C,Fixed site,given
C-00013,Rota-1,2025-12-19,1,RT2512C,Fixed site,given
C-00013,Penta-2,2026-01-19,2,PT2601C,Outreach,given
C-00013,OPV-2,2026-01-19,2,OP2601C,Outreach,given
C-00013,PCV-2,2026-01-19,2,PC2601C,Outreach,given
C-00013,Rota-2,2026-01-19,2,RT2601C,Outreach,given
C-00013,Penta-3,2026-04-16,3,PT2604B,Fixed site,given
C-00013,OPV-3,2026-04-16,3,OP2604B,Fixed site,given
C-00013,PCV-3,2026-04-16,3,PC2604B,Fixed site,given
C-00013,Measles-1,2026-08-04,1,MR2608A,Fixed site,given
C-00013,Yellow Fever,2026-08-04,1,YF2608A,Fixed site,given
C-00014,BCG,2026-07-11,1,BC2607B,Fixed site,given
C-00014,Penta-1,2026-07-31,1,PT2607D,Fixed site,given
C-00014,Penta-2,2026-08-28,2,PT2608D,Fixed site,given
C-00014,OPV-2,2026-08-28,2,OP2608D,Fixed site,given
C-00014,PCV-2,2026-08-28,2,PC2608D,Fixed site,given
C-00014,Rota-2,2026-08-28,2,RT2608D,Fixed site,given
C-00014,PCV-1,2026-09-01,1,PC2609A,Fixed site,given
C-00014,Rota-1,2026-09-01,1,RT2609A,Fixed site,given
C-00015,BCG,2025-01-28,1,BC2501D,Fixed site,given
C-00015,OPV-0,2025-01-28,0,OP2501D,Fixed site,given
C-00015,Penta-1,2025-03-13,1,PT2503B,Fixed site,given
C-00015,OPV-1,2025-03-13,1,OP2503B,Fixed site,given
C-00015,PCV-1,2025-03-13,1,PC2503B,Fixed site,given
C-00015,Rota-1,2025-03-13,1,RT2503B,Fixed site,given
C-00015,Penta-2,2025-11-24,2,PT2511C,Outreach,given
C-00015,OPV-2,2025-11-24,2,OP2511C,Outreach,given
C-00015,PCV-2,2025-11-24,2,PC2511C,Outreach,given
C-00015,Rota-2,2025-11-24,2,RT2511C,Outreach,given
C-00015,Penta-3,2025-12-22,3,PT2512C,Fixed site,given
C-00015,OPV-3,2025-12-22,3,OP2512C,Fixed site,given
C-00015,PCV-3,2025-12-22,3,PC2512C,Fixed site,given
C-00015,Measles-1,2026-06-15,1,MR2606B,Fixed site,given
C-00015,Yellow Fever,2026-06-15,1,YF2606B,Fixed site,given
C-00015,Measles-2,2026-08-22,2,MR2608C,Fixed site,given
C-00016,BCG,2026-04-18,1,BC2604C,Fixed site,given
C-00016,Penta-1,2026-06-09,1,PT2606B,Fixed site,given
C-00016,OPV-1,2026-06-09,1,OP2606B,Fixed site,given
C-00016,PCV-1,2026-06-09,1,PC2606B,Fixed site,given
C-00016,Penta-2,2026-08-10,2,PT2608B,Fixed site,given
C-00016,OPV-2,2026-08-10,2,OP2608B,Fixed site,given
C-00016,PCV-2,2026-08-10,2,PC2608B,Fixed site,given
C-00016,Rota-2,2026-08-10,2,RT2608B,Fixed site,given
C-00016,Penta-3,2026-09-07,3,PT2609A,Fixed site,given
C-00016,OPV-3,2026-09-07,3,OP2609A,Fixed site,given
C-00016,PCV-3,2026-09-07,3,PC2609A,Fixed site,given
C-00017,BCG,2025-05-14,1,BC2505B,Fixed site,given
C-00017,Penta-1,2025-07-14,1,PT2507B,Fixed site,given
C-00017,OPV-1,2025-07-14,1,OP2507B,Fixed site,given
C-00017,PCV-1,2025-07-14,1,PC2507B,Fixed site,given
C-00017,Rota-1,2025-07-14,1,RT2507B,Fixed site,given
C-00017,Penta-2,2025-08-11,2,PT2508B,Fixed site,given
C-00017,OPV-2,2025-08-11,2,OP2508B,Fixed site,given
C-00017,Rota-2,2025-08-11,2,RT2508B,Fixed site,given
C-00017,Measles-1,2026-01-24,1,MR2601C,Fixed site,given
C-00017,Yellow Fever,2026-01-24,1,YF2601C,Fixed site,given
C-00017,Penta-3,2026-02-20,3,PT2602C,Fixed site,given
C-00017,OPV-3,2026-02-20,3,OP2602C,Fixed site,given
C-00018,BCG,2025-05-01,1,BC2505A,Fixed site,given
C-00018,OPV-0,2025-05-01,0,OP2505A,Fixed site,given
C-00018,Penta-1,2025-06-20,1,PT2506C,Fixed site,given
C-00018,OPV-1,2025-06-20,1,OP2506C,Fixed site,given
C-00018,PCV-1,2025-06-20,1,PC2506C,Fixed site,given
C-00018,Rota-1,2025-06-20,1,RT2506C,Fixed site,given
C-00018,Penta-2,2025-08-24,2,PT2508C,Fixed site,given
C-00018,OPV-2,2025-08-24,2,OP2508C,Fixed site,given
C-00018,PCV-2,2025-08-24,2,PC2508C,Fixed site,given
C-00018,Rota-2,2025-08-24,2,RT2508C,Fixed site,given
C-00018,Penta-3,2025-09-23,3,PT2509C,Fixed site,given
C-00018,OPV-3,2025-09-23,3,OP2509C,Fixed site,given
C-00018,PCV-3,2025-09-23,3,PC2509C,Fixed site,given
C-00018,Measles-1,2026-04-29,1,MR2604D,Fixed site,given
C-00018,Yellow Fever,2026-04-29,1,YF2604D,Fixed site,given
C-00019,BCG,2025-03-02,1,BC2503A,Fixed site,given
C-00019,Penta-1,2025-04-03,1,PT2504A,Fixed site,given
C-00019,OPV-1,2025-04-03,1,OP2504A,Fixed site,given
C-00019,PCV-1,2025-04-03,1,PC2504A,Fixed site,given
C-00019,Rota-1,2025-04-03,1,RT2504A,Fixed site,given
C-00019,Penta-2,2025-06-16,2,PT2506B,Fixed site,given
C-00019,OPV-2,2025-06-16,2,OP2506B,Fixed site,given
C-00019,PCV-2,2025-06-16,2,PC2506B,Fixed site,given
C-00019,Rota-2,2025-06-16,2,RT2506B,Fixed site,given
C-00019,Penta-3,2025-10-16,3,PT2510B,Fixed site,given
C-00019,OPV-3,2025-10-16,3,OP2510B,Fixed site,given
C-00019,PCV-3,2025-10-16,3,PC2510B,Fixed site,given
C-00019,Measles-1,2025-12-14,1,MR2512B,Fixed site,given
C-00019,Yellow Fever,2025-12-14,1,YF2512B,Fixed site,given
C-00020,BCG,2025-03-04,1,BC2503A,Fixed site,given
C-00020,OPV-0,2025-03-04,0,OP2503A,Fixed site,given
C-00020,Penta-1,2025-04-19,1,PT2504C,Fixed site,given
C-00020,OPV-1,2025-04-19,1,OP2504C,Fixed site,given
C-00020,PCV-1,2025-04-19,1,PC2504C,Fixed site,given
C-00020,Rota-1,2025-04-19,1,RT2504C,Fixed site,given
C-00020,Penta-2,2025-05-23,2,PT2505C,Fixed site,given
C-00020,PCV-2,2025-05-23,2,PC2505C,Fixed site,given
C-00020,Rota-2,2025-05-23,2,RT2505C,Fixed site,given
C-00020,Penta-3,2025-07-18,3,PT2507C,Fixed site,given
C-00020,OPV-3,2025-07-18,3,OP2507C,Fixed site,given
C-00020,PCV-3,2025-07-18,3,PC2507C,Fixed site,given
C-00020,Measles-1,2026-07-30,1,MR2607D,Fixed site,given
C-00020,Yellow Fever,2026-07-30,1,YF2607D,Fixed site,given
C-00021,BCG,2025-02-10,1,BC2502B,Fixed site,given
C-00021,Penta-1,2025-02-10,1,PT2502B,Fixed site,given
C-00021,OPV-1,2025-02-10,1,OP2502B,Fixed site,given
C-00021,PCV-1,2025-02-10,1,PC2502B,Fixed site,given
C-00021,Rota-1,2025-02-10,1,RT2502B,Fixed site,given
C-00021,Penta-2,2025-03-18,2,PT2503C,Fixed site,given
C-00021,OPV-2,2025-03-18,2,OP2503C,Fixed site,given
C-00021,PCV-2,2025-03-18,2,PC2503C,Fixed site,given
C-00021,Rota-2,2025-03-18,2,RT2503C,Fixed site,given
C-00021,Penta-3,2025-06-16,3,PT2506B,Fixed site,given
C-00021,OPV-3,2025-06-16,3,OP2506B,Fixed site,given
C-00021,PCV-3,2025-06-16,3,PC2506B,Fixed site,given
C-00021,Measles-1,2025-11-09,1,MR2511B,Fixed site,given
C-00021,Yellow Fever,2025-11-09,1,YF2511B,Fixed site,given
C-00021,Measles-2,2026-09-24,2,MR2609C,Fixed site,given
C-00022,BCG,2026-07-15,1,BC2607B,Fixed site,given
C-00022,Penta-1,2026-09-24,1,PT2609C,Fixed site,given
C-00022,OPV-1,2026-09-24,1,OP2609C,Fixed site,given
C-00022,PCV-1,2026-09-24,1,PC2609C,Fixed site,given
C-00022,Rota-1,2026-09-24,1,RT2609C,Fixed site,given
C-00023,BCG,2025-10-25,1,BC2510D,Fixed site,given
C-00023,Penta-1,2025-12-26,1,PT2512D,Outreach,given
C-00023,PCV-1,2025-12-26,1,PC2512D,Outreach,given
C-00023,Rota-1,2025-12-26,1,RT2512D,Outreach,given
C-00023,Penta-2,2026-02-06,2,PT2602A,Fixed site,given
C-00023,OPV-2,2026-02-06,2,OP2602A,Fixed site,given
C-00023,Rota-2,2026-02-06,2,RT2602A,Fixed site,given
C-00023,Penta-3,2026-03-06,3,PT2603A,Fixed site,given
C-00023,OPV-3,2026-03-06,3,OP2603A,Fixed site,given
C-00023,PCV-3,2026-03-06,3,PC2603A,Fixed site,given
C-00023,Measles-1,2026-09-24,1,MR2609C,Fixed site,given
C-00023,Yellow Fever,2026-09-24,1,YF2609C,Fixed site,given
C-00024,Penta-1,2026-07-04,1,PT2607A,Outreach,given
C-00024,OPV-1,2026-07-04,1,OP2607A,Outreach,given
C-00024,PCV-1,2026-07-04,1,PC2607A,Outreach,given
C-00024,Rota-1,2026-07-04,1,RT2607A,Outreach,given
C-00024,Penta-2,2026-08-01,2,PT2608A,Fixed site,given
C-00024,OPV-2,2026-08-01,2,OP2608A,Fixed site,given
C-00024,PCV-2,2026-08-01,2,PC2608A,Fixed site,given
C-00024,Rota-2,2026-08-01,2,RT2608A,Fixed site,given
C-00024,Penta-3,2026-08-29,3,PT2608D,Fixed site,given
C-00024,OPV-3,2026-08-29,3,OP2608D,Fixed site,given
C-00024,PCV-3,2026-08-29,3,PC2608D,Fixed site,given
C-00024,Measles-1,2026-09-24,1,MR2609C,Fixed site,given
C-00024,Yellow Fever,2026-09-24,1,YF2609C,Fixed site,given
C-00025,BCG,2025-12-12,1,BC2512B,Fixed site,given
C-00025,OPV-0,2025-12-12,0,OP2512B,Fixed site,given
C-00025,Penta-1,2026-01-23,1,PT2601C,Fixed site,given
C-00025,OPV-1,2026-01-23,1,OP2601C,Fixed site,given
C-00025,PCV-1,2026-01-23,1,PC2601C,Fixed site,given
C-00025,Rota-1,2026-01-23,1,RT2601C,Fixed site,given
C-00025,Penta-2,2026-02-22,2,PT2602C,Fixed site,given
C-00025,OPV-2,2026-02-22,2,OP2602C,Fixed site,given
C-00025,PCV-2,2026-02-22,2,PC2602C,Fixed site,given
C-00025,Rota-2,2026-02-22,2,RT2602C,Fixed site,given
C-00025,Penta-3,2026-08-06,3,PT2608A,Fixed site,given
C-00025,OPV-3,2026-08-06,3,OP2608A,Fixed site,given
C-00025,Measles-1,2026-09-21,1,MR2609C,Fixed site,given
C-00025,Yellow Fever,2026-09-21,1,YF2609C,Fixed site,given
C-00026,BCG,2024-11-15,1,BC2411B,Fixed site,given
C-00026,Penta-1,2024-12-30,1,PT2412D,Fixed site,given
C-00026,OPV-1,2024-12-30,1,OP2412D,Fixed site,given
C-00026,PCV-1,2024-12-30,1,PC2412D,Fixed site,given
C-00026,Rota-1,2024-12-30,1,RT2412D,Fixed site,given
C-00026,Penta-2,2025-08-28,2,PT2508D,Fixed site,given
C-00026,OPV-2,2025-08-28,2,OP2508D,Fixed site,given
C-00026,PCV-2,2025-08-28,2,PC2508D,Fixed site,given
C-00026,Rota-2,2025-08-28,2,RT2508D,Fixed site,given
C-00026,Penta-3,2025-09-25,3,PT2509D,Fixed site,given
C-00026,OPV-3,2025-09-25,3,OP2509D,Fixed site,given
C-00026,PCV-3,2025-09-25,3,PC2509D,Fixed site,given
C-00026,Measles-1,2026-03-24,1,MR2603C,Fixed site,given
C-00026,Measles-2,2026-08-21,2,MR2608C,Fixed site,given
C-00027,BCG,2024-08-31,1,BC2408D,Fixed site,given
C-00027,Penta-1,2024-12-06,1,PT2412A,Fixed site,given
C-00027,OPV-1,2024-12-06,1,OP2412A,Fixed site,given
C-00027,PCV-1,2024-12-06,1,PC2412A,Fixed site,given
C-00027,Rota-1,2024-12-06,1,RT2412A,Fixed site,given
C-00027,Penta-2,2025-01-03,2,PT2501A,Fixed site,given
C-00027,OPV-2,2025-01-03,2,OP2501A,Fixed site,given
C-00027,PCV-2,2025-01-03,2,PC2501A,Fixed site,given
C-00027,Rota-2,2025-01-03,2,RT2501A,Fixed site,given
C-00027,Penta-3,2025-07-13,3,PT2507B,Fixed site,given
C-00027,OPV-3,2025-07-13,3,OP2507B,Fixed site,given
C-00027,Measles-1,2025-08-08,1,MR2508A,Fixed site,given
C-00027,Yellow Fever,2025-08-08,1,YF2508A,Fixed site,given
C-00028,BCG,2024-08-13,1,BC2408B,Fixed site,given
C-00028,OPV-0,2024-08-13,0,OP2408B,Fixed site,given
C-00028,Penta-1,2024-12-03,1,PT2412A,Fixed site,given
C-00028,OPV-1,2024-12-03,1,OP2412A,Fixed site,given
C-00028,PCV-1,2024-12-03,1,PC2412A,Fixed site,given
C-00028,Rota-1,2024-12-03,1,RT2412A,Fixed site,given
C-00028,Penta-2,2024-12-31,2,PT2412D,Outreach,given
C-00028,OPV-2,2024-12-31,2,OP2412D,Outreach,given
C-00028,PCV-2,2024-12-31,2,PC2412D,Outreach,given
C-00028,Rota-2,2024-12-31,2,RT2412D,Outreach,given
C-00028,Penta-3,2025-03-08,3,PT2503A,Fixed site,given
C-00028,OPV-3,2025-03-08,3,OP2503A,Fixed site,given
C-00028,PCV-3,2025-03-08,3,PC2503A,Fixed site,given
C-00028,Measles-1,2025-06-30,1,MR2506D,Fixed site,given
C-00029,BCG,2026-06-28,1,BC2606D,Fixed site,given
C-00029,Penta-1,2026-07-10,1,PT2607B,Fixed site,given
C-00029,Penta-2,2026-08-07,2,PT2608A,Fixed site,given
C-00029,PCV-2,2026-08-07,2,PC2608A,Fixed site,given
C-00029,Rota-2,2026-08-07,2,RT2608A,Fixed site,given
C-00029,OPV-1,2026-09-24,1,OP2609C,Outreach,given
C-00029,PCV-1,2026-09-24,1,PC2609C,Outreach,given
C-00029,Rota-1,2026-09-24,1,RT2609C,Outreach,given
C-00029,Penta-3,2026-09-24,3,PT2609C,Outreach,given
C-00029,PCV-3,2026-09-24,3,PC2609C,Outreach,given
C-00030,BCG,2024-10-12,1,BC2410B,Fixed site,given
C-00030,OPV-0,2024-10-12,0,OP2410B,Fixed site,given
C-00030,Penta-1,2025-01-06,1,PT2501A,Fixed site,given
C-00030,PCV-1,2025-01-06,1,PC2501A,Fixed site,given
C-00030,Rota-1,2025-01-06,1,RT2501A,Fixed site,given
C-00030,Penta-2,2025-02-03,2,PT2502A,Fixed site,given
C-00030,OPV-2,2025-02-03,2,OP2502A,Fixed site,given
C-00030,PCV-2,2025-02-03,2,PC2502A,Fixed site,given
C-00030,Rota-2,2025-02-03,2,RT2502A,Fixed site,given
C-00030,Penta-3,2025-05-15,3,PT2505B,Fixed site,given
C-00030,OPV-3,2025-05-15,3,OP2505B,Fixed site,given
C-00030,PCV-3,2025-05-15,3,PC2505B,Fixed site,given
C-00030,Measles-1,2025-09-26,1,MR2509D,Fixed site,given
C-00030,Yellow Fever,2025-09-26,1,YF2509D,Fixed site,given
C-00031,BCG,2025-06-12,1,BC2506B,Fixed site,given
C-00031,OPV-0,2025-06-12,0,OP2506B,Fixed site,given
C-00031,Penta-1,2025-08-05,1,PT2508A,Fixed site,given
C-00031,OPV-1,2025-08-05,1,OP2508A,Fixed site,given
C-00031,PCV-1,2025-08-05,1,PC2508A,Fixed site,given
C-00031,Rota-1,2025-08-05,1,RT2508A,Fixed site,given
C-00031,Penta-2,2025-11-20,2,PT2511C,Fixed site,given
C-00031,OPV-2,2025-11-20,2,OP2511C,Fixed site,given
C-00031,PCV-2,2025-11-20,2,PC2511C,Fixed site,given
C-00031,Rota-2,2025-11-20,2,RT2511C,Fixed site,given
C-00031,Penta-3,2026-05-16,3,PT2605B,Fixed site,given
C-00031,OPV-3,2026-05-16,3,OP2605B,Fixed site,given
C-00031,PCV-3,2026-05-16,3,PC2605B,Fixed site,given
C-00032,BCG,2025-12-31,1,BC2512D,Fixed site,given
C-00032,Penta-1,2026-04-29,1,PT2604D,Fixed site,given
C-00032,OPV-1,2026-04-29,1,OP2604D,Fixed site,given
C-00032,PCV-1,2026-04-29,1,PC2604D,Fixed site,given
C-00032,Rota-1,2026-04-29,1,RT2604D,Fixed site,given
C-00032,Penta-2,2026-06-10,2,PT2606B,Fixed site,given
C-00032,OPV-2,2026-06-10,2,OP2606B,Fixed site,given
C-00032,PCV-2,2026-06-10,2,PC2606B,Fixed site,given
C-00032,Penta-3,2026-07-08,3,PT2607A,Fixed site,given
C-00032,OPV-3,2026-07-08,3,OP2607A,Fixed site,given
C-00032,PCV-3,2026-07-08,3,PC2607A,Fixed site,given
C-00032,Measles-1,2026-09-24,1,MR2609C,Fixed site,given
C-00032,Yellow Fever,2026-09-24,1,YF2609C,Fixed site,given
C-00033,BCG,2024-10-05,1,BC2410A,Fixed site,given
C-00033,OPV-0,2024-10-05,0,OP2410A,Fixed site,given
C-00033,Penta-1,2024-12-09,1,PT2412B,Fixed site,given
C-00033,OPV-1,2024-12-09,1,OP2412B,Fixed site,given
C-00033,PCV-1,2024-12-09,1,PC2412B,Fixed site,given
C-00033,Rota-1,2024-12-09,1,RT2412B,Fixed site,given
C-00033,Penta-2,2025-01-06,2,PT2501A,Outreach,given
C-00033,OPV-2,2025-01-06,2,OP2501A,Outreach,given
C-00033,PCV-2,2025-01-06,2,PC2501A,Outreach,given
C-00033,Rota-2,2025-01-06,2,RT2501A,Outreach,given
C-00033,Penta-3,2025-02-03,3,PT2502A,Fixed site,given
C-00033,OPV-3,2025-02-03,3,OP2502A,Fixed site,given
C-00033,PCV-3,2025-02-03,3,PC2502A,Fixed site,given
C-00033,Measles-1,2025-08-19,1,MR2508C,Outreach,given
C-00033,Yellow Fever,2025-08-19,1,YF2508C,Outreach,given
C-00033,Measles-2,2026-05-23,2,MR2605C,Fixed site,given
C-00034,BCG,2026-07-27,1,BC2607D,Fixed site,given
C-00034,OPV-0,2026-07-27,0,OP2607D,Fixed site,given
C-00034,Penta-1,2026-09-24,1,PT2609C,Outreach,given
C-00034,OPV-1,2026-09-24,1,OP2609C,Outreach,given
C-00034,PCV-1,2026-09-24,1,PC2609C,Outreach,given
C-00034,Rota-1,2026-09-24,1,RT2609C,Outreach,given
C-00035,BCG,2025-09-23,1,BC2509C,Fixed site,given
C-00035,OPV-0,2025-09-23,0,OP2509C,Fixed site,given
C-00035,Penta-1,2026-01-21,1,PT2601C,Fixed site,given
C-00035,OPV-1,2026-01-21,1,OP2601C,Fixed site,given
C-00035,PCV-1,2026-01-21,1,PC2601C,Fixed site,given
C-00035,Penta-2,2026-02-18,2,PT2602C,Fixed site,given
C-00035,OPV-2,2026-02-18,2,OP2602C,Fixed site,given
C-00035,PCV-2,2026-02-18,2,PC2602C,Fixed site,given
C-00035,Rota-2,2026-02-18,2,RT2602C,Fixed site,given
C-00035,Penta-3,2026-03-18,3,PT2603C,Fixed site,given
C-00035,OPV-3,2026-03-18,3,OP2603C,Fixed site,given
C-00035,PCV-3,2026-03-18,3,PC2603C,Fixed site,given
C-00035,Measles-1,2026-07-19,1,MR2607C,Fixed site,given
C-00035,Yellow Fever,2026-07-19,1,YF2607C,Fixed site,given
C-00036,BCG,2026-05-27,1,BC2605D,Fixed site,given
C-00037,BCG,2025-06-07,1,BC2506A,Fixed site,given
C-00037,Penta-1,2025-09-23,1,PT2509C,Fixed site,given
C-00037,OPV-1,2025-09-23,1,OP2509C,Fixed site,given
C-00037,PCV-1,2025-09-23,1,PC2509C,Fixed site,given
C-00037,Rota-1,2025-09-23,1,RT2509C,Fixed site,given
C-00037,Penta-2,2025-10-21,2,PT2510C,Outreach,given
C-00037,PCV-2,2025-10-21,2,PC2510C,Outreach,given
C-00037,Rota-2,2025-10-21,2,RT2510C,Outreach,given
C-00037,Penta-3,2025-11-18,3,PT2511C,Fixed site,given
C-00037,OPV-3,2025-11-18,3,OP2511C,Fixed site,given
C-00037,PCV-3,2025-11-18,3,PC2511C,Fixed site,given
C-00037,Measles-1,2026-02-27,1,MR2602D,Fixed site,given
C-00037,Yellow Fever,2026-02-27,1,YF2602D,Fixed site,given
C-00038,Penta-1,2024-09-22,1,PT2409C,Fixed site,given
C-00038,OPV-1,2024-09-22,1,OP2409C,Fixed site,given
C-00038,PCV-1,2024-09-22,1,PC2409C,Fixed site,given
C-00038,Rota-1,2024-09-22,1,RT2409C,Fixed site,given
C-00038,BCG,2024-09-27,1,BC2409D,Fixed site,given
C-00038,Measles-1,2025-11-28,1,MR2511D,Fixed site,given
C-00038,Yellow Fever,2025-11-28,1,YF2511D,Fixed site,given
C-00039,Penta-1,2026-04-20,1,PT2604C,Fixed site,given
C-00039,OPV-1,2026-04-20,1,OP2604C,Fixed site,given
C-00039,PCV-1,2026-04-20,1,PC2604C,Fixed site,given
C-00039,Rota-1,2026-04-20,1,RT2604C,Fixed site,given
C-00039,Penta-2,2026-05-18,2,PT2605C,Fixed site,given
C-00039,OPV-2,2026-05-18,2,OP2605C,Fixed site,given
C-00039,PCV-2,2026-05-18,2,PC2605C,Fixed site,given
C-00039,Rota-2,2026-05-18,2,RT2605C,Fixed site,given
C-00039,Penta-3,2026-06-15,3,PT2606B,Fixed site,given
C-00039,PCV-3,2026-06-15,3,PC2606B,Fixed site,given
C-00039,Measles-1,2026-09-24,1,MR2609C,Outreach,given
C-00039,Yellow Fever,2026-09-24,1,YF2609C,Outreach,given
C-00040,Penta-1,2025-12-11,1,PT2512B,Fixed site,given
C-00040,OPV-1,2025-12-11,1,OP2512B,Fixed site,given
C-00040,PCV-1,2025-12-11,1,PC2512B,Fixed site,given
C-00040,Rota-1,2025-12-11,1,RT2512B,Fixed site,given
C-00040,BCG,2025-12-22,1,BC2512C,Fixed site,given
C-00040,Penta-2,2026-01-10,2,PT2601B,Fixed site,given
C-00040,OPV-2,2026-01-10,2,OP2601B,Fixed site,given
C-00040,PCV-2,2026-01-10,2,PC2601B,Fixed site,given
C-00040,Rota-2,2026-01-10,2,RT2601B,Fixed site,given
C-00041,BCG,2024-10-24,1,BC2410C,Fixed site,given
C-00041,OPV-0,2024-10-24,0,OP2410C,Fixed site,given
C-00041,Penta-1,2025-05-10,1,PT2505B,Fixed site,given
C-00041,OPV-1,2025-05-10,1,OP2505B,Fixed site,given
C-00041,PCV-1,2025-05-10,1,PC2505B,Fixed site,given
C-00041,Rota-1,2025-05-10,1,RT2505B,Fixed site,given
C-00041,Penta-2,2025-06-07,2,PT2506A,Fixed site,given
C-00041,OPV-2,2025-06-07,2,OP2506A,Fixed site,given
C-00041,PCV-2,2025-06-07,2,PC2506A,Fixed site,given
C-00041,Rota-2,2025-06-07,2,RT2506A,Fixed site,given
C-00041,Measles-1,2025-07-20,1,MR2507C,Fixed site,given
C-00041,Penta-3,2025-09-20,3,PT2509C,Fixed site,given
C-00041,OPV-3,2025-09-20,3,OP2509C,Fixed site,given
C-00041,PCV-3,2025-09-20,3,PC2509C,Fixed site,given
C-00041,Measles-2,2026-05-04,2,MR2605A,Fixed site,given
C-00042,BCG,2026-05-13,1,BC2605B,Fixed site,given
C-00042,OPV-0,2026-05-13,0,OP2605B,Fixed site,given
C-00042,OPV-3,2026-09-24,3,OP2609C,Fixed site,given
C-00043,BCG,2026-01-05,1,BC2601A,Fixed site,given
C-00043,OPV-0,2026-01-05,0,OP2601A,Fixed site,given
C-00043,Penta-1,2026-02-16,1,PT2602B,Fixed site,given
C-00043,OPV-1,2026-02-16,1,OP2602B,Fixed site,given
C-00043,PCV-1,2026-02-16,1,PC2602B,Fixed site,given
C-00043,Rota-1,2026-02-16,1,RT2602B,Fixed site,given
C-00043,Penta-2,2026-03-16,2,PT2603B,Fixed site,given
C-00043,OPV-2,2026-03-16,2,OP2603B,Fixed site,given
C-00043,PCV-2,2026-03-16,2,PC2603B,Fixed site,given
C-00043,Rota-2,2026-03-16,2,RT2603B,Fixed site,given
C-00043,Penta-3,2026-04-13,3,PT2604B,Fixed site,given
C-00043,OPV-3,2026-04-13,3,OP2604B,Fixed site,given
C-00043,PCV-3,2026-04-13,3,PC2604B,Fixed site,given
C-00043,Measles-1,2026-09-15,1,MR2609B,Fixed site,given
C-00044,BCG,2025-09-16,1,BC2509B,Fixed site,given
C-00044,OPV-0,2025-09-16,0,OP2509B,Fixed site,given
C-00044,Penta-1,2025-11-26,1,PT2511D,Fixed site,given
C-00044,OPV-1,2025-11-26,1,OP2511D,Fixed site,given
C-00044,PCV-1,2025-11-26,1,PC2511D,Fixed site,given
C-00044,Rota-1,2025-11-26,1,RT2511D,Fixed site,given
C-00044,Penta-2,2026-07-01,2,PT2607A,Fixed site,given
C-00044,OPV-2,2026-07-01,2,OP2607A,Fixed site,given
C-00044,PCV-2,2026-07-01,2,PC2607A,Fixed site,given
C-00044,Rota-2,2026-07-01,2,RT2607A,Fixed site,given
C-00044,Penta-3,2026-07-29,3,PT2607D,Fixed site,given
C-00044,OPV-3,2026-07-29,3,OP2607D,Fixed site,given
C-00044,PCV-3,2026-07-29,3,PC2607D,Fixed site,given
C-00044,Measles-1,2026-09-24,1,MR2609C,Fixed site,given
C-00044,Yellow Fever,2026-09-24,1,YF2609C,Fixed site,given
C-00045,BCG,2026-03-29,1,BC2603D,Fixed site,given
C-00045,OPV-0,2026-03-29,0,OP2603D,Fixed site,given
C-00045,Penta-1,2026-05-17,1,PT2605C,Fixed site,given
C-00045,Rota-1,2026-05-17,1,RT2605C,Fixed site,given
C-00045,Penta-2,2026-07-17,2,PT2607C,Fixed site,given
C-00045,OPV-2,2026-07-17,2,OP2607C,Fixed site,given
C-00045,PCV-2,2026-07-17,2,PC2607C,Fixed site,given
C-00045,Rota-2,2026-07-17,2,RT2607C,Fixed site,given
C-00045,Penta-3,2026-09-24,3,PT2609C,Fixed site,given
C-00045,OPV-3,2026-09-24,3,OP2609C,Fixed site,given
C-00045,PCV-3,2026-09-24,3,PC2609C,Fixed site,given
C-00046,BCG,2026-04-02,1,BC2604A,Fixed site,given
C-00046,Penta-1,2026-04-15,1,PT2604B,Fixed site,given
C-00046,Penta-2,2026-05-13,2,PT2605B,Fixed site,given
C-00046,OPV-2,2026-05-13,2,OP2605B,Fixed site,given
C-00046,PCV-2,2026-05-13,2,PC2605B,Fixed site,given
C-00046,Rota-2,2026-05-13,2,RT2605B,Fixed site,given
C-00046,Penta-3,2026-06-13,3,PT2606B,Fixed site,given
C-00046,OPV-3,2026-06-13,3,OP2606B,Fixed site,given
C-00046,PCV-3,2026-06-13,3,PC2606B,Fixed site,given
C-00046,OPV-1,2026-09-03,1,OP2609A,Fixed site,given
C-00046,PCV-1,2026-09-03,1,PC2609A,Fixed site,given
C-00046,Rota-1,2026-09-03,1,RT2609A,Fixed site,given
C-00047,BCG,2026-07-04,1,BC2607A,Fixed site,given
C-00047,OPV-0,2026-07-04,0,OP2607A,Fixed site,given
C-00047,Penta-1,2026-08-10,1,PT2608B,Fixed site,given
C-00047,Penta-2,2026-09-07,2,PT2609A,Fixed site,given
C-00047,OPV-2,2026-09-07,2,OP2609A,Fixed site,given
C-00047,PCV-2,2026-09-07,2,PC2609A,Fixed site,given
C-00047,Rota-2,2026-09-07,2,RT2609A,Fixed site,given
C-00047,OPV-1,2026-09-24,1,OP2609C,Fixed site,given
C-00047,Rota-1,2026-09-24,1,RT2609C,Fixed site,given
C-00048,BCG,2026-01-22,1,BC2601C,Fixed site,given
C-00048,Penta-1,2026-04-04,1,PT2604A,Fixed site,given
C-00048,OPV-1,2026-04-04,1,OP2604A,Fixed site,given
C-00048,PCV-1,2026-04-04,1,PC2604A,Fixed site,given
C-00048,Rota-1,2026-04-04,1,RT2604A,Fixed site,given
C-00048,Penta-2,2026-05-02,2,PT2605A,Fixed site,given
C-00048,OPV-2,2026-05-02,2,OP2605A,Fixed site,given
C-00048,PCV-2,2026-05-02,2,PC2605A,Fixed site,given
C-00048,Rota-2,2026-05-02,2,RT2605A,Fixed site,given
C-00048,Penta-3,2026-08-01,3,PT2608A,Fixed site,given
C-00048,OPV-3,2026-08-01,3,OP2608A,Fixed site,given
C-00048,PCV-3,2026-08-01,3,PC2608A,Fixed site,given
C-00049,BCG,2025-06-30,1,BC2506D,Fixed site,given
C-00049,Penta-1,2025-08-04,1,PT2508A,Fixed site,given
C-00049,OPV-1,2025-08-04,1,OP2508A,Fixed site,given
C-00049,PCV-1,2025-08-04,1,PC2508A,Fixed site,given
C-00049,Rota-1,2025-08-04,1,RT2508A,Fixed site,given
C-00049,Penta-2,2025-10-04,2,PT2510A,Fixed site,given
C-00049,OPV-2,2025-10-04,2,OP2510A,Fixed site,given
C-00049,Rota-2,2025-10-04,2,RT2510A,Fixed site,given
C-00049,Penta-3,2025-11-01,3,PT2511A,Fixed site,given
C-00049,OPV-3,2025-11-01,3,OP2511A,Fixed site,given
C-00049,PCV-3,2025-11-01,3,PC2511A,Fixed site,given
C-00049,Measles-1,2026-03-09,1,MR2603B,Fixed site,given
C-00049,Yellow Fever,2026-03-09,1,YF2603B,Fixed site,given
C-00050,BCG,2026-09-23,1,BC2609C,Fixed site,given
C-00051,BCG,2025-07-11,1,BC2507B,Fixed site,given
C-00051,Penta-1,2026-02-12,1,PT2602B,Fixed site,given
C-00051,OPV-1,2026-02-12,1,OP2602B,Fixed site,given
C-00051,PCV-1,2026-02-12,1,PC2602B,Fixed site,given
C-00051,Rota-1,2026-02-12,1,RT2602B,Fixed site,given
C-00051,Penta-2,2026-03-12,2,PT2603B,Fixed site,given
C-00051,OPV-2,2026-03-12,2,OP2603B,Fixed site,given
C-00051,PCV-2,2026-03-12,2,PC2603B,Fixed site,given
C-00051,Rota-2,2026-03-12,2,RT2603B,Fixed site,given
C-00051,Penta-3,2026-04-09,3,PT2604B,Fixed site,given
C-00051,OPV-3,2026-04-09,3,OP2604B,Fixed site,given
C-00051,PCV-3,2026-04-09,3,PC2604B,Fixed site,given
C-00051,Measles-1,2026-05-12,1,MR2605B,Fixed site,given
C-00051,Yellow Fever,2026-05-12,1,YF2605B,Fixed site,given
C-00052,BCG,2024-11-29,1,BC2411D,Fixed site,given
C-00052,OPV-0,2024-11-29,0,OP2411D,Fixed site,given
C-00052,Penta-1,2025-02-24,1,PT2502C,Fixed site,given
C-00052,OPV-1,2025-02-24,1,OP2502C,Fixed site,given
C-00052,PCV-1,2025-02-24,1,PC2502C,Fixed site,given
C-00052,Rota-1,2025-02-24,1,RT2502C,Fixed site,given
C-00052,Penta-2,2025-04-01,2,PT2504A,Fixed site,given
C-00052,OPV-2,2025-04-01,2,OP2504A,Fixed site,given
C-00052,PCV-2,2025-04-01,2,PC2504A,Fixed site,given
C-00052,Rota-2,2025-04-01,2,RT2504A,Fixed site,given
C-00052,Penta-3,2025-04-29,3,PT2504D,Fixed site,given
C-00052,OPV-3,2025-04-29,3,OP2504D,Fixed site,given
C-00052,PCV-3,2025-04-29,3,PC2504D,Fixed site,given
C-00052,Measles-1,2026-04-12,1,MR2604B,Fixed site,given
C-00052,Measles-2,2026-05-15,2,MR2605B,Fixed site,given
C-00053,BCG,2025-06-25,1,BC2506D,Fixed site,given
C-00053,OPV-0,2025-06-25,0,OP2506D,Fixed site,given
C-00053,Penta-1,2025-09-22,1,PT2509C,Fixed site,given
C-00053,OPV-1,2025-09-22,1,OP2509C,Fixed site,given
C-00053,PCV-1,2025-09-22,1,PC2509C,Fixed site,given
C-00053,Rota-1,2025-09-22,1,RT2509C,Fixed site,given
C-00053,Penta-2,2025-12-11,2,PT2512B,Fixed site,given
C-00053,OPV-2,2025-12-11,2,OP2512B,Fixed site,given
C-00053,PCV-2,2025-12-11,2,PC2512B,Fixed site,given
C-00053,Rota-2,2025-12-11,2,RT2512B,Fixed site,given
C-00053,Penta-3,2026-01-08,3,PT2601A,Fixed site,given
C-00053,OPV-3,2026-01-08,3,OP2601A,Fixed site,given
C-00053,PCV-3,2026-01-08,3,PC2601A,Fixed site,given
C-00054,BCG,2025-04-14,1,BC2504B,Fixed site,given
C-00054,Penta-1,2025-07-04,1,PT2507A,Fixed site,given
C-00054,OPV-1,2025-07-04,1,OP2507A,Fixed site,given
C-00054,PCV-1,2025-07-04,1,PC2507A,Fixed site,given
C-00054,Rota-1,2025-07-04,1,RT2507A,Fixed site,given
C-00054,Penta-2,2025-08-01,2,PT2508A,Fixed site,given
C-00054,OPV-2,2025-08-01,2,OP2508A,Fixed site,given
C-00054,PCV-2,2025-08-01,2,PC2508A,Fixed site,given
C-00054,Rota-2,2025-08-01,2,RT2508A,Fixed site,given
C-00054,Penta-3,2025-08-29,3,PT2508D,Fixed site,given
C-00054,OPV-3,2025-08-29,3,OP2508D,Fixed site,given
C-00054,PCV-3,2025-08-29,3,PC2508D,Fixed site,given
C-00054,Measles-1,2026-05-23,1,MR2605C,Fixed site,given
C-00054,Yellow Fever,2026-05-23,1,YF2605C,Fixed site,given
C-00054,Measles-2,2026-09-24,2,MR2609C,Fixed site,given
C-00055,BCG,2025-04-17,1,BC2504C,Fixed site,given
C-00055,Penta-1,2025-09-29,1,PT2509D,Fixed site,given
C-00055,OPV-1,2025-09-29,1,OP2509D,Fixed site,given
C-00055,PCV-1,2025-09-29,1,PC2509D,Fixed site,given
C-00055,Rota-1,2025-09-29,1,RT2509D,Fixed site,given
C-00055,Penta-2,2025-10-27,2,PT2510D,Fixed site,given
C-00055,OPV-2,2025-10-27,2,OP2510D,Fixed site,given
C-00055,PCV-2,2025-10-27,2,PC2510D,Fixed site,given
C-00055,Rota-2,2025-10-27,2,RT2510D,Fixed site,given
C-00055,Penta-3,2025-11-24,3,PT2511C,Fixed site,given
C-00055,OPV-3,2025-11-24,3,OP2511C,Fixed site,given
C-00055,PCV-3,2025-11-24,3,PC2511C,Fixed site,given
C-00055,Measles-1,2026-04-24,1,MR2604C,Fixed site,given
C-00055,Yellow Fever,2026-04-24,1,YF2604C,Fixed site,given
C-00056,Penta-1,2026-04-21,1,PT2604C,Outreach,given
C-00056,OPV-1,2026-04-21,1,OP2604C,Outreach,given
C-00056,PCV-1,2026-04-21,1,PC2604C,Outreach,given
C-00056,Rota-1,2026-04-21,1,RT2604C,Outreach,given
C-00056,Penta-2,2026-05-19,2,PT2605C,Fixed site,given
C-00056,PCV-2,2026-05-19,2,PC2605C,Fixed site,given
C-00056,Rota-2,2026-05-19,2,RT2605C,Fixed site,given
C-00056,Penta-3,2026-06-16,3,PT2606B,Fixed site,given
C-00056,OPV-3,2026-06-16,3,OP2606B,Fixed site,given
C-00056,PCV-3,2026-06-16,3,PC2606B,Fixed site,given
C-00056,Measles-1,2026-09-24,1,MR2609C,Outreach,given
C-00056,Yellow Fever,2026-09-24,1,YF2609C,Outreach,given
C-00057,BCG,2024-04-10,1,BC2404B,Fixed site,given
C-00057,OPV-0,2024-04-10,0,OP2404B,Fixed site,given
C-00057,Penta-1,2024-09-23,1,PT2409C,Fixed site,given
C-00057,OPV-1,2024-09-23,1,OP2409C,Fixed site,given
C-00057,PCV-1,2024-09-23,1,PC2409C,Fixed site,given
C-00057,Rota-1,2024-09-23,1,RT2409C,Fixed site,given
C-00057,Penta-2,2024-10-21,2,PT2410C,Fixed site,given
C-00057,OPV-2,2024-10-21,2,OP2410C,Fixed site,given
C-00057,PCV-2,2024-10-21,2,PC2410C,Fixed site,given
C-00057,Rota-2,2024-10-21,2,RT2410C,Fixed site,given
C-00057,Penta-3,2024-11-18,3,PT2411C,Fixed site,given
C-00057,OPV-3,2024-11-18,3,OP2411C,Fixed site,given
C-00057,PCV-3,2024-11-18,3,PC2411C,Fixed site,given
C-00057,Measles-1,2025-03-17,1,MR2503C,Fixed site,given
C-00057,Yellow Fever,2025-03-17,1,YF2503C,Fixed site,given
C-00057,Measles-2,2025-11-23,2,MR2511C,Fixed site,given
C-00058,BCG,2026-08-17,1,BC2608C,Outreach,given
C-00059,BCG,2025-01-24,1,BC2501C,Fixed site,given
C-00059,OPV-0,2025-01-24,0,OP2501C,Fixed site,given
C-00059,Penta-1,2025-03-30,1,PT2503D,Fixed site,given
C-00059,OPV-1,2025-03-30,1,OP2503D,Fixed site,given
C-00059,PCV-1,2025-03-30,1,PC2503D,Fixed site,given
C-00059,Rota-1,2025-03-30,1,RT2503D,Fixed site,given
C-00059,Penta-2,2025-04-27,2,PT2504D,Outreach,given
C-00059,OPV-2,2025-04-27,2,OP2504D,Outreach,given
C-00059,PCV-2,2025-04-27,2,PC2504D,Outreach,given
C-00059,Rota-2,2025-04-27,2,RT2504D,Outreach,given
C-00059,Penta-3,2025-05-25,3,PT2505D,Fixed site,given
C-00059,PCV-3,2025-05-25,3,PC2505D,Fixed site,given
C-00059,Measles-1,2025-10-22,1,MR2510C,Fixed site,given
C-00059,Yellow Fever,2025-10-22,1,YF2510C,Fixed site,given
C-00059,Measles-2,2026-08-01,2,MR2608A,Fixed site,given
C-00060,BCG,2026-01-17,1,BC2601C,Fixed site,given
C-00060,OPV-0,2026-01-17,0,OP2601C,Fixed site,given
C-00060,Penta-1,2026-02-19,1,PT2602C,Fixed site,given
C-00060,Penta-2,2026-03-19,2,PT2603C,Fixed site,given
C-00060,PCV-2,2026-03-19,2,PC2603C,Fixed site,given
C-00060,Rota-2,2026-03-19,2,RT2603C,Fixed site,given
C-00060,Penta-3,2026-04-29,3,PT2604D,Fixed site,given
C-00060,OPV-3,2026-04-29,3,OP2604D,Fixed site,given
C-00060,PCV-3,2026-04-29,3,PC2604D,Fixed site,given
C-00060,OPV-1,2026-09-24,1,OP2609C,Fixed site,given
C-00060,PCV-1,2026-09-24,1,PC2609C,Fixed site,given
C-00060,Rota-1,2026-09-24,1,RT2609C,Fixed site,given
C-00060,Measles-1,2026-09-24,1,MR2609C,Fixed site,given
C-00060,Yellow Fever,2026-09-24,1,YF2609C,Fixed site,given
C-00061,BCG,2026-03-03,1,BC2603A,Fixed site,given
C-00061,OPV-0,2026-03-03,0,OP2603A,Fixed site,given
C-00061,Penta-1,2026-05-11,1,PT2605B,Fixed site,given
C-00061,OPV-1,2026-05-11,1,OP2605B,Fixed site,given
C-00061,PCV-1,2026-05-11,1,PC2605B,Fixed site,given
C-00061,Rota-1,2026-05-11,1,RT2605B,Fixed site,given
C-00062,BCG,2026-07-28,1,BC2607D,Fixed site,given
C-00062,Penta-1,2026-09-24,1,PT2609C,Fixed site,given
C-00062,PCV-1,2026-09-24,1,PC2609C,Fixed site,given
C-00062,Rota-1,2026-09-24,1,RT2609C,Fixed site,given
C-00063,BCG,2025-05-22,1,BC2505C,Fixed site,given
C-00063,OPV-0,2025-05-22,0,OP2505C,Fixed site,given
C-00063,Penta-1,2025-08-07,1,PT2508A,Fixed site,given
C-00063,OPV-1,2025-08-07,1,OP2508A,Fixed site,given
C-00063,PCV-1,2025-08-07,1,PC2508A,Fixed site,given
C-00063,Rota-1,2025-08-07,1,RT2508A,Fixed site,given
C-00063,Penta-2,2025-09-13,2,PT2509B,Fixed site,given
C-00063,OPV-2,2025-09-13,2,OP2509B,Fixed site,given
C-00063,PCV-2,2025-09-13,2,PC2509B,Fixed site,given
C-00063,Rota-2,2025-09-13,2,RT2509B,Fixed site,given
C-00063,Penta-3,2025-10-11,3,PT2510B,Fixed site,given
C-00063,OPV-3,2025-10-11,3,OP2510B,Fixed site,given
C-00063,PCV-3,2025-10-11,3,PC2510B,Fixed site,given
C-00063,Measles-1,2026-09-24,1,MR2609C,Fixed site,given
C-00064,BCG,2026-08-18,1,BC2608C,Fixed site,given
C-00064,OPV-0,2026-08-18,0,OP2608C,Fixed site,given
C-00064,Penta-1,2026-09-24,1,PT2609C,Fixed site,given
C-00064,OPV-1,2026-09-24,1,OP2609C,Fixed site,given
C-00064,PCV-1,2026-09-24,1,PC2609C,Fixed site,given
C-00064,Rota-1,2026-09-24,1,RT2609C,Fixed site,given
C-00065,BCG,2025-09-11,1,BC2509B,Outreach,given
C-00065,OPV-0,2025-09-11,0,OP2509B,Outreach,given
C-00065,Penta-1,2026-01-19,1,PT2601C,Fixed site,given
C-00065,OPV-1,2026-01-19,1,OP2601C,Fixed site,given
C-00065,PCV-1,2026-01-19,1,PC2601C,Fixed site,given
C-00065,Rota-1,2026-01-19,1,RT2601C,Fixed site,given
C-00065,Penta-2,2026-02-16,2,PT2602B,Fixed site,given
C-00065,OPV-2,2026-02-16,2,OP2602B,Fixed site,given
C-00065,PCV-2,2026-02-16,2,PC2602B,Fixed site,given
C-00065,Rota-2,2026-02-16,2,RT2602B,Fixed site,given
C-00065,Penta-3,2026-03-16,3,PT2603B,Fixed site,given
C-00065,OPV-3,2026-03-16,3,OP2603B,Fixed site,given
C-00065,PCV-3,2026-03-16,3,PC2603B,Fixed site,given
C-00065,Measles-1,2026-06-09,1,MR2606B,Fixed site,given
C-00066,BCG,2025-02-04,1,BC2502A,Fixed site,given
C-00066,OPV-0,2025-02-04,0,OP2502A,Fixed site,given
C-00066,Measles-1,2026-03-21,1,MR2603C,Fixed site,given
C-00067,BCG,2025-12-01,1,BC2512A,Fixed site,given
C-00067,Penta-1,2026-01-28,1,PT2601D,Fixed site,given
C-00067,OPV-1,2026-01-28,1,OP2601D,Fixed site,given
C-00067,PCV-1,2026-01-28,1,PC2601D,Fixed site,given
C-00067,Rota-1,2026-01-28,1,RT2601D,Fixed site,given
C-00067,Penta-2,2026-03-27,2,PT2603D,Fixed site,given
C-00067,OPV-2,2026-03-27,2,OP2603D,Fixed site,given
C-00067,PCV-2,2026-03-27,2,PC2603D,Fixed site,given
C-00067,Rota-2,2026-03-27,2,RT2603D,Fixed site,given
C-00067,Penta-3,2026-06-16,3,PT2606B,Fixed site,given
C-00067,OPV-3,2026-06-16,3,OP2606B,Fixed site,given
C-00067,PCV-3,2026-06-16,3,PC2606B,Fixed site,given
C-00067,Measles-1,2026-09-24,1,MR2609C,Fixed site,given
C-00067,Yellow Fever,2026-09-24,1,YF2609C,Fixed site,given
C-00068,BCG,2025-05-19,1,BC2505C,Fixed site,given
C-00068,Penta-1,2025-07-02,1,PT2507A,Outreach,given
C-00068,OPV-1,2025-07-02,1,OP2507A,Outreach,given
C-00068,PCV-1,2025-07-02,1,PC2507A,Outreach,given
C-00068,Rota-1,2025-07-02,1,RT2507A,Outreach,given
C-00068,Penta-2,2025-07-30,2,PT2507D,Fixed site,given
C-00068,OPV-2,2025-07-30,2,OP2507D,Fixed site,given
C-00068,PCV-2,2025-07-30,2,PC2507D,Fixed site,given
C-00068,Rota-2,2025-07-30,2,RT2507D,Fixed site,given
C-00068,Penta-3,2025-11-14,3,PT2511B,Fixed site,given
C-00068,OPV-3,2025-11-14,3,OP2511B,Fixed site,given
C-00068,PCV-3,2025-11-14,3,PC2511B,Fixed site,given
C-00068,Measles-1,2026-09-11,1,MR2609B,Outreach,given
C-00068,Yellow Fever,2026-09-11,1,YF2609B,Outreach,given
C-00069,BCG,2024-04-03,1,BC2404A,Fixed site,given
C-00069,Penta-1,2024-04-29,1,PT2404D,Fixed site,given
C-00069,OPV-1,2024-04-29,1,OP2404D,Fixed site,given
C-00069,PCV-1,2024-04-29,1,PC2404D,Fixed site,given
C-00069,Rota-1,2024-04-29,1,RT2404D,Fixed site,given
C-00069,Penta-2,2024-05-27,2,PT2405D,Fixed site,given
C-00069,OPV-2,2024-05-27,2,OP2405D,Fixed site,given
C-00069,PCV-2,2024-05-27,2,PC2405D,Fixed site,given
C-00069,Rota-2,2024-05-27,2,RT2405D,Fixed site,given
C-00069,Penta-3,2024-07-20,3,PT2407C,Fixed site,given
C-00069,OPV-3,2024-07-20,3,OP2407C,Fixed site,given
C-00069,PCV-3,2024-07-20,3,PC2407C,Fixed site,given
C-00069,Measles-1,2024-12-27,1,MR2412D,Fixed site,given
C-00069,Yellow Fever,2024-12-27,1,YF2412D,Fixed site,given
C-00070,BCG,2025-11-11,1,BC2511B,Outreach,given
C-00070,Penta-1,2026-04-04,1,PT2604A,Fixed site,given
C-00070,PCV-1,2026-04-04,1,PC2604A,Fixed site,given
C-00070,Penta-2,2026-05-02,2,PT2605A,Fixed site,given
C-00070,OPV-2,2026-05-02,2,OP2605A,Fixed site,given
C-00070,PCV-2,2026-05-02,2,PC2605A,Fixed site,given
C-00070,Rota-2,2026-05-02,2,RT2605A,Fixed site,given
C-00070,Measles-1,2026-08-28,1,MR2608D,Fixed site,given
C-00070,Yellow Fever,2026-08-28,1,YF2608D,Fixed site,given
C-00070,Penta-3,2026-09-12,3,PT2609B,Fixed site,given
C-00070,OPV-3,2026-09-12,3,OP2609B,Fixed site,given
C-00071,Measles-1,2025-11-09,1,MR2511B,Fixed site,given
C-00071,Yellow Fever,2025-11-09,1,YF2511B,Fixed site,given
C-00072,Penta-1,2024-12-19,1,PT2412C,Fixed site,given
C-00072,OPV-1,2024-12-19,1,OP2412C,Fixed site,given
C-00072,PCV-1,2024-12-19,1,PC2412C,Fixed site,given
C-00072,Rota-1,2024-12-19,1,RT2412C,Fixed site,given
C-00072,BCG,2025-01-27,1,BC2501D,Fixed site,given
C-00073,BCG,2026-08-26,1,BC2608D,Fixed site,given
C-00073,Penta-1,2026-09-24,1,PT2609C,Outreach,given
C-00073,OPV-1,2026-09-24,1,OP2609C,Outreach,given
C-00073,PCV-1,2026-09-24,1,PC2609C,Outreach,given
C-00073,Rota-1,2026-09-24,1,RT2609C,Outreach,given
C-00074,BCG,2024-12-10,1,BC2412B,Fixed site,given
C-00074,Penta-1,2025-04-20,1,PT2504C,Fixed site,given
C-00074,OPV-1,2025-04-20,1,OP2504C,Fixed site,given
C-00074,PCV-1,2025-04-20,1,PC2504C,Fixed site,given
C-00074,Rota-1,2025-04-20,1,RT2504C,Fixed site,given
C-00074,Penta-2,2025-08-16,2,PT2508B,Fixed site,given
C-00074,OPV-2,2025-08-16,2,OP2508B,Fixed site,given
C-00074,PCV-2,2025-08-16,2,PC2508B,Fixed site,given
C-00074,Rota-2,2025-08-16,2,RT2508B,Fixed site,given
C-00074,Penta-3,2025-09-13,3,PT2509B,Fixed site,given
C-00074,OPV-3,2025-09-13,3,OP2509B,Fixed site,given
C-00074,PCV-3,2025-09-13,3,PC2509B,Fixed site,given
C-00074,Measles-1,2026-03-07,1,MR2603A,Fixed site,given
C-00075,BCG,2026-04-29,1,BC2604D,Fixed site,given
C-00075,OPV-0,2026-04-29,0,OP2604D,Fixed site,given
C-00075,Penta-1,2026-06-23,1,PT2606C,Fixed site,given
C-00075,OPV-1,2026-06-23,1,OP2606C,Fixed site,given
C-00075,PCV-1,2026-06-23,1,PC2606C,Fixed site,given
C-00075,Rota-1,2026-06-23,1,RT2606C,Fixed site,given
C-00075,OPV-3,2026-09-06,3,OP2609A,Fixed site,given
C-00075,Penta-2,2026-09-24,2,PT2609C,Fixed site,given
C-00075,OPV-2,2026-09-24,2,OP2609C,Fixed site,given
C-00075,PCV-2,2026-09-24,2,PC2609C,Fixed site,given
C-00075,Rota-2,2026-09-24,2,RT2609C,Fixed site,given
C-00076,BCG,2024-12-09,1,BC2412B,Fixed site,given
C-00076,Penta-1,2025-08-24,1,PT2508C,Fixed site,given
C-00076,OPV-1,2025-08-24,1,OP2508C,Fixed site,given
C-00076,PCV-1,2025-08-24,1,PC2508C,Fixed site,given
C-00076,Rota-1,2025-08-24,1,RT2508C,Fixed site,given
C-00076,Penta-2,2025-09-21,2,PT2509C,Fixed site,given
C-00076,OPV-2,2025-09-21,2,OP2509C,Fixed site,given
C-00076,PCV-2,2025-09-21,2,PC2509C,Fixed site,given
C-00076,Rota-2,2025-09-21,2,RT2509C,Fixed site,given
C-00076,Penta-3,2025-10-19,3,PT2510C,Fixed site,given
C-00076,OPV-3,2025-10-19,3,OP2510C,Fixed site,given
C-00076,PCV-3,2025-10-19,3,PC2510C,Fixed site,given
C-00076,Measles-1,2025-12-12,1,MR2512B,Fixed site,given
C-00077,BCG,2026-09-24,1,BC2609C,Fixed site,given
C-00078,Penta-1,2026-06-28,1,PT2606D,Fixed site,given
C-00078,PCV-1,2026-06-28,1,PC2606D,Fixed site,given
C-00078,Rota-1,2026-06-28,1,RT2606D,Fixed site,given
C-00078,BCG,2026-07-29,1,BC2607D,Fixed site,given
C-00078,Penta-2,2026-09-24,2,PT2609C,Fixed site,given
C-00078,OPV-2,2026-09-24,2,OP2609C,Fixed site,given
C-00078,PCV-2,2026-09-24,2,PC2609C,Fixed site,given
C-00078,Rota-2,2026-09-24,2,RT2609C,Fixed site,given
C-00079,BCG,2026-06-10,1,BC2606B,Fixed site,given
C-00079,OPV-0,2026-06-10,0,OP2606B,Fixed site,given
C-00079,Penta-1,2026-07-14,1,PT2607B,Fixed site,given
C-00079,Penta-2,2026-08-11,2,PT2608B,Fixed site,given
C-00079,OPV-2,2026-08-11,2,OP2608B,Fixed site,given
C-00079,PCV-2,2026-08-11,2,PC2608B,Fixed site,given
C-00079,Rota-2,2026-08-11,2,RT2608B,Fixed site,given
C-00079,OPV-1,2026-09-24,1,OP2609C,Fixed site,given
C-00079,PCV-1,2026-09-24,1,PC2609C,Fixed site,given
C-00079,Rota-1,2026-09-24,1,RT2609C,Fixed site,given
C-00079,OPV-3,2026-09-24,3,OP2609C,Fixed site,given
C-00080,BCG,2025-05-23,1,BC2505C,Fixed site,given
C-00080,OPV-0,2025-05-23,0,OP2505C,Fixed site,given
C-00080,Penta-1,2025-07-13,1,PT2507B,Fixed site,given
C-00080,OPV-1,2025-07-13,1,OP2507B,Fixed site,given
C-00080,PCV-1,2025-07-13,1,PC2507B,Fixed site,given
C-00080,Rota-1,2025-07-13,1,RT2507B,Fixed site,given
C-00080,Penta-2,2025-09-25,2,PT2509D,Fixed site,given
C-00080,OPV-2,2025-09-25,2,OP2509D,Fixed site,given
C-00080,PCV-2,2025-09-25,2,PC2509D,Fixed site,given
C-00080,Rota-2,2025-09-25,2,RT2509D,Fixed site,given
C-00080,Penta-3,2025-10-23,3,PT2510C,Fixed site,given
C-00080,OPV-3,2025-10-23,3,OP2510C,Fixed site,given
C-00080,PCV-3,2025-10-23,3,PC2510C,Fixed site,given
C-00081,BCG,2024-12-26,1,BC2412D,Fixed site,given
C-00081,OPV-0,2024-12-26,0,OP2412D,Fixed site,given
C-00081,Penta-1,2025-04-14,1,PT2504B,Fixed site,given
C-00081,OPV-1,2025-04-14,1,OP2504B,Fixed site,given
C-00081,PCV-1,2025-04-14,1,PC2504B,Fixed site,given
C-00081,Rota-1,2025-04-14,1,RT2504B,Fixed site,given
C-00081,Penta-2,2025-05-12,2,PT2505B,Fixed site,given
C-00081,OPV-2,2025-05-12,2,OP2505B,Fixed site,given
C-00081,PCV-2,2025-05-12,2,PC2505B,Fixed site,given
C-00081,Penta-3,2025-07-29,3,PT2507D,Fixed site,given
C-00081,OPV-3,2025-07-29,3,OP2507D,Fixed site,given
C-00081,PCV-3,2025-07-29,3,PC2507D,Fixed site,given
C-00081,Measles-1,2025-11-15,1,MR2511B,Fixed site,given
C-00081,Yellow Fever,2025-11-15,1,YF2511B,Fixed site,given
C-00082,BCG,2024-05-31,1,BC2405D,Fixed site,given
C-00082,Penta-1,2024-07-22,1,PT2407C,Fixed site,given
C-00082,OPV-1,2024-07-22,1,OP2407C,Fixed site,given
C-00082,PCV-1,2024-07-22,1,PC2407C,Fixed site,given
C-00082,Rota-1,2024-07-22,1,RT2407C,Fixed site,given
C-00082,Penta-2,2024-08-19,2,PT2408C,Fixed site,given
C-00082,OPV-2,2024-08-19,2,OP2408C,Fixed site,given
C-00082,PCV-2,2024-08-19,2,PC2408C,Fixed site,given
C-00082,Rota-2,2024-08-19,2,RT2408C,Fixed site,given
C-00082,Penta-3,2024-09-16,3,PT2409B,Fixed site,given
C-00082,OPV-3,2024-09-16,3,OP2409B,Fixed site,given
C-00082,PCV-3,2024-09-16,3,PC2409B,Fixed site,given
C-00082,Measles-1,2025-04-23,1,MR2504C,Fixed site,given
C-00083,Penta-1,2026-03-20,1,PT2603C,Fixed site,given
C-00083,OPV-1,2026-03-20,1,OP2603C,Fixed site,given
C-00083,PCV-1,2026-03-20,1,PC2603C,Fixed site,given
C-00083,Rota-1,2026-03-20,1,RT2603C,Fixed site,given
C-00083,BCG,2026-04-14,1,BC2604B,Fixed site,given
C-00083,Penta-2,2026-04-17,2,PT2604C,Fixed site,given
C-00083,OPV-2,2026-04-17,2,OP2604C,Fixed site,given
C-00083,PCV-2,2026-04-17,2,PC2604C,Fixed site,given
C-00083,Rota-2,2026-04-17,2,RT2604C,Fixed site,given
C-00083,Penta-3,2026-07-09,3,PT2607B,Fixed site,given
C-00083,OPV-3,2026-07-09,3,OP2607B,Fixed site,given
C-00083,PCV-3,2026-07-09,3,PC2607B,Fixed site,given
C-00083,Measles-1,2026-09-24,1,MR2609C,Fixed site,given
C-00084,BCG,2026-04-25,1,BC2604D,Fixed site,given
C-00084,OPV-0,2026-04-25,0,OP2604D,Fixed site,given
C-00084,Penta-1,2026-06-09,1,PT2606B,Fixed site,given
C-00084,OPV-1,2026-06-09,1,OP2606B,Fixed site,given
C-00084,PCV-1,2026-06-09,1,PC2606B,Fixed site,given
C-00084,Rota-1,2026-06-09,1,RT2606B,Fixed site,given
C-00084,Penta-2,2026-08-09,2,PT2608B,Fixed site,given
C-00084,OPV-2,2026-08-09,2,OP2608B,Fixed site,given
C-00084,PCV-2,2026-08-09,2,PC2608B,Fixed site,given
C-00084,Rota-2,2026-08-09,2,RT2608B,Fixed site,given
C-00084,Penta-3,2026-09-21,3,PT2609C,Fixed site,given
C-00084,OPV-3,2026-09-21,3,OP2609C,Fixed site,given
C-00084,PCV-3,2026-09-21,3,PC2609C,Fixed site,given
C-00085,BCG,2024-08-01,1,BC2408A,Fixed site,given
C-00085,OPV-0,2024-08-01,0,OP2408A,Fixed site,given
C-00085,Penta-1,2024-10-09,1,PT2410B,Fixed site,given
C-00085,OPV-1,2024-10-09,1,OP2410B,Fixed site,given
C-00085,PCV-1,2024-10-09,1,PC2410B,Fixed site,given
C-00085,Rota-1,2024-10-09,1,RT2410B,Fixed site,given
C-00085,Penta-2,2025-05-07,2,PT2505A,Fixed site,given
C-00085,OPV-2,2025-05-07,2,OP2505A,Fixed site,given
C-00085,PCV-2,2025-05-07,2,PC2505A,Fixed site,given
C-00085,Rota-2,2025-05-07,2,RT2505A,Fixed site,given
C-00085,Measles-1,2025-05-16,1,MR2505B,Fixed site,given
C-00085,Yellow Fever,2025-05-16,1,YF2505B,Fixed site,given
C-00085,Penta-3,2025-06-04,3,PT2506A,Fixed site,given
C-00085,OPV-3,2025-06-04,3,OP2506A,Fixed site,given
C-00085,PCV-3,2025-06-04,3,PC2506A,Fixed site,given
C-00086,BCG,2026-01-12,1,BC2601B,Fixed site,given
C-00086,Penta-1,2026-01-21,1,PT2601C,Fixed site,given
C-00086,OPV-1,2026-01-21,1,OP2601C,Fixed site,given
C-00086,PCV-1,2026-01-21,1,PC2601C,Fixed site,given
C-00086,Penta-2,2026-04-09,2,PT2604B,Fixed site,given
C-00086,OPV-2,2026-04-09,2,OP2604B,Fixed site,given
C-00086,PCV-2,2026-04-09,2,PC2604B,Fixed site,given
C-00086,Rota-2,2026-04-09,2,RT2604B,Fixed site,given
C-00086,Penta-3,2026-06-27,3,PT2606D,Outreach,given
C-00086,OPV-3,2026-06-27,3,OP2606D,Outreach,given
C-00086,PCV-3,2026-06-27,3,PC2606D,Outreach,given
C-00086,Measles-1,2026-09-07,1,MR2609A,Fixed site,given
C-00086,Yellow Fever,2026-09-07,1,YF2609A,Fixed site,given
C-00087,BCG,2026-03-13,1,BC2603B,Fixed site,given
C-00087,Penta-1,2026-05-31,1,PT2605D,Fixed site,given
C-00087,OPV-1,2026-05-31,1,OP2605D,Fixed site,given
C-00087,PCV-1,2026-05-31,1,PC2605D,Fixed site,given
C-00087,Rota-1,2026-05-31,1,RT2605D,Fixed site,given
C-00087,Penta-2,2026-06-28,2,PT2606D,Fixed site,given
C-00087,OPV-2,2026-06-28,2,OP2606D,Fixed site,given
C-00087,PCV-2,2026-06-28,2,PC2606D,Fixed site,given
C-00087,Rota-2,2026-06-28,2,RT2606D,Fixed site,given
C-00088,BCG,2025-03-17,1,BC2503C,Fixed site,given
C-00088,Penta-1,2025-05-05,1,PT2505A,Fixed site,given
C-00088,OPV-1,2025-05-05,1,OP2505A,Fixed site,given
C-00088,PCV-1,2025-05-05,1,PC2505A,Fixed site,given
C-00088,Penta-2,2025-06-02,2,PT2506A,Fixed site,given
C-00088,PCV-2,2025-06-02,2,PC2506A,Fixed site,given
C-00088,Rota-2,2025-06-02,2,RT2506A,Fixed site,given
C-00088,Penta-3,2025-07-25,3,PT2507D,Fixed site,given
C-00088,OPV-3,2025-07-25,3,OP2507D,Fixed site,given
C-00088,PCV-3,2025-07-25,3,PC2507D,Fixed site,given
C-00088,Measles-1,2026-04-20,1,MR2604C,Fixed site,given
C-00088,Yellow Fever,2026-04-20,1,YF2604C,Fixed site,given
C-00089,BCG,2024-07-30,1,BC2407D,Outreach,given
C-00089,Penta-1,2024-08-11,1,PT2408B,Fixed site,given
C-00089,OPV-1,2024-08-11,1,OP2408B,Fixed site,given
C-00089,PCV-1,2024-08-11,1,PC2408B,Fixed site,given
C-00089,Rota-1,2024-08-11,1,RT2408B,Fixed site,given
C-00089,Penta-2,2024-09-08,2,PT2409A,Fixed site,given
C-00089,PCV-2,2024-09-08,2,PC2409A,Fixed site,given
C-00089,Rota-2,2024-09-08,2,RT2409A,Fixed site,given
C-00089,Penta-3,2024-12-31,3,PT2412D,Fixed site,given
C-00089,OPV-3,2024-12-31,3,OP2412D,Fixed site,given
C-00089,PCV-3,2024-12-31,3,PC2412D,Fixed site,given
C-00089,Measles-1,2025-02-17,1,MR2502C,Fixed site,given
C-00089,Yellow Fever,2025-02-17,1,YF2502C,Fixed site,given
C-00091,Penta-1,2025-09-24,1,PT2509C,Fixed site,given
C-00091,OPV-1,2025-09-24,1,OP2509C,Fixed site,given
C-00091,PCV-1,2025-09-24,1,PC2509C,Fixed site,given
C-00091,Rota-1,2025-09-24,1,RT2509C,Fixed site,given
C-00091,BCG,2025-10-28,1,BC2510D,Fixed site,given
C-00092,BCG,2025-03-11,1,BC2503B,Outreach,given
C-00092,Penta-1,2025-09-28,1,PT2509D,Fixed site,given
C-00092,OPV-1,2025-09-28,1,OP2509D,Fixed site,given
C-00092,PCV-1,2025-09-28,1,PC2509D,Fixed site,given
C-00092,Rota-1,2025-09-28,1,RT2509D,Fixed site,given
C-00092,Penta-2,2025-10-26,2,PT2510D,Fixed site,given
C-00092,OPV-2,2025-10-26,2,OP2510D,Fixed site,given
C-00092,PCV-2,2025-10-26,2,PC2510D,Fixed site,given
C-00092,Rota-2,2025-10-26,2,RT2510D,Fixed site,given
C-00092,Penta-3,2025-11-23,3,PT2511C,Fixed site,given
C-00092,OPV-3,2025-11-23,3,OP2511C,Fixed site,given
C-00092,PCV-3,2025-11-23,3,PC2511C,Fixed site,given
C-00092,Measles-1,2026-01-02,1,MR2601A,Fixed site,given
C-00093,BCG,2026-01-29,1,BC2601D,Fixed site,given
C-00093,OPV-0,2026-01-29,0,OP2601D,Fixed site,given
C-00093,Penta-1,2026-03-12,1,PT2603B,Fixed site,given
C-00093,Penta-2,2026-04-09,2,PT2604B,Fixed site,given
C-00093,OPV-2,2026-04-09,2,OP2604B,Fixed site,given
C-00093,PCV-2,2026-04-09,2,PC2604B,Fixed site,given
C-00093,Rota-2,2026-04-09,2,RT2604B,Fixed site,given
C-00093,Penta-3,2026-06-09,3,PT2606B,Fixed site,given
C-00093,OPV-3,2026-06-09,3,OP2606B,Fixed site,given
C-00093,PCV-3,2026-06-09,3,PC2606B,Fixed site,given
C-00093,OPV-1,2026-09-04,1,OP2609A,Fixed site,given
C-00093,PCV-1,2026-09-04,1,PC2609A,Fixed site,given
C-00094,BCG,2025-11-16,1,BC2511B,Fixed site,given
C-00094,Penta-1,2026-03-11,1,PT2603B,Fixed site,given
C-00094,OPV-1,2026-03-11,1,OP2603B,Fixed site,given
C-00094,PCV-1,2026-03-11,1,PC2603B,Fixed site,given
C-00094,Rota-1,2026-03-11,1,RT2603B,Fixed site,given
C-00094,Penta-2,2026-04-23,2,PT2604C,Fixed site,given
C-00094,OPV-2,2026-04-23,2,OP2604C,Fixed site,given
C-00094,PCV-2,2026-04-23,2,PC2604C,Fixed site,given
C-00094,Rota-2,2026-04-23,2,RT2604C,Fixed site,given
C-00094,Penta-3,2026-05-31,3,PT2605D,Fixed site,given
C-00094,OPV-3,2026-05-31,3,OP2605D,Fixed site,given
C-00094,PCV-3,2026-05-31,3,PC2605D,Fixed site,given
C-00094,Measles-1,2026-09-24,1,MR2609C,Fixed site,given
C-00094,Yellow Fever,2026-09-24,1,YF2609C,Fixed site,given
C-00095,BCG,2026-08-31,1,BC2608D,Fixed site,given
C-00096,Penta-1,2025-11-12,1,PT2511B,Outreach,given
C-00096,OPV-1,2025-11-12,1,OP2511B,Outreach,given
C-00096,PCV-1,2025-11-12,1,PC2511B,Outreach,given
C-00096,Rota-1,2025-11-12,1,RT2511B,Outreach,given
C-00096,Penta-2,2026-03-23,2,PT2603C,Fixed site,given
C-00096,OPV-2,2026-03-23,2,OP2603C,Fixed site,given
C-00096,PCV-2,2026-03-23,2,PC2603C,Fixed site,given
C-00096,Rota-2,2026-03-23,2,RT2603C,Fixed site,given
C-00096,Penta-3,2026-04-20,3,PT2604C,Fixed site,given
C-00096,OPV-3,2026-04-20,3,OP2604C,Fixed site,given
C-00096,PCV-3,2026-04-20,3,PC2604C,Fixed site,given
C-00096,Measles-1,2026-07-20,1,MR2607C,Fixed site,given
C-00096,Yellow Fever,2026-07-20,1,YF2607C,Fixed site,given
C-00097,BCG,2025-03-20,1,BC2503C,Outreach,given
C-00097,OPV-0,2025-03-20,0,OP2503C,Outreach,given
C-00097,Penta-1,2025-12-15,1,PT2512B,Fixed site,given
C-00097,OPV-1,2025-12-15,1,OP2512B,Fixed site,given
C-00097,PCV-1,2025-12-15,1,PC2512B,Fixed site,given
C-00097,Rota-1,2025-12-15,1,RT2512B,Fixed site,given
C-00097,Penta-2,2026-01-12,2,PT2601B,Fixed site,given
C-00097,OPV-2,2026-01-12,2,OP2601B,Fixed site,given
C-00097,PCV-2,2026-01-12,2,PC2601B,Fixed site,given
C-00097,Rota-2,2026-01-12,2,RT2601B,Fixed site,given
C-00097,Penta-3,2026-02-09,3,PT2602B,Fixed site,given
C-00097,OPV-3,2026-02-09,3,OP2602B,Fixed site,given
C-00097,PCV-3,2026-02-09,3,PC2602B,Fixed site,given
C-00097,Measles-1,2026-03-07,1,MR2603A,Fixed site,given
C-00097,Yellow Fever,2026-03-07,1,YF2603A,Fixed site,given
C-00098,BCG,2025-11-10,1,BC2511B,Fixed site,given
C-00098,OPV-0,2025-11-10,0,OP2511B,Fixed site,given
C-00098,Penta-1,2026-01-26,1,PT2601D,Fixed site,given
C-00098,OPV-1,2026-01-26,1,OP2601D,Fixed site,given
C-00098,PCV-1,2026-01-26,1,PC2601D,Fixed site,given
C-00098,Rota-1,2026-01-26,1,RT2601D,Fixed site,given
C-00098,Penta-2,2026-02-23,2,PT2602C,Fixed site,given
C-00098,OPV-2,2026-02-23,2,OP2602C,Fixed site,given
C-00098,PCV-2,2026-02-23,2,PC2602C,Fixed site,given
C-00098,Rota-2,2026-02-23,2,RT2602C,Fixed site,given
C-00098,Penta-3,2026-05-28,3,PT2605D,Fixed site,given
C-00098,OPV-3,2026-05-28,3,OP2605D,Fixed site,given
C-00098,PCV-3,2026-05-28,3,PC2605D,Fixed site,given
C-00098,Measles-1,2026-08-05,1,MR2608A,Fixed site,given
C-00098,Yellow Fever,2026-08-05,1,YF2608A,Fixed site,given
C-00099,BCG,2024-09-10,1,BC2409B,Fixed site,given
C-00099,Penta-1,2024-09-20,1,PT2409C,Fixed site,given
C-00099,OPV-1,2024-09-20,1,OP2409C,Fixed site,given
C-00099,PCV-1,2024-09-20,1,PC2409C,Fixed site,given
C-00099,Rota-1,2024-09-20,1,RT2409C,Fixed site,given
C-00099,Penta-2,2024-11-11,2,PT2411B,Fixed site,given
C-00099,OPV-2,2024-11-11,2,OP2411B,Fixed site,given
C-00099,PCV-2,2024-11-11,2,PC2411B,Fixed site,given
C-00099,Rota-2,2024-11-11,2,RT2411B,Fixed site,given
C-00099,Penta-3,2025-03-27,3,PT2503D,Fixed site,given
C-00099,OPV-3,2025-03-27,3,OP2503D,Fixed site,given
C-00099,PCV-3,2025-03-27,3,PC2503D,Fixed site,given
C-00099,Measles-1,2025-11-18,1,MR2511C,Fixed site,given
C-00099,Yellow Fever,2025-11-18,1,YF2511C,Fixed site,given
C-00099,Measles-2,2026-03-05,2,MR2603A,Fixed site,given
C-00100,Penta-1,2026-06-20,1,PT2606C,Fixed site,given
C-00100,OPV-1,2026-06-20,1,OP2606C,Fixed site,given
C-00100,PCV-1,2026-06-20,1,PC2606C,Fixed site,given
C-00100,Rota-1,2026-06-20,1,RT2606C,Fixed site,given
C-00100,Penta-2,2026-08-14,2,PT2608B,Fixed site,given
C-00100,OPV-2,2026-08-14,2,OP2608B,Fixed site,given
C-00100,PCV-2,2026-08-14,2,PC2608B,Fixed site,given
C-00100,Rota-2,2026-08-14,2,RT2608B,Fixed site,given
C-00100,Penta-3,2026-09-24,3,PT2609C,Fixed site,given
C-00100,OPV-3,2026-09-24,3,OP2609C,Fixed site,given
C-00100,PCV-3,2026-09-24,3,PC2609C,Fixed site,given
C-00101,BCG,2025-10-03,1,BC2510A,Fixed site,given
C-00101,Penta-1,2026-02-03,1,PT2602A,Fixed site,given
C-00101,OPV-1,2026-02-03,1,OP2602A,Fixed site,given
C-00101,PCV-1,2026-02-03,1,PC2602A,Fixed site,given
C-00101,Rota-1,2026-02-03,1,RT2602A,Fixed site,given
C-00101,Penta-2,2026-03-03,2,PT2603A,Fixed site,given
C-00101,OPV-2,2026-03-03,2,OP2603A,Fixed site,given
C-00101,PCV-2,2026-03-03,2,PC2603A,Fixed site,given
C-00101,Rota-2,2026-03-03,2,RT2603A,Fixed site,given
C-00101,Penta-3,2026-03-31,3,PT2603D,Fixed site,given
C-00101,OPV-3,2026-03-31,3,OP2603D,Fixed site,given
C-00101,PCV-3,2026-03-31,3,PC2603D,Fixed site,given
C-00101,Measles-1,2026-09-24,1,MR2609C,Fixed site,given
C-00101,Yellow Fever,2026-09-24,1,YF2609C,Fixed site,given
C-00102,BCG,2025-09-21,1,BC2509C,Fixed site,given
C-00102,Penta-1,2026-06-05,1,PT2606A,Fixed site,given
C-00102,OPV-1,2026-06-05,1,OP2606A,Fixed site,given
C-00102,PCV-1,2026-06-05,1,PC2606A,Fixed site,given
C-00102,Rota-1,2026-06-05,1,RT2606A,Fixed site,given
C-00102,Penta-2,2026-07-03,2,PT2607A,Fixed site,given
C-00102,OPV-2,2026-07-03,2,OP2607A,Fixed site,given
C-00102,PCV-2,2026-07-03,2,PC2607A,Fixed site,given
C-00102,Rota-2,2026-07-03,2,RT2607A,Fixed site,given
C-00102,Measles-1,2026-07-04,1,MR2607A,Fixed site,given
C-00102,Yellow Fever,2026-07-04,1,YF2607A,Fixed site,given
C-00102,Penta-3,2026-07-31,3,PT2607D,Fixed site,given
C-00102,OPV-3,2026-07-31,3,OP2607D,Fixed site,given
C-00102,PCV-3,2026-07-31,3,PC2607D,Fixed site,given
C-00103,BCG,2025-11-22,1,BC2511C,Fixed site,given
C-00103,Penta-1,2025-12-16,1,PT2512B,Fixed site,given
C-00103,OPV-1,2025-12-16,1,OP2512B,Fixed site,given
C-00103,PCV-1,2025-12-16,1,PC2512B,Fixed site,given
C-00103,Rota-1,2025-12-16,1,RT2512B,Fixed site,given
C-00103,Penta-2,2026-01-13,2,PT2601B,Fixed site,given
C-00103,OPV-2,2026-01-13,2,OP2601B,Fixed site,given
C-00103,PCV-2,2026-01-13,2,PC2601B,Fixed site,given
C-00103,Rota-2,2026-01-13,2,RT2601B,Fixed site,given
C-00103,Penta-3,2026-03-18,3,PT2603C,Fixed site,given
C-00103,OPV-3,2026-03-18,3,OP2603C,Fixed site,given
C-00103,PCV-3,2026-03-18,3,PC2603C,Fixed site,given
C-00104,BCG,2026-04-19,1,BC2604C,Fixed site,given
C-00104,Penta-1,2026-04-30,1,PT2604D,Fixed site,given
C-00104,OPV-1,2026-04-30,1,OP2604D,Fixed site,given
C-00104,PCV-1,2026-04-30,1,PC2604D,Fixed site,given
C-00104,Rota-1,2026-04-30,1,RT2604D,Fixed site,given
C-00104,Penta-2,2026-05-28,2,PT2605D,Fixed site,given
C-00104,PCV-2,2026-05-28,2,PC2605D,Fixed site,given
C-00104,Rota-2,2026-05-28,2,RT2605D,Fixed site,given
C-00104,Penta-3,2026-06-25,3,PT2606D,Fixed site,given
C-00104,OPV-3,2026-06-25,3,OP2606D,Fixed site,given
C-00104,PCV-3,2026-06-25,3,PC2606D,Fixed site,given
C-00105,BCG,2025-09-02,1,BC2509A,Fixed site,given
C-00105,OPV-0,2025-09-02,0,OP2509A,Fixed site,given
C-00105,Penta-1,2026-01-15,1,PT2601B,Fixed site,given
C-00105,OPV-1,2026-01-15,1,OP2601B,Fixed site,given
C-00105,PCV-1,2026-01-15,1,PC2601B,Fixed site,given
C-00105,Rota-1,2026-01-15,1,RT2601B,Fixed site,given
C-00105,Penta-2,2026-02-12,2,PT2602B,Fixed site,given
C-00105,OPV-2,2026-02-12,2,OP2602B,Fixed site,given
C-00105,PCV-2,2026-02-12,2,PC2602B,Fixed site,given
C-00105,Rota-2,2026-02-12,2,RT2602B,Fixed site,given
C-00105,Penta-3,2026-03-12,3,PT2603B,Fixed site,given
C-00105,OPV-3,2026-03-12,3,OP2603B,Fixed site,given
C-00105,PCV-3,2026-03-12,3,PC2603B,Fixed site,given
C-00105,Measles-1,2026-06-14,1,MR2606B,Fixed site,given
C-00105,Yellow Fever,2026-06-14,1,YF2606B,Fixed site,given
C-00106,Penta-1,2026-05-13,1,PT2605B,Fixed site,given
C-00106,OPV-1,2026-05-13,1,OP2605B,Fixed site,given
C-00106,PCV-1,2026-05-13,1,PC2605B,Fixed site,given
C-00106,Rota-1,2026-05-13,1,RT2605B,Fixed site,given
C-00106,BCG,2026-05-23,1,BC2605C,Fixed site,given
C-00106,Penta-2,2026-08-07,2,PT2608A,Fixed site,given
C-00106,OPV-2,2026-08-07,2,OP2608A,Fixed site,given
C-00106,PCV-2,2026-08-07,2,PC2608A,Fixed site,given
C-00106,Rota-2,2026-08-07,2,RT2608A,Fixed site,given
C-00107,BCG,2026-05-10,1,BC2605B,Fixed site,given
C-00107,OPV-0,2026-05-10,0,OP2605B,Fixed site,given
C-00107,Penta-1,2026-06-14,1,PT2606B,Fixed site,given
C-00107,OPV-1,2026-06-14,1,OP2606B,Fixed site,given
C-00107,PCV-1,2026-06-14,1,PC2606B,Fixed site,given
C-00107,Rota-1,2026-06-14,1,RT2606B,Fixed site,given
C-00107,Penta-2,2026-08-01,2,PT2608A,Fixed site,given
C-00107,OPV-2,2026-08-01,2,OP2608A,Fixed site,given
C-00107,PCV-2,2026-08-01,2,PC2608A,Fixed site,given
C-00107,Rota-2,2026-08-01,2,RT2608A,Fixed site,given
C-00107,OPV-3,2026-09-24,3,OP2609C,Fixed site,given
C-00108,BCG,2025-09-06,1,BC2509A,Fixed site,given
C-00108,Penta-1,2025-10-25,1,PT2510D,Fixed site,given
C-00108,OPV-1,2025-10-25,1,OP2510D,Fixed site,given
C-00108,PCV-1,2025-10-25,1,PC2510D,Fixed site,given
C-00108,Rota-1,2025-10-25,1,RT2510D,Fixed site,given
C-00108,Penta-2,2025-11-22,2,PT2511C,Fixed site,given
C-00108,OPV-2,2025-11-22,2,OP2511C,Fixed site,given
C-00108,PCV-2,2025-11-22,2,PC2511C,Fixed site,given
C-00108,Rota-2,2025-11-22,2,RT2511C,Fixed site,given
C-00108,Penta-3,2026-01-18,3,PT2601C,Fixed site,given
C-00108,OPV-3,2026-01-18,3,OP2601C,Fixed site,given
C-00108,PCV-3,2026-01-18,3,PC2601C,Fixed site,given
C-00108,Measles-1,2026-09-24,1,MR2609C,Fixed site,given
C-00108,Yellow Fever,2026-09-24,1,YF2609C,Fixed site,given
C-00109,BCG,2024-12-12,1,BC2412B,Outreach,given
C-00109,OPV-0,2024-12-12,0,OP2412B,Outreach,given
C-00109,Penta-1,2025-03-09,1,PT2503B,Fixed site,given
C-00109,OPV-1,2025-03-09,1,OP2503B,Fixed site,given
C-00109,PCV-1,2025-03-09,1,PC2503B,Fixed site,given
C-00109,Rota-1,2025-03-09,1,RT2503B,Fixed site,given
C-00109,Penta-2,2025-05-21,2,PT2505C,Fixed site,given
C-00109,OPV-2,2025-05-21,2,OP2505C,Fixed site,given
C-00109,PCV-2,2025-05-21,2,PC2505C,Fixed site,given
C-00109,Rota-2,2025-05-21,2,RT2505C,Fixed site,given
C-00109,Penta-3,2025-08-12,3,PT2508B,Fixed site,given
C-00109,OPV-3,2025-08-12,3,OP2508B,Fixed site,given
C-00109,PCV-3,2025-08-12,3,PC2508B,Fixed site,given
C-00109,Measles-1,2025-09-13,1,MR2509B,Fixed site,given
C-00110,BCG,2026-04-21,1,BC2604C,Fixed site,given
C-00110,OPV-0,2026-04-21,0,OP2604C,Fixed site,given
C-00110,Penta-1,2026-06-13,1,PT2606B,Fixed site,given
C-00110,PCV-1,2026-06-13,1,PC2606B,Fixed site,given
C-00110,Rota-1,2026-06-13,1,RT2606B,Fixed site,given
C-00110,Penta-2,2026-08-10,2,PT2608B,Fixed site,given
C-00110,OPV-2,2026-08-10,2,OP2608B,Fixed site,given
C-00110,Rota-2,2026-08-10,2,RT2608B,Fixed site,given
C-00110,Penta-3,2026-09-17,3,PT2609C,Fixed site,given
C-00110,OPV-3,2026-09-17,3,OP2609C,Fixed site,given
C-00110,PCV-3,2026-09-17,3,PC2609C,Fixed site,given
C-00111,BCG,2026-06-24,1,BC2606C,Fixed site,given
C-00111,OPV-0,2026-06-24,0,OP2606C,Fixed site,given
C-00111,Penta-1,2026-09-24,1,PT2609C,Fixed site,given
C-00111,OPV-1,2026-09-24,1,OP2609C,Fixed site,given
C-00111,PCV-1,2026-09-24,1,PC2609C,Fixed site,given
C-00111,Rota-1,2026-09-24,1,RT2609C,Fixed site,given
C-00112,BCG,2025-10-07,1,BC2510A,Fixed site,given
C-00112,Penta-1,2025-11-09,1,PT2511B,Fixed site,given
C-00112,OPV-1,2025-11-09,1,OP2511B,Fixed site,given
C-00112,PCV-1,2025-11-09,1,PC2511B,Fixed site,given
C-00112,Rota-1,2025-11-09,1,RT2511B,Fixed site,given
C-00112,Penta-2,2026-01-12,2,PT2601B,Fixed site,given
C-00112,OPV-2,2026-01-12,2,OP2601B,Fixed site,given
C-00112,PCV-2,2026-01-12,2,PC2601B,Fixed site,given
C-00112,Rota-2,2026-01-12,2,RT2601B,Fixed site,given
C-00112,Penta-3,2026-02-09,3,PT2602B,Fixed site,given
C-00112,OPV-3,2026-02-09,3,OP2602B,Fixed site,given
C-00112,Measles-1,2026-06-27,1,MR2606D,Fixed site,given
C-00112,Yellow Fever,2026-06-27,1,YF2606D,Fixed site,given
C-00113,BCG,2025-04-18,1,BC2504C,Fixed site,given
C-00113,Penta-1,2025-06-07,1,PT2506A,Fixed site,given
C-00113,OPV-1,2025-06-07,1,OP2506A,Fixed site,given
C-00113,PCV-1,2025-06-07,1,PC2506A,Fixed site,given
C-00113,Rota-1,2025-06-07,1,RT2506A,Fixed site,given
C-00113,Penta-2,2025-07-05,2,PT2507A,Outreach,given
C-00113,OPV-2,2025-07-05,2,OP2507A,Outreach,given
C-00113,PCV-2,2025-07-05,2,PC2507A,Outreach,given
C-00113,Rota-2,2025-07-05,2,RT2507A,Outreach,given
C-00113,Penta-3,2025-09-25,3,PT2509D,Fixed site,given
C-00113,OPV-3,2025-09-25,3,OP2509D,Fixed site,given
C-00113,PCV-3,2025-09-25,3,PC2509D,Fixed site,given
C-00113,Measles-1,2026-02-23,1,MR2602C,Fixed site,given
C-00113,Yellow Fever,2026-02-23,1,YF2602C,Fixed site,given
C-00114,Measles-1,2026-06-07,1,MR2606A,Fixed site,given
C-00114,Yellow Fever,2026-06-07,1,YF2606A,Fixed site,given
C-00115,BCG,2025-07-24,1,BC2507C,Fixed site,given
C-00115,OPV-0,2025-07-24,0,OP2507C,Fixed site,given
C-00115,Penta-1,2025-10-09,1,PT2510B,Fixed site,given
C-00115,OPV-1,2025-10-09,1,OP2510B,Fixed site,given
C-00115,PCV-1,2025-10-09,1,PC2510B,Fixed site,given
C-00115,Rota-1,2025-10-09,1,RT2510B,Fixed site,given
C-00115,OPV-3,2025-11-03,3,OP2511A,Fixed site,given
C-00115,Penta-2,2025-11-15,2,PT2511B,Fixed site,given
C-00115,PCV-2,2025-11-15,2,PC2511B,Fixed site,given
C-00115,Rota-2,2025-11-15,2,RT2511B,Fixed site,given
C-00115,Measles-1,2026-04-26,1,MR2604D,Outreach,given
C-00115,Yellow Fever,2026-04-26,1,YF2604D,Outreach,given
C-00116,BCG,2025-01-24,1,BC2501C,Fixed site,given
C-00116,Penta-1,2025-03-02,1,PT2503A,Fixed site,given
C-00116,OPV-1,2025-03-02,1,OP2503A,Fixed site,given
C-00116,PCV-1,2025-03-02,1,PC2503A,Fixed site,given
C-00116,Rota-1,2025-03-02,1,RT2503A,Fixed site,given
C-00116,Penta-2,2025-03-30,2,PT2503D,Fixed site,given
C-00116,OPV-2,2025-03-30,2,OP2503D,Fixed site,given
C-00116,PCV-2,2025-03-30,2,PC2503D,Fixed site,given
C-00116,Rota-2,2025-03-30,2,RT2503D,Fixed site,given
C-00116,Penta-3,2025-04-27,3,PT2504D,Fixed site,given
C-00116,OPV-3,2025-04-27,3,OP2504D,Fixed site,given
C-00116,PCV-3,2025-04-27,3,PC2504D,Fixed site,given
C-00116,Measles-1,2025-11-23,1,MR2511C,Fixed site,given
C-00116,Yellow Fever,2025-11-23,1,YF2511C,Fixed site,given
C-00116,Measles-2,2026-08-25,2,MR2608D,Fixed site,given
C-00117,BCG,2026-06-04,1,BC2606A,Fixed site,given
C-00117,OPV-0,2026-06-04,0,OP2606A,Fixed site,given
C-00117,Penta-1,2026-07-09,1,PT2607B,Fixed site,given
C-00117,OPV-1,2026-07-09,1,OP2607B,Fixed site,given
C-00117,PCV-1,2026-07-09,1,PC2607B,Fixed site,given
C-00117,Rota-1,2026-07-09,1,RT2607B,Fixed site,given
C-00117,Penta-2,2026-08-06,2,PT2608A,Fixed site,given
C-00117,OPV-2,2026-08-06,2,OP2608A,Fixed site,given
C-00117,PCV-2,2026-08-06,2,PC2608A,Fixed site,given
C-00117,Penta-3,2026-09-03,3,PT2609A,Fixed site,given
C-00117,OPV-3,2026-09-03,3,OP2609A,Fixed site,given
C-00117,PCV-3,2026-09-03,3,PC2609A,Fixed site,given
C-00119,BCG,2026-04-24,1,BC2604C,Fixed site,given
C-00119,OPV-0,2026-04-24,0,OP2604C,Fixed site,given
C-00119,Penta-1,2026-06-05,1,PT2606A,Fixed site,given
C-00119,OPV-1,2026-06-05,1,OP2606A,Fixed site,given
C-00119,PCV-1,2026-06-05,1,PC2606A,Fixed site,given
C-00119,Rota-1,2026-06-05,1,RT2606A,Fixed site,given
C-00119,Penta-2,2026-07-03,2,PT2607A,Fixed site,given
C-00119,OPV-2,2026-07-03,2,OP2607A,Fixed site,given
C-00119,PCV-2,2026-07-03,2,PC2607A,Fixed site,given
C-00119,Rota-2,2026-07-03,2,RT2607A,Fixed site,given
C-00119,Penta-3,2026-07-31,3,PT2607D,Fixed site,given
C-00119,OPV-3,2026-07-31,3,OP2607D,Fixed site,given
C-00119,PCV-3,2026-07-31,3,PC2607D,Fixed site,given
C-00120,BCG,2025-08-24,1,BC2508C,Fixed site,given
C-00120,OPV-0,2025-08-24,0,OP2508C,Fixed site,given
C-00120,Penta-1,2025-10-19,1,PT2510C,Fixed site,given
C-00120,OPV-1,2025-10-19,1,OP2510C,Fixed site,given
C-00120,PCV-1,2025-10-19,1,PC2510C,Fixed site,given
C-00120,Rota-1,2025-10-19,1,RT2510C,Fixed site,given
C-00120,Penta-2,2025-11-16,2,PT2511B,Fixed site,given
C-00120,OPV-2,2025-11-16,2,OP2511B,Fixed site,given
C-00120,PCV-2,2025-11-16,2,PC2511B,Fixed site,given
C-00120,Rota-2,2025-11-16,2,RT2511B,Fixed site,given
C-00121,BCG,2025-05-26,1,BC2505D,Fixed site,given
C-00121,Measles-1,2026-01-26,1,MR2601D,Fixed site,given
C-00121,Yellow Fever,2026-01-26,1,YF2601D,Fixed site,given
C-00121,Penta-1,2026-02-03,1,PT2602A,Fixed site,given
C-00121,OPV-1,2026-02-03,1,OP2602A,Fixed site,given
C-00121,PCV-1,2026-02-03,1,PC2602A,Fixed site,given
C-00121,Rota-1,2026-02-03,1,RT2602A,Fixed site,given
C-00121,Penta-2,2026-03-03,2,PT2603A,Fixed site,given
C-00121,OPV-2,2026-03-03,2,OP2603A,Fixed site,given
C-00121,PCV-2,2026-03-03,2,PC2603A,Fixed site,given
C-00121,Penta-3,2026-03-31,3,PT2603D,Outreach,given
C-00121,OPV-3,2026-03-31,3,OP2603D,Outreach,given
C-00121,PCV-3,2026-03-31,3,PC2603D,Outreach,given
C-00122,BCG,2026-04-03,1,BC2604A,Fixed site,given
C-00122,Penta-1,2026-06-07,1,PT2606A,Fixed site,given
C-00122,OPV-1,2026-06-07,1,OP2606A,Fixed site,given
C-00122,PCV-1,2026-06-07,1,PC2606A,Fixed site,given
C-00122,Rota-1,2026-06-07,1,RT2606A,Fixed site,given
C-00122,Penta-2,2026-07-05,2,PT2607A,Fixed site,given
C-00122,OPV-2,2026-07-05,2,OP2607A,Fixed site,given
C-00122,PCV-2,2026-07-05,2,PC2607A,Fixed site,given
C-00122,Rota-2,2026-07-05,2,RT2607A,Fixed site,given
C-00122,Penta-3,2026-08-13,3,PT2608B,Fixed site,given
C-00122,OPV-3,2026-08-13,3,OP2608B,Fixed site,given
C-00122,PCV-3,2026-08-13,3,PC2608B,Fixed site,given
C-00123,BCG,2025-04-19,1,BC2504C,Fixed site,given
C-00123,Penta-1,2025-06-12,1,PT2506B,Fixed site,given
C-00123,OPV-1,2025-06-12,1,OP2506B,Fixed site,given
C-00123,PCV-1,2025-06-12,1,PC2506B,Fixed site,given
C-00123,Rota-1,2025-06-12,1,RT2506B,Fixed site,given
C-00123,Penta-2,2025-07-10,2,PT2507B,Fixed site,given
C-00123,OPV-2,2025-07-10,2,OP2507B,Fixed site,given
C-00123,PCV-2,2025-07-10,2,PC2507B,Fixed site,given
C-00123,Rota-2,2025-07-10,2,RT2507B,Fixed site,given
C-00123,Penta-3,2025-09-28,3,PT2509D,Fixed site,given
C-00123,PCV-3,2025-09-28,3,PC2509D,Fixed site,given
C-00124,BCG,2025-08-26,1,BC2508D,Fixed site,given
C-00124,OPV-0,2025-08-26,0,OP2508D,Fixed site,given
C-00124,Penta-1,2025-10-19,1,PT2510C,Fixed site,given
C-00124,OPV-1,2025-10-19,1,OP2510C,Fixed site,given
C-00124,PCV-1,2025-10-19,1,PC2510C,Fixed site,given
C-00124,Rota-1,2025-10-19,1,RT2510C,Fixed site,given
C-00124,Penta-2,2025-11-16,2,PT2511B,Fixed site,given
C-00124,PCV-2,2025-11-16,2,PC2511B,Fixed site,given
C-00124,Penta-3,2025-12-28,3,PT2512D,Fixed site,given
C-00124,OPV-3,2025-12-28,3,OP2512D,Fixed site,given
C-00124,PCV-3,2025-12-28,3,PC2512D,Fixed site,given
C-00125,BCG,2025-03-04,1,BC2503A,Fixed site,given
C-00125,OPV-0,2025-03-04,0,OP2503A,Fixed site,given
C-00125,Penta-1,2025-05-26,1,PT2505D,Fixed site,given
C-00125,OPV-1,2025-05-26,1,OP2505D,Fixed site,given
C-00125,PCV-1,2025-05-26,1,PC2505D,Fixed site,given
C-00125,Rota-1,2025-05-26,1,RT2505D,Fixed site,given
C-00125,Penta-2,2025-06-23,2,PT2506C,Fixed site,given
C-00125,OPV-2,2025-06-23,2,OP2506C,Fixed site,given
C-00125,PCV-2,2025-06-23,2,PC2506C,Fixed site,given
C-00125,Rota-2,2025-06-23,2,RT2506C,Fixed site,given
C-00126,BCG,2024-07-18,1,BC2407C,Fixed site,given
C-00126,Penta-1,2024-09-12,1,PT2409B,Fixed site,given
C-00126,OPV-1,2024-09-12,1,OP2409B,Fixed site,given
C-00126,PCV-1,2024-09-12,1,PC2409B,Fixed site,given
C-00126,Rota-1,2024-09-12,1,RT2409B,Fixed site,given
C-00126,Penta-2,2024-11-23,2,PT2411C,Fixed site,given
C-00126,OPV-2,2024-11-23,2,OP2411C,Fixed site,given
C-00126,PCV-2,2024-11-23,2,PC2411C,Fixed site,given
C-00126,Rota-2,2024-11-23,2,RT2411C,Fixed site,given
C-00126,Penta-3,2024-12-21,3,PT2412C,Fixed site,given
C-00126,OPV-3,2024-12-21,3,OP2412C,Fixed site,given
C-00126,PCV-3,2024-12-21,3,PC2412C,Fixed site,given
C-00126,Measles-1,2025-04-24,1,MR2504C,Fixed site,given
C-00126,Yellow Fever,2025-04-24,1,YF2504C,Fixed site,given
C-00127,Penta-1,2026-06-29,1,PT2606D,Fixed site,given
C-00127,OPV-1,2026-06-29,1,OP2606D,Fixed site,given
C-00127,PCV-1,2026-06-29,1,PC2606D,Fixed site,given
C-00127,Rota-1,2026-06-29,1,RT2606D,Fixed site,given
C-00127,BCG,2026-07-19,1,BC2607C,Fixed site,given
C-00127,Penta-2,2026-07-27,2,PT2607D,Fixed site,given
C-00127,OPV-2,2026-07-27,2,OP2607D,Fixed site,given
C-00127,Rota-2,2026-07-27,2,RT2607D,Fixed site,given
C-00127,Penta-3,2026-08-24,3,PT2608C,Fixed site,given
C-00127,OPV-3,2026-08-24,3,OP2608C,Fixed site,given
C-00127,PCV-3,2026-08-24,3,PC2608C,Fixed site,given
C-00128,BCG,2025-05-19,1,BC2505C,Fixed site,given
C-00128,Penta-1,2025-06-15,1,PT2506B,Fixed site,given
C-00128,OPV-1,2025-06-15,1,OP2506B,Fixed site,given
C-00128,Rota-1,2025-06-15,1,RT2506B,Fixed site,given
C-00128,Penta-2,2025-08-01,2,PT2508A,Fixed site,given
C-00128,OPV-2,2025-08-01,2,OP2508A,Fixed site,given
C-00128,PCV-2,2025-08-01,2,PC2508A,Fixed site,given
C-00128,Rota-2,2025-08-01,2,RT2508A,Fixed site,given
C-00128,Penta-3,2025-10-29,3,PT2510D,Fixed site,given
C-00128,OPV-3,2025-10-29,3,OP2510D,Fixed site,given
C-00128,PCV-3,2025-10-29,3,PC2510D,Fixed site,given
C-00128,Measles-1,2026-02-11,1,MR2602B,Fixed site,given
C-00128,Yellow Fever,2026-02-11,1,YF2602B,Fixed site,given
C-00129,BCG,2025-02-15,1,BC2502B,Fixed site,given
C-00129,Penta-1,2025-05-14,1,PT2505B,Fixed site,given
C-00129,OPV-1,2025-05-14,1,OP2505B,Fixed site,given
C-00129,PCV-1,2025-05-14,1,PC2505B,Fixed site,given
C-00129,Rota-1,2025-05-14,1,RT2505B,Fixed site,given
C-00129,Penta-2,2025-06-11,2,PT2506B,Fixed site,given
C-00129,OPV-2,2025-06-11,2,OP2506B,Fixed site,given
C-00129,PCV-2,2025-06-11,2,PC2506B,Fixed site,given
C-00129,Rota-2,2025-06-11,2,RT2506B,Fixed site,given
C-00129,Penta-3,2025-07-09,3,PT2507B,Fixed site,given
C-00129,PCV-3,2025-07-09,3,PC2507B,Fixed site,given
C-00129,Measles-1,2026-02-15,1,MR2602B,Fixed site,given
C-00129,Yellow Fever,2026-02-15,1,YF2602B,Fixed site,given
C-00130,BCG,2024-12-28,1,BC2412D,Fixed site,given
C-00130,OPV-0,2024-12-28,0,OP2412D,Fixed site,given
C-00130,Penta-1,2025-04-20,1,PT2504C,Fixed site,given
C-00130,OPV-1,2025-04-20,1,OP2504C,Fixed site,given
C-00130,PCV-1,2025-04-20,1,PC2504C,Fixed site,given
C-00130,Rota-1,2025-04-20,1,RT2504C,Fixed site,given
C-00130,Penta-2,2025-05-18,2,PT2505C,Fixed site,given
C-00130,OPV-2,2025-05-18,2,OP2505C,Fixed site,given
C-00130,PCV-2,2025-05-18,2,PC2505C,Fixed site,given
C-00130,Rota-2,2025-05-18,2,RT2505C,Fixed site,given
C-00130,Penta-3,2025-06-15,3,PT2506B,Outreach,given
C-00130,OPV-3,2025-06-15,3,OP2506B,Outreach,given
C-00130,PCV-3,2025-06-15,3,PC2506B,Outreach,given
C-00131,BCG,2025-10-15,1,BC2510B,Fixed site,given
C-00131,OPV-0,2025-10-15,0,OP2510B,Fixed site,given
C-00131,Penta-1,2025-11-28,1,PT2511D,Fixed site,given
C-00131,OPV-1,2025-11-28,1,OP2511D,Fixed site,given
C-00131,PCV-1,2025-11-28,1,PC2511D,Fixed site,given
C-00131,Rota-1,2025-11-28,1,RT2511D,Fixed site,given
C-00131,Penta-2,2026-02-15,2,PT2602B,Fixed site,given
C-00131,OPV-2,2026-02-15,2,OP2602B,Fixed site,given
C-00131,Rota-2,2026-02-15,2,RT2602B,Fixed site,given
C-00131,Penta-3,2026-03-15,3,PT2603B,Fixed site,given
C-00131,OPV-3,2026-03-15,3,OP2603B,Fixed site,given
C-00131,PCV-3,2026-03-15,3,PC2603B,Fixed site,given
C-00131,Measles-1,2026-07-17,1,MR2607C,Fixed site,given
C-00131,Yellow Fever,2026-07-17,1,YF2607C,Fixed site,given
C-00132,BCG,2025-09-02,1,BC2509A,Fixed site,given
C-00132,Penta-1,2025-10-07,1,PT2510A,Fixed site,given
C-00132,PCV-1,2025-10-07,1,PC2510A,Fixed site,given
C-00132,Rota-1,2025-10-07,1,RT2510A,Fixed site,given
C-00132,Penta-2,2026-01-18,2,PT2601C,Fixed site,given
C-00132,OPV-2,2026-01-18,2,OP2601C,Fixed site,given
C-00132,PCV-2,2026-01-18,2,PC2601C,Fixed site,given
C-00132,Rota-2,2026-01-18,2,RT2601C,Fixed site,given
C-00132,Penta-3,2026-02-15,3,PT2602B,Fixed site,given
C-00132,OPV-3,2026-02-15,3,OP2602B,Fixed site,given
C-00132,PCV-3,2026-02-15,3,PC2602B,Fixed site,given
C-00132,Measles-1,2026-09-24,1,MR2609C,Fixed site,given
C-00132,Yellow Fever,2026-09-24,1,YF2609C,Fixed site,given
C-00133,BCG,2026-09-24,1,BC2609C,Fixed site,given
C-00134,BCG,2025-11-04,1,BC2511A,Fixed site,given
C-00134,OPV-0,2025-11-04,0,OP2511A,Fixed site,given
C-00134,Penta-1,2025-12-06,1,PT2512A,Fixed site,given
C-00134,OPV-1,2025-12-06,1,OP2512A,Fixed site,given
C-00134,PCV-1,2025-12-06,1,PC2512A,Fixed site,given
C-00134,Rota-1,2025-12-06,1,RT2512A,Fixed site,given
C-00134,Penta-2,2026-01-03,2,PT2601A,Fixed site,given
C-00134,OPV-2,2026-01-03,2,OP2601A,Fixed site,given
C-00134,PCV-2,2026-01-03,2,PC2601A,Fixed site,given
C-00134,Rota-2,2026-01-03,2,RT2601A,Fixed site,given
C-00134,Penta-3,2026-01-31,3,PT2601D,Fixed site,given
C-00134,OPV-3,2026-01-31,3,OP2601D,Fixed site,given
C-00134,PCV-3,2026-01-31,3,PC2601D,Fixed site,given
C-00134,Measles-1,2026-09-24,1,MR2609C,Fixed site,given
C-00135,Penta-1,2025-12-20,1,PT2512C,Fixed site,given
C-00135,OPV-1,2025-12-20,1,OP2512C,Fixed site,given
C-00135,PCV-1,2025-12-20,1,PC2512C,Fixed site,given
C-00135,Rota-1,2025-12-20,1,RT2512C,Fixed site,given
C-00135,Penta-2,2026-01-20,2,PT2601C,Fixed site,given
C-00135,OPV-2,2026-01-20,2,OP2601C,Fixed site,given
C-00135,PCV-2,2026-01-20,2,PC2601C,Fixed site,given
C-00135,Rota-2,2026-01-20,2,RT2601C,Fixed site,given
C-00135,Penta-3,2026-02-17,3,PT2602C,Fixed site,given
C-00135,OPV-3,2026-02-17,3,OP2602C,Fixed site,given
C-00135,PCV-3,2026-02-17,3,PC2602C,Fixed site,given
C-00135,Measles-1,2026-09-24,1,MR2609C,Fixed site,given
C-00135,Yellow Fever,2026-09-24,1,YF2609C,Fixed site,given
C-00136,BCG,2025-01-26,1,BC2501D,Fixed site,given
C-00136,Penta-1,2025-01-27,1,PT2501D,Fixed site,given
C-00136,OPV-1,2025-01-27,1,OP2501D,Fixed site,given
C-00136,PCV-1,2025-01-27,1,PC2501D,Fixed site,given
C-00136,Rota-1,2025-01-27,1,RT2501D,Fixed site,given
C-00136,Penta-2,2025-10-15,2,PT2510B,Fixed site,given
C-00136,PCV-2,2025-10-15,2,PC2510B,Fixed site,given
C-00136,Rota-2,2025-10-15,2,RT2510B,Fixed site,given
C-00136,Measles-1,2025-11-07,1,MR2511A,Fixed site,given
C-00136,Yellow Fever,2025-11-07,1,YF2511A,Fixed site,given
C-00136,Penta-3,2025-11-12,3,PT2511B,Fixed site,given
C-00136,OPV-3,2025-11-12,3,OP2511B,Fixed site,given
C-00136,PCV-3,2025-11-12,3,PC2511B,Fixed site,given
C-00136,Measles-2,2026-08-07,2,MR2608A,Fixed site,given
C-00137,BCG,2025-10-07,1,BC2510A,Fixed site,given
C-00137,OPV-0,2025-10-07,0,OP2510A,Fixed site,given
C-00137,Penta-1,2025-12-03,1,PT2512A,Fixed site,given
C-00137,PCV-1,2025-12-03,1,PC2512A,Fixed site,given
C-00137,Rota-1,2025-12-03,1,RT2512A,Fixed site,given
C-00137,Penta-2,2025-12-31,2,PT2512D,Fixed site,given
C-00137,PCV-2,2025-12-31,2,PC2512D,Fixed site,given
C-00137,Rota-2,2025-12-31,2,RT2512D,Fixed site,given
C-00137,Penta-3,2026-06-01,3,PT2606A,Fixed site,given
C-00137,OPV-3,2026-06-01,3,OP2606A,Fixed site,given
C-00137,PCV-3,2026-06-01,3,PC2606A,Fixed site,given
C-00137,Measles-1,2026-09-14,1,MR2609B,Fixed site,given
C-00137,Yellow Fever,2026-09-14,1,YF2609B,Fixed site,given
C-00138,BCG,2025-08-01,1,BC2508A,Fixed site,given
C-00138,Penta-1,2025-08-10,1,PT2508B,Fixed site,given
C-00138,OPV-1,2025-08-10,1,OP2508B,Fixed site,given
C-00138,PCV-1,2025-08-10,1,PC2508B,Fixed site,given
C-00138,Rota-1,2025-08-10,1,RT2508B,Fixed site,given
C-00138,Penta-2,2025-10-06,2,PT2510A,Fixed site,given
C-00138,OPV-2,2025-10-06,2,OP2510A,Fixed site,given
C-00138,PCV-2,2025-10-06,2,PC2510A,Fixed site,given
C-00138,Rota-2,2025-10-06,2,RT2510A,Fixed site,given
C-00138,Measles-1,2026-09-24,1,MR2609C,Fixed site,given
C-00138,Yellow Fever,2026-09-24,1,YF2609C,Fixed site,given
C-00139,BCG,2025-09-12,1,BC2509B,Fixed site,given
C-00139,Penta-1,2025-09-20,1,PT2509C,Fixed site,given
C-00139,OPV-1,2025-09-20,1,OP2509C,Fixed site,given
C-00139,PCV-1,2025-09-20,1,PC2509C,Fixed site,given
C-00139,Rota-1,2025-09-20,1,RT2509C,Fixed site,given
C-00139,Penta-2,2025-10-18,2,PT2510C,Fixed site,given
C-00139,OPV-2,2025-10-18,2,OP2510C,Fixed site,given
C-00139,PCV-2,2025-10-18,2,PC2510C,Fixed site,given
C-00139,Rota-2,2025-10-18,2,RT2510C,Fixed site,given
C-00139,Penta-3,2025-11-15,3,PT2511B,Fixed site,given
C-00139,OPV-3,2025-11-15,3,OP2511B,Fixed site,given
C-00139,PCV-3,2025-11-15,3,PC2511B,Fixed site,given
C-00139,Measles-1,2026-04-13,1,MR2604B,Fixed site,given
C-00139,Yellow Fever,2026-04-13,1,YF2604B,Fixed site,given
C-00140,BCG,2025-06-03,1,BC2506A,Fixed site,given
C-00140,Penta-1,2025-06-17,1,PT2506C,Fixed site,given
C-00140,OPV-1,2025-06-17,1,OP2506C,Fixed site,given
C-00140,PCV-1,2025-06-17,1,PC2506C,Fixed site,given
C-00140,Rota-1,2025-06-17,1,RT2506C,Fixed site,given
C-00140,Penta-2,2026-01-04,2,PT2601A,Outreach,given
C-00140,OPV-2,2026-01-04,2,OP2601A,Outreach,given
C-00140,PCV-2,2026-01-04,2,PC2601A,Outreach,given
C-00140,Rota-2,2026-01-04,2,RT2601A,Outreach,given
C-00140,Penta-3,2026-02-01,3,PT2602A,Fixed site,given
C-00140,OPV-3,2026-02-01,3,OP2602A,Fixed site,given
C-00140,PCV-3,2026-02-01,3,PC2602A,Fixed site,given
C-00140,Measles-1,2026-05-07,1,MR2605A,Fixed site,given
C-00140,Yellow Fever,2026-05-07,1,YF2605A,Fixed site,given
C-00141,BCG,2026-03-04,1,BC2603A,Fixed site,given
C-00141,OPV-0,2026-03-04,0,OP2603A,Fixed site,given
C-00141,Penta-1,2026-06-28,1,PT2606D,Fixed site,given
C-00141,OPV-1,2026-06-28,1,OP2606D,Fixed site,given
C-00141,PCV-1,2026-06-28,1,PC2606D,Fixed site,given
C-00141,Rota-1,2026-06-28,1,RT2606D,Fixed site,given
C-00141,Penta-2,2026-07-26,2,PT2607D,Fixed site,given
C-00141,OPV-2,2026-07-26,2,OP2607D,Fixed site,given
C-00141,PCV-2,2026-07-26,2,PC2607D,Fixed site,given
C-00141,Rota-2,2026-07-26,2,RT2607D,Fixed site,given
C-00141,Penta-3,2026-09-23,3,PT2609C,Fixed site,given
C-00141,OPV-3,2026-09-23,3,OP2609C,Fixed site,given
C-00141,PCV-3,2026-09-23,3,PC2609C,Fixed site,given
C-00142,BCG,2025-07-26,1,BC2507D,Fixed site,given
C-00142,Penta-1,2025-08-17,1,PT2508C,Fixed site,given
C-00142,OPV-1,2025-08-17,1,OP2508C,Fixed site,given
C-00142,PCV-1,2025-08-17,1,PC2508C,Fixed site,given
C-00142,Rota-1,2025-08-17,1,RT2508C,Fixed site,given
C-00142,Penta-2,2025-09-14,2,PT2509B,Fixed site,given
C-00142,PCV-2,2025-09-14,2,PC2509B,Fixed site,given
C-00142,Penta-3,2025-11-08,3,PT2511A,Fixed site,given
C-00142,OPV-3,2025-11-08,3,OP2511A,Fixed site,given
C-00142,PCV-3,2025-11-08,3,PC2511A,Fixed site,given
C-00143,Penta-1,2024-10-16,1,PT2410B,Fixed site,given
C-00143,OPV-1,2024-10-16,1,OP2410B,Fixed site,given
C-00143,PCV-1,2024-10-16,1,PC2410B,Fixed site,given
C-00143,Rota-1,2024-10-16,1,RT2410B,Fixed site,given
C-00143,BCG,2024-12-09,1,BC2412B,Fixed site,given
C-00143,Penta-2,2025-03-21,2,PT2503C,Fixed site,given
C-00143,OPV-2,2025-03-21,2,OP2503C,Fixed site,given
C-00143,PCV-2,2025-03-21,2,PC2503C,Fixed site,given
C-00143,Rota-2,2025-03-21,2,RT2503C,Fixed site,given
C-00143,Penta-3,2025-04-18,3,PT2504C,Fixed site,given
C-00143,OPV-3,2025-04-18,3,OP2504C,Fixed site,given
C-00143,PCV-3,2025-04-18,3,PC2504C,Fixed site,given
C-00143,Measles-1,2025-05-31,1,MR2505D,Fixed site,given
C-00143,Yellow Fever,2025-05-31,1,YF2505D,Fixed site,given
C-00144,BCG,2025-09-11,1,BC2509B,Fixed site,given
C-00144,Penta-1,2025-10-23,1,PT2510C,Fixed site,given
C-00144,OPV-1,2025-10-23,1,OP2510C,Fixed site,given
C-00144,PCV-1,2025-10-23,1,PC2510C,Fixed site,given
C-00144,Rota-1,2025-10-23,1,RT2510C,Fixed site,given
C-00144,Penta-2,2025-12-13,2,PT2512B,Fixed site,given
C-00144,OPV-2,2025-12-13,2,OP2512B,Fixed site,given
C-00144,PCV-2,2025-12-13,2,PC2512B,Fixed site,given
C-00144,Rota-2,2025-12-13,2,RT2512B,Fixed site,given
C-00144,Penta-3,2026-03-26,3,PT2603D,Fixed site,given
C-00144,OPV-3,2026-03-26,3,OP2603D,Fixed site,given
C-00144,Measles-1,2026-09-24,1,MR2609C,Fixed site,given
C-00144,Yellow Fever,2026-09-24,1,YF2609C,Fixed site,given
C-00145,BCG,2025-08-03,1,BC2508A,Fixed site,given
C-00145,OPV-0,2025-08-03,0,OP2508A,Fixed site,given
C-00145,Penta-1,2025-09-18,1,PT2509C,Fixed site,given
C-00145,OPV-1,2025-09-18,1,OP2509C,Fixed site,given
C-00145,PCV-1,2025-09-18,1,PC2509C,Fixed site,given
C-00145,Rota-1,2025-09-18,1,RT2509C,Fixed site,given
C-00145,Penta-2,2025-11-16,2,PT2511B,Fixed site,given
C-00145,PCV-2,2025-11-16,2,PC2511B,Fixed site,given
C-00145,Rota-2,2025-11-16,2,RT2511B,Fixed site,given
C-00145,Penta-3,2025-12-23,3,PT2512C,Fixed site,given
C-00145,OPV-3,2025-12-23,3,OP2512C,Fixed site,given
C-00145,PCV-3,2025-12-23,3,PC2512C,Fixed site,given
C-00145,Measles-1,2026-07-31,1,MR2607D,Fixed site,given
C-00145,Yellow Fever,2026-07-31,1,YF2607D,Fixed site,given
C-00146,BCG,2026-05-18,1,BC2605C,Fixed site,given
C-00146,Penta-1,2026-05-22,1,PT2605C,Fixed site,given
C-00146,OPV-1,2026-05-22,1,OP2605C,Fixed site,given
C-00146,PCV-1,2026-05-22,1,PC2605C,Fixed site,given
C-00146,Rota-1,2026-05-22,1,RT2605C,Fixed site,given
C-00146,Penta-2,2026-06-19,2,PT2606C,Fixed site,given
C-00146,OPV-2,2026-06-19,2,OP2606C,Fixed site,given
C-00146,PCV-2,2026-06-19,2,PC2606C,Fixed site,given
C-00146,Rota-2,2026-06-19,2,RT2606C,Fixed site,given
C-00146,OPV-3,2026-09-24,3,OP2609C,Fixed site,given
C-00147,Penta-1,2025-11-29,1,PT2511D,Fixed site,given
C-00147,OPV-1,2025-11-29,1,OP2511D,Fixed site,given
C-00147,PCV-1,2025-11-29,1,PC2511D,Fixed site,given
C-00147,Penta-2,2026-01-15,2,PT2601B,Fixed site,given
C-00147,OPV-2,2026-01-15,2,OP2601B,Fixed site,given
C-00147,PCV-2,2026-01-15,2,PC2601B,Fixed site,given
C-00147,Rota-2,2026-01-15,2,RT2601B,Fixed site,given
C-00147,Penta-3,2026-05-11,3,PT2605B,Fixed site,given
C-00147,OPV-3,2026-05-11,3,OP2605B,Fixed site,given
C-00147,PCV-3,2026-05-11,3,PC2605B,Fixed site,given
C-00147,Measles-1,2026-09-24,1,MR2609C,Fixed site,given
C-00147,Yellow Fever,2026-09-24,1,YF2609C,Fixed site,given
C-00148,BCG,2025-11-20,1,BC2511C,Fixed site,given
C-00148,OPV-0,2025-11-20,0,OP2511C,Fixed site,given
C-00148,Penta-1,2026-02-07,1,PT2602A,Fixed site,given
C-00148,OPV-1,2026-02-07,1,OP2602A,Fixed site,given
C-00148,PCV-1,2026-02-07,1,PC2602A,Fixed site,given
C-00148,Penta-2,2026-04-09,2,PT2604B,Fixed site,given
C-00148,OPV-2,2026-04-09,2,OP2604B,Fixed site,given
C-00148,PCV-2,2026-04-09,2,PC2604B,Fixed site,given
C-00148,Rota-2,2026-04-09,2,RT2604B,Fixed site,given
C-00148,Penta-3,2026-05-19,3,PT2605C,Fixed site,given
C-00148,OPV-3,2026-05-19,3,OP2605C,Fixed site,given
C-00148,PCV-3,2026-05-19,3,PC2605C,Fixed site,given
C-00148,Measles-1,2026-08-31,1,MR2608D,Fixed site,given
C-00148,Yellow Fever,2026-08-31,1,YF2608D,Fixed site,given
C-00149,BCG,2025-09-20,1,BC2509C,Fixed site,given
C-00149,OPV-0,2025-09-20,0,OP2509C,Fixed site,given
C-00149,Penta-1,2026-06-24,1,PT2606C,Fixed site,given
C-00149,OPV-1,2026-06-24,1,OP2606C,Fixed site,given
C-00149,PCV-1,2026-06-24,1,PC2606C,Fixed site,given
C-00149,Rota-1,2026-06-24,1,RT2606C,Fixed site,given
C-00149,Measles-1,2026-06-24,1,MR2606C,Fixed site,given
C-00149,Yellow Fever,2026-06-24,1,YF2606C,Fixed site,given
C-00149,Penta-2,2026-07-22,2,PT2607C,Fixed site,given
C-00149,OPV-2,2026-07-22,2,OP2607C,Fixed site,given
C-00149,PCV-2,2026-07-22,2,PC2607C,Fixed site,given
C-00149,Rota-2,2026-07-22,2,RT2607C,Fixed site,given
C-00149,Penta-3,2026-08-19,3,PT2608C,Fixed site,given
C-00149,OPV-3,2026-08-19,3,OP2608C,Fixed site,given
C-00149,PCV-3,2026-08-19,3,PC2608C,Fixed site,given
C-00150,BCG,2026-04-23,1,BC2604C,Fixed site,given
C-00150,OPV-0,2026-04-23,0,OP2604C,Fixed site,given
C-00150,Penta-1,2026-06-04,1,PT2606A,Fixed site,given
C-00150,Penta-2,2026-07-02,2,PT2607A,Fixed site,given
C-00150,OPV-2,2026-07-02,2,OP2607A,Fixed site,given
C-00150,Rota-2,2026-07-02,2,RT2607A,Fixed site,given
C-00150,OPV-1,2026-09-24,1,OP2609C,Fixed site,given
C-00150,PCV-1,2026-09-24,1,PC2609C,Fixed site,given
C-00150,Rota-1,2026-09-24,1,RT2609C,Fixed site,given
C-00150,Penta-3,2026-09-24,3,PT2609C,Fixed site,given
C-00150,OPV-3,2026-09-24,3,OP2609C,Fixed site,given
C-00150,PCV-3,2026-09-24,3,PC2609C,Fixed site,given
C-00151,BCG,2026-09-24,1,BC2609C,Fixed site,given
C-00151,OPV-0,2026-09-24,0,OP2609C,Fixed site,given
C-00152,BCG,2026-07-02,1,BC2607A,Fixed site,given
C-00152,Penta-1,2026-07-05,1,PT2607A,Fixed site,given
C-00152,OPV-1,2026-07-05,1,OP2607A,Fixed site,given
C-00152,PCV-1,2026-07-05,1,PC2607A,Fixed site,given
C-00152,Rota-1,2026-07-05,1,RT2607A,Fixed site,given
C-00152,Penta-2,2026-08-02,2,PT2608A,Fixed site,given
C-00152,OPV-2,2026-08-02,2,OP2608A,Fixed site,given
C-00152,PCV-2,2026-08-02,2,PC2608A,Fixed site,given
C-00152,Rota-2,2026-08-02,2,RT2608A,Fixed site,given
C-00152,Penta-3,2026-08-30,3,PT2608D,Fixed site,given
C-00152,OPV-3,2026-08-30,3,OP2608D,Fixed site,given
C-00152,PCV-3,2026-08-30,3,PC2608D,Fixed site,given
C-00153,BCG,2025-10-25,1,BC2510D,Fixed site,given
C-00153,Penta-1,2026-01-08,1,PT2601A,Fixed site,given
C-00153,OPV-1,2026-01-08,1,OP2601A,Fixed site,given
C-00153,PCV-1,2026-01-08,1,PC2601A,Fixed site,given
C-00153,Rota-1,2026-01-08,1,RT2601A,Fixed site,given
C-00153,Penta-2,2026-02-05,2,PT2602A,Fixed site,given
C-00153,OPV-2,2026-02-05,2,OP2602A,Fixed site,given
C-00153,PCV-2,2026-02-05,2,PC2602A,Fixed site,given
C-00153,Rota-2,2026-02-05,2,RT2602A,Fixed site,given
C-00153,Penta-3,2026-03-05,3,PT2603A,Fixed site,given
C-00153,OPV-3,2026-03-05,3,OP2603A,Fixed site,given
C-00153,PCV-3,2026-03-05,3,PC2603A,Fixed site,given
C-00153,Measles-1,2026-06-27,1,MR2606D,Outreach,given
C-00153,Yellow Fever,2026-06-27,1,YF2606D,Outreach,given
C-00154,BCG,2025-11-27,1,BC2511D,Fixed site,given
C-00155,Penta-1,2026-06-17,1,PT2606C,Fixed site,given
C-00155,OPV-1,2026-06-17,1,OP2606C,Fixed site,given
C-00155,PCV-1,2026-06-17,1,PC2606C,Fixed site,given
C-00155,Rota-1,2026-06-17,1,RT2606C,Fixed site,given
C-00155,BCG,2026-07-01,1,BC2607A,Fixed site,given
C-00155,Penta-2,2026-07-15,2,PT2607B,Fixed site,given
C-00155,OPV-2,2026-07-15,2,OP2607B,Fixed site,given
C-00155,PCV-2,2026-07-15,2,PC2607B,Fixed site,given
C-00155,Rota-2,2026-07-15,2,RT2607B,Fixed site,given
C-00155,Penta-3,2026-08-12,3,PT2608B,Fixed site,given
C-00155,OPV-3,2026-08-12,3,OP2608B,Fixed site,given
C-00155,PCV-3,2026-08-12,3,PC2608B,Fixed site,given
C-00156,BCG,2024-12-11,1,BC2412B,Fixed site,given
C-00156,OPV-0,2024-12-11,0,OP2412B,Fixed site,given
C-00156,Penta-1,2025-01-17,1,PT2501C,Fixed site,given
C-00156,OPV-1,2025-01-17,1,OP2501C,Fixed site,given
C-00156,Rota-1,2025-01-17,1,RT2501C,Fixed site,given
C-00156,Penta-2,2025-04-08,2,PT2504A,Fixed site,given
C-00156,OPV-2,2025-04-08,2,OP2504A,Fixed site,given
C-00156,PCV-2,2025-04-08,2,PC2504A,Fixed site,given
C-00156,Rota-2,2025-04-08,2,RT2504A,Fixed site,given
C-00156,Penta-3,2025-05-06,3,PT2505A,Fixed site,given
C-00156,OPV-3,2025-05-06,3,OP2505A,Fixed site,given
C-00156,PCV-3,2025-05-06,3,PC2505A,Fixed site,given
C-00156,Measles-1,2025-08-27,1,MR2508D,Fixed site,given
C-00156,Measles-2,2026-06-14,2,MR2606B,Fixed site,given
C-00157,BCG,2026-04-07,1,BC2604A,Fixed site,given
C-00157,Penta-1,2026-06-07,1,PT2606A,Fixed site,given
C-00157,OPV-1,2026-06-07,1,OP2606A,Fixed site,given
C-00157,Rota-1,2026-06-07,1,RT2606A,Fixed site,given
C-00157,Penta-2,2026-07-05,2,PT2607A,Fixed site,given
C-00157,OPV-2,2026-07-05,2,OP2607A,Fixed site,given
C-00157,PCV-2,2026-07-05,2,PC2607A,Fixed site,given
C-00157,Rota-2,2026-07-05,2,RT2607A,Fixed site,given
C-00157,Penta-3,2026-08-02,3,PT2608A,Fixed site,given
C-00157,OPV-3,2026-08-02,3,OP2608A,Fixed site,given
C-00157,PCV-3,2026-08-02,3,PC2608A,Fixed site,given
C-00158,BCG,2026-02-07,1,BC2602A,Fixed site,given
C-00158,Penta-1,2026-03-06,1,PT2603A,Fixed site,given
C-00158,OPV-1,2026-03-06,1,OP2603A,Fixed site,given
C-00158,PCV-1,2026-03-06,1,PC2603A,Fixed site,given
C-00158,Rota-1,2026-03-06,1,RT2603A,Fixed site,given
C-00158,Penta-2,2026-05-24,2,PT2605C,Fixed site,given
C-00158,OPV-2,2026-05-24,2,OP2605C,Fixed site,given
C-00158,PCV-2,2026-05-24,2,PC2605C,Fixed site,given
C-00158,Rota-2,2026-05-24,2,RT2605C,Fixed site,given
C-00158,Penta-3,2026-06-21,3,PT2606C,Fixed site,given
C-00158,OPV-3,2026-06-21,3,OP2606C,Fixed site,given
C-00158,PCV-3,2026-06-21,3,PC2606C,Fixed site,given
C-00159,BCG,2024-08-19,1,BC2408C,Fixed site,given
C-00159,OPV-0,2024-08-19,0,OP2408C,Fixed site,given
C-00159,Penta-1,2024-10-24,1,PT2410C,Fixed site,given
C-00159,OPV-1,2024-10-24,1,OP2410C,Fixed site,given
C-00159,PCV-1,2024-10-24,1,PC2410C,Fixed site,given
C-00159,Rota-1,2024-10-24,1,RT2410C,Fixed site,given
C-00159,Penta-2,2024-12-16,2,PT2412B,Fixed site,given
C-00159,OPV-2,2024-12-16,2,OP2412B,Fixed site,given
C-00159,PCV-2,2024-12-16,2,PC2412B,Fixed site,given
C-00159,Rota-2,2024-12-16,2,RT2412B,Fixed site,given
C-00160,BCG,2024-12-27,1,BC2412D,Fixed site,given
C-00160,Penta-1,2025-02-06,1,PT2502A,Fixed site,given
C-00160,PCV-1,2025-02-06,1,PC2502A,Fixed site,given
C-00160,Rota-1,2025-02-06,1,RT2502A,Fixed site,given
C-00161,BCG,2026-05-01,1,BC2605A,Fixed site,given
C-00161,OPV-0,2026-05-01,0,OP2605A,Fixed site,given
C-00161,Penta-1,2026-06-01,1,PT2606A,Fixed site,given
C-00161,OPV-1,2026-06-01,1,OP2606A,Fixed site,given
C-00161,PCV-1,2026-06-01,1,PC2606A,Fixed site,given
C-00161,Rota-1,2026-06-01,1,RT2606A,Fixed site,given
C-00161,Penta-2,2026-06-29,2,PT2606D,Fixed site,given
C-00161,PCV-2,2026-06-29,2,PC2606D,Fixed site,given
C-00161,Rota-2,2026-06-29,2,RT2606D,Fixed site,given
C-00161,Penta-3,2026-07-27,3,PT2607D,Fixed site,given
C-00161,OPV-3,2026-07-27,3,OP2607D,Fixed site,given
C-00162,BCG,2024-11-13,1,BC2411B,Fixed site,given
C-00162,OPV-0,2024-11-13,0,OP2411B,Fixed site,given
C-00162,Penta-1,2025-02-18,1,PT2502C,Fixed site,given
C-00162,OPV-1,2025-02-18,1,OP2502C,Fixed site,given
C-00162,PCV-1,2025-02-18,1,PC2502C,Fixed site,given
C-00162,Rota-1,2025-02-18,1,RT2502C,Fixed site,given
C-00162,Penta-2,2025-03-18,2,PT2503C,Fixed site,given
C-00162,OPV-2,2025-03-18,2,OP2503C,Fixed site,given
C-00162,PCV-2,2025-03-18,2,PC2503C,Fixed site,given
C-00162,Rota-2,2025-03-18,2,RT2503C,Fixed site,given
C-00162,Measles-1,2025-09-03,1,MR2509A,Fixed site,given
C-00162,Yellow Fever,2025-09-03,1,YF2509A,Fixed site,given
C-00162,Penta-3,2025-10-15,3,PT2510B,Fixed site,given
C-00162,OPV-3,2025-10-15,3,OP2510B,Fixed site,given
C-00162,PCV-3,2025-10-15,3,PC2510B,Fixed site,given
C-00163,BCG,2025-09-07,1,BC2509A,Fixed site,given
C-00163,OPV-0,2025-09-07,0,OP2509A,Fixed site,given
C-00163,Penta-1,2025-12-14,1,PT2512B,Fixed site,given
C-00163,OPV-1,2025-12-14,1,OP2512B,Fixed site,given
C-00163,PCV-1,2025-12-14,1,PC2512B,Fixed site,given
C-00163,Rota-1,2025-12-14,1,RT2512B,Fixed site,given
C-00163,Penta-2,2026-01-11,2,PT2601B,Fixed site,given
C-00163,OPV-2,2026-01-11,2,OP2601B,Fixed site,given
C-00163,PCV-2,2026-01-11,2,PC2601B,Fixed site,given
C-00163,Rota-2,2026-01-11,2,RT2601B,Fixed site,given
C-00163,Penta-3,2026-03-08,3,PT2603A,Fixed site,given
C-00163,OPV-3,2026-03-08,3,OP2603A,Fixed site,given
C-00163,PCV-3,2026-03-08,3,PC2603A,Fixed site,given
C-00163,Measles-1,2026-06-13,1,MR2606B,Fixed site,given
C-00163,Yellow Fever,2026-06-13,1,YF2606B,Fixed site,given
C-00164,BCG,2025-11-25,1,BC2511D,Fixed site,given
C-00164,OPV-0,2025-11-25,0,OP2511D,Fixed site,given
C-00164,Penta-1,2026-05-17,1,PT2605C,Fixed site,given
C-00164,OPV-1,2026-05-17,1,OP2605C,Fixed site,given
C-00164,PCV-1,2026-05-17,1,PC2605C,Fixed site,given
C-00164,Rota-1,2026-05-17,1,RT2605C,Fixed site,given
C-00164,Penta-2,2026-06-14,2,PT2606B,Fixed site,given
C-00164,OPV-2,2026-06-14,2,OP2606B,Fixed site,given
C-00164,PCV-2,2026-06-14,2,PC2606B,Fixed site,given
C-00164,Rota-2,2026-06-14,2,RT2606B,Fixed site,given
C-00164,Penta-3,2026-07-12,3,PT2607B,Fixed site,given
C-00164,OPV-3,2026-07-12,3,OP2607B,Fixed site,given
C-00164,PCV-3,2026-07-12,3,PC2607B,Fixed site,given
C-00164,Measles-1,2026-09-24,1,MR2609C,Fixed site,given
C-00164,Yellow Fever,2026-09-24,1,YF2609C,Fixed site,given
C-00165,BCG,2025-01-04,1,BC2501A,Fixed site,given
C-00165,OPV-0,2025-01-04,0,OP2501A,Fixed site,given
C-00165,Penta-1,2025-03-24,1,PT2503C,Fixed site,given
C-00165,OPV-1,2025-03-24,1,OP2503C,Fixed site,given
C-00165,PCV-1,2025-03-24,1,PC2503C,Fixed site,given
C-00165,Rota-1,2025-03-24,1,RT2503C,Fixed site,given
C-00165,Penta-2,2025-04-21,2,PT2504C,Fixed site,given
C-00165,OPV-2,2025-04-21,2,OP2504C,Fixed site,given
C-00165,PCV-2,2025-04-21,2,PC2504C,Fixed site,given
C-00165,Rota-2,2025-04-21,2,RT2504C,Fixed site,given
C-00165,Penta-3,2025-08-01,3,PT2508A,Fixed site,given
C-00165,OPV-3,2025-08-01,3,OP2508A,Fixed site,given
C-00165,PCV-3,2025-08-01,3,PC2508A,Fixed site,given
C-00165,Measles-1,2026-03-30,1,MR2603D,Outreach,given
C-00165,Yellow Fever,2026-03-30,1,YF2603D,Outreach,given
C-00166,BCG,2026-03-03,1,BC2603A,Fixed site,given
C-00166,OPV-0,2026-03-03,0,OP2603A,Fixed site,given
C-00166,Penta-1,2026-04-20,1,PT2604C,Fixed site,given
C-00166,OPV-1,2026-04-20,1,OP2604C,Fixed site,given
C-00166,PCV-1,2026-04-20,1,PC2604C,Fixed site,given
C-00166,Rota-1,2026-04-20,1,RT2604C,Fixed site,given
C-00166,Penta-2,2026-06-21,2,PT2606C,Fixed site,given
C-00166,OPV-2,2026-06-21,2,OP2606C,Fixed site,given
C-00166,PCV-2,2026-06-21,2,PC2606C,Fixed site,given
C-00166,Rota-2,2026-06-21,2,RT2606C,Fixed site,given
C-00167,BCG,2024-07-23,1,BC2407C,Outreach,given
C-00167,Penta-1,2024-09-23,1,PT2409C,Fixed site,given
C-00167,OPV-1,2024-09-23,1,OP2409C,Fixed site,given
C-00167,PCV-1,2024-09-23,1,PC2409C,Fixed site,given
C-00167,Rota-1,2024-09-23,1,RT2409C,Fixed site,given
C-00167,Penta-2,2024-10-21,2,PT2410C,Outreach,given
C-00167,OPV-2,2024-10-21,2,OP2410C,Outreach,given
C-00167,PCV-2,2024-10-21,2,PC2410C,Outreach,given
C-00167,Rota-2,2024-10-21,2,RT2410C,Outreach,given
C-00167,Penta-3,2024-11-18,3,PT2411C,Fixed site,given
C-00167,OPV-3,2024-11-18,3,OP2411C,Fixed site,given
C-00167,PCV-3,2024-11-18,3,PC2411C,Fixed site,given
C-00167,Measles-1,2025-04-28,1,MR2504D,Fixed site,given
C-00167,Yellow Fever,2025-04-28,1,YF2504D,Fixed site,given
C-00168,BCG,2026-05-04,1,BC2605A,Fixed site,given
C-00168,OPV-0,2026-05-04,0,OP2605A,Fixed site,given
C-00168,Penta-1,2026-07-03,1,PT2607A,Fixed site,given
C-00168,OPV-1,2026-07-03,1,OP2607A,Fixed site,given
C-00168,PCV-1,2026-07-03,1,PC2607A,Fixed site,given
C-00168,Rota-1,2026-07-03,1,RT2607A,Fixed site,given
C-00168,Penta-2,2026-08-22,2,PT2608C,Fixed site,given
C-00168,OPV-2,2026-08-22,2,OP2608C,Fixed site,given
C-00168,PCV-2,2026-08-22,2,PC2608C,Fixed site,given
C-00168,Rota-2,2026-08-22,2,RT2608C,Fixed site,given
C-00168,Penta-3,2026-09-24,3,PT2609C,Fixed site,given
C-00168,OPV-3,2026-09-24,3,OP2609C,Fixed site,given
C-00168,PCV-3,2026-09-24,3,PC2609C,Fixed site,given
C-00169,BCG,2025-05-04,1,BC2505A,Fixed site,given
C-00169,OPV-0,2025-05-04,0,OP2505A,Fixed site,given
C-00169,Penta-1,2025-07-25,1,PT2507D,Fixed site,given
C-00169,OPV-1,2025-07-25,1,OP2507D,Fixed site,given
C-00169,PCV-1,2025-07-25,1,PC2507D,Fixed site,given
C-00169,Rota-1,2025-07-25,1,RT2507D,Fixed site,given
C-00169,Measles-1,2026-03-03,1,MR2603A,Fixed site,given
C-00169,Yellow Fever,2026-03-03,1,YF2603A,Fixed site,given
C-00169,Penta-2,2026-03-09,2,PT2603B,Fixed site,given
C-00169,OPV-2,2026-03-09,2,OP2603B,Fixed site,given
C-00169,PCV-2,2026-03-09,2,PC2603B,Fixed site,given
C-00169,Rota-2,2026-03-09,2,RT2603B,Fixed site,given
C-00169,Penta-3,2026-04-06,3,PT2604A,Fixed site,given
C-00169,OPV-3,2026-04-06,3,OP2604A,Fixed site,given
C-00169,PCV-3,2026-04-06,3,PC2604A,Fixed site,given
C-00170,BCG,2024-09-28,1,BC2409D,Fixed site,given
C-00170,OPV-0,2024-09-28,0,OP2409D,Fixed site,given
C-00170,Penta-1,2024-11-13,1,PT2411B,Fixed site,given
C-00170,OPV-1,2024-11-13,1,OP2411B,Fixed site,given
C-00170,PCV-1,2024-11-13,1,PC2411B,Fixed site,given
C-00170,Rota-1,2024-11-13,1,RT2411B,Fixed site,given
C-00170,Penta-2,2025-01-18,2,PT2501C,Fixed site,given
C-00170,OPV-2,2025-01-18,2,OP2501C,Fixed site,given
C-00170,PCV-2,2025-01-18,2,PC2501C,Fixed site,given
C-00170,Rota-2,2025-01-18,2,RT2501C,Fixed site,given
C-00170,Penta-3,2025-05-04,3,PT2505A,Fixed site,given
C-00170,OPV-3,2025-05-04,3,OP2505A,Fixed site,given
C-00170,PCV-3,2025-05-04,3,PC2505A,Fixed site,given
C-00170,Measles-1,2026-02-23,1,MR2602C,Fixed site,given
C-00170,Yellow Fever,2026-02-23,1,YF2602C,Fixed site,given
C-00171,BCG,2024-12-28,1,BC2412D,Fixed site,given
C-00171,OPV-0,2024-12-28,0,OP2412D,Fixed site,given
C-00171,Penta-1,2025-03-17,1,PT2503C,Fixed site,given
C-00171,OPV-1,2025-03-17,1,OP2503C,Fixed site,given
C-00171,PCV-1,2025-03-17,1,PC2503C,Fixed site,given
C-00171,Rota-1,2025-03-17,1,RT2503C,Fixed site,given
C-00171,Penta-2,2025-05-02,2,PT2505A,Fixed site,given
C-00171,OPV-2,2025-05-02,2,OP2505A,Fixed site,given
C-00171,PCV-2,2025-05-02,2,PC2505A,Fixed site,given
C-00171,Rota-2,2025-05-02,2,RT2505A,Fixed site,given
C-00171,Penta-3,2025-07-27,3,PT2507D,Fixed site,given
C-00171,OPV-3,2025-07-27,3,OP2507D,Fixed site,given
C-00171,PCV-3,2025-07-27,3,PC2507D,Fixed site,given
C-00171,Measles-1,2026-05-24,1,MR2605C,Fixed site,given
C-00171,Yellow Fever,2026-05-24,1,YF2605C,Fixed site,given
C-00171,Measles-2,2026-06-27,2,MR2606D,Fixed site,given
C-00172,BCG,2025-01-16,1,BC2501B,Fixed site,given
C-00172,OPV-0,2025-01-16,0,OP2501B,Fixed site,given
C-00172,Penta-1,2025-03-02,1,PT2503A,Fixed site,given
C-00172,OPV-1,2025-03-02,1,OP2503A,Fixed site,given
C-00172,PCV-1,2025-03-02,1,PC2503A,Fixed site,given
C-00172,Rota-1,2025-03-02,1,RT2503A,Fixed site,given
C-00172,Penta-2,2025-05-01,2,PT2505A,Fixed site,given
C-00172,OPV-2,2025-05-01,2,OP2505A,Fixed site,given
C-00172,PCV-2,2025-05-01,2,PC2505A,Fixed site,given
C-00172,Rota-2,2025-05-01,2,RT2505A,Fixed site,given
C-00172,Penta-3,2025-05-29,3,PT2505D,Fixed site,given
C-00172,OPV-3,2025-05-29,3,OP2505D,Fixed site,given
C-00172,PCV-3,2025-05-29,3,PC2505D,Fixed site,given
C-00172,Measles-1,2026-01-10,1,MR2601B,Fixed site,given
C-00172,Yellow Fever,2026-01-10,1,YF2601B,Fixed site,given
C-00173,BCG,2025-10-31,1,BC2510D,Fixed site,given
C-00173,OPV-0,2025-10-31,0,OP2510D,Fixed site,given
C-00173,OPV-3,2026-03-15,3,OP2603B,Fixed site,given
C-00173,Measles-1,2026-09-24,1,MR2609C,Fixed site,given
C-00173,Yellow Fever,2026-09-24,1,YF2609C,Fixed site,given
C-00174,BCG,2025-02-03,1,BC2502A,Fixed site,given
C-00174,OPV-0,2025-02-03,0,OP2502A,Fixed site,given
C-00174,Penta-1,2025-06-03,1,PT2506A,Fixed site,given
C-00174,OPV-1,2025-06-03,1,OP2506A,Fixed site,given
C-00174,PCV-1,2025-06-03,1,PC2506A,Fixed site,given
C-00174,Rota-1,2025-06-03,1,RT2506A,Fixed site,given
C-00174,Penta-2,2025-07-01,2,PT2507A,Fixed site,given
C-00174,OPV-2,2025-07-01,2,OP2507A,Fixed site,given
C-00174,PCV-2,2025-07-01,2,PC2507A,Fixed site,given
C-00174,Rota-2,2025-07-01,2,RT2507A,Fixed site,given
C-00174,Penta-3,2025-07-29,3,PT2507D,Fixed site,given
C-00174,OPV-3,2025-07-29,3,OP2507D,Fixed site,given
C-00174,PCV-3,2025-07-29,3,PC2507D,Fixed site,given
C-00174,Measles-1,2026-04-20,1,MR2604C,Fixed site,given
C-00174,Yellow Fever,2026-04-20,1,YF2604C,Fixed site,given
C-00175,BCG,2025-08-07,1,BC2508A,Fixed site,given
C-00175,OPV-0,2025-08-07,0,OP2508A,Fixed site,given
C-00175,Penta-1,2026-03-19,1,PT2603C,Fixed site,given
C-00175,OPV-1,2026-03-19,1,OP2603C,Fixed site,given
C-00175,PCV-1,2026-03-19,1,PC2603C,Fixed site,given
C-00175,Rota-1,2026-03-19,1,RT2603C,Fixed site,given
C-00175,Penta-2,2026-04-16,2,PT2604B,Fixed site,given
C-00175,OPV-2,2026-04-16,2,OP2604B,Fixed site,given
C-00175,PCV-2,2026-04-16,2,PC2604B,Fixed site,given
C-00175,Rota-2,2026-04-16,2,RT2604B,Fixed site,given
C-00175,Penta-3,2026-05-14,3,PT2605B,Fixed site,given
C-00175,OPV-3,2026-05-14,3,OP2605B,Fixed site,given
C-00175,PCV-3,2026-05-14,3,PC2605B,Fixed site,given
C-00176,BCG,2025-08-15,1,BC2508B,Fixed site,given
C-00176,OPV-0,2025-08-15,0,OP2508B,Fixed site,given
C-00176,Penta-1,2026-01-15,1,PT2601B,Fixed site,given
C-00176,OPV-1,2026-01-15,1,OP2601B,Fixed site,given
C-00176,PCV-1,2026-01-15,1,PC2601B,Fixed site,given
C-00176,Rota-1,2026-01-15,1,RT2601B,Fixed site,given
C-00176,Penta-2,2026-04-21,2,PT2604C,Fixed site,given
C-00176,OPV-2,2026-04-21,2,OP2604C,Fixed site,given
C-00176,PCV-2,2026-04-21,2,PC2604C,Fixed site,given
C-00176,Penta-3,2026-05-19,3,PT2605C,Fixed site,given
C-00176,OPV-3,2026-05-19,3,OP2605C,Fixed site,given
C-00176,PCV-3,2026-05-19,3,PC2605C,Fixed site,given
C-00176,Measles-1,2026-06-19,1,MR2606C,Fixed site,given
C-00177,BCG,2025-05-17,1,BC2505C,Outreach,given
C-00177,OPV-0,2025-05-17,0,OP2505C,Outreach,given
C-00177,Penta-1,2025-08-30,1,PT2508D,Fixed site,given
C-00177,OPV-1,2025-08-30,1,OP2508D,Fixed site,given
C-00177,PCV-1,2025-08-30,1,PC2508D,Fixed site,given
C-00177,Rota-1,2025-08-30,1,RT2508D,Fixed site,given
C-00177,Penta-2,2025-09-27,2,PT2509D,Fixed site,given
C-00177,OPV-2,2025-09-27,2,OP2509D,Fixed site,given
C-00177,PCV-2,2025-09-27,2,PC2509D,Fixed site,given
C-00177,Rota-2,2025-09-27,2,RT2509D,Fixed site,given
C-00177,Penta-3,2025-10-25,3,PT2510D,Fixed site,given
C-00177,OPV-3,2025-10-25,3,OP2510D,Fixed site,given
C-00177,PCV-3,2025-10-25,3,PC2510D,Fixed site,given
C-00177,Measles-1,2026-05-04,1,MR2605A,Fixed site,given
C-00177,Yellow Fever,2026-05-04,1,YF2605A,Fixed site,given
C-00178,BCG,2026-04-03,1,BC2604A,Fixed site,given
C-00178,OPV-0,2026-04-03,0,OP2604A,Fixed site,given
C-00178,Penta-1,2026-05-14,1,PT2605B,Fixed site,given
C-00178,OPV-1,2026-05-14,1,OP2605B,Fixed site,given
C-00178,PCV-1,2026-05-14,1,PC2605B,Fixed site,given
C-00178,Rota-1,2026-05-14,1,RT2605B,Fixed site,given
C-00178,Penta-2,2026-06-11,2,PT2606B,Fixed site,given
C-00178,OPV-2,2026-06-11,2,OP2606B,Fixed site,given
C-00178,PCV-2,2026-06-11,2,PC2606B,Fixed site,given
C-00178,Rota-2,2026-06-11,2,RT2606B,Fixed site,given
C-00178,Penta-3,2026-07-09,3,PT2607B,Fixed site,given
C-00178,OPV-3,2026-07-09,3,OP2607B,Fixed site,given
C-00178,PCV-3,2026-07-09,3,PC2607B,Fixed site,given
C-00179,BCG,2026-06-02,1,BC2606A,Fixed site,given
C-00179,OPV-0,2026-06-02,0,OP2606A,Fixed site,given
C-00179,Penta-1,2026-07-06,1,PT2607A,Fixed site,given
C-00179,OPV-1,2026-07-06,1,OP2607A,Fixed site,given
C-00179,PCV-1,2026-07-06,1,PC2607A,Fixed site,given
C-00179,Rota-1,2026-07-06,1,RT2607A,Fixed site,given
C-00179,Penta-2,2026-08-03,2,PT2608A,Fixed site,given
C-00179,OPV-2,2026-08-03,2,OP2608A,Fixed site,given
C-00179,PCV-2,2026-08-03,2,PC2608A,Fixed site,given
C-00179,Rota-2,2026-08-03,2,RT2608A,Fixed site,given
C-00179,Penta-3,2026-08-31,3,PT2608D,Fixed site,given
C-00179,OPV-3,2026-08-31,3,OP2608D,Fixed site,given
C-00179,PCV-3,2026-08-31,3,PC2608D,Fixed site,given
C-00180,BCG,2025-07-14,1,BC2507B,Fixed site,given
C-00180,OPV-0,2025-07-14,0,OP2507B,Fixed site,given
C-00180,Penta-1,2026-04-10,1,PT2604B,Fixed site,given
C-00180,OPV-1,2026-04-10,1,OP2604B,Fixed site,given
C-00180,PCV-1,2026-04-10,1,PC2604B,Fixed site,given
C-00180,Rota-1,2026-04-10,1,RT2604B,Fixed site,given
C-00180,Penta-2,2026-05-08,2,PT2605A,Fixed site,given
C-00180,OPV-2,2026-05-08,2,OP2605A,Fixed site,given
C-00180,PCV-2,2026-05-08,2,PC2605A,Fixed site,given
C-00180,Rota-2,2026-05-08,2,RT2605A,Fixed site,given
C-00180,Penta-3,2026-06-05,3,PT2606A,Fixed site,given
C-00180,OPV-3,2026-06-05,3,OP2606A,Fixed site,given
C-00180,PCV-3,2026-06-05,3,PC2606A,Fixed site,given
C-00180,Measles-1,2026-06-26,1,MR2606D,Fixed site,given
C-00180,Yellow Fever,2026-06-26,1,YF2606D,Fixed site,given
C-00181,BCG,2025-02-08,1,BC2502A,Fixed site,given
C-00181,Penta-1,2025-03-09,1,PT2503B,Fixed site,given
C-00181,OPV-1,2025-03-09,1,OP2503B,Fixed site,given
C-00181,PCV-1,2025-03-09,1,PC2503B,Fixed site,given
C-00181,Rota-1,2025-03-09,1,RT2503B,Fixed site,given
C-00181,Penta-2,2025-05-02,2,PT2505A,Fixed site,given
C-00181,OPV-2,2025-05-02,2,OP2505A,Fixed site,given
C-00181,PCV-2,2025-05-02,2,PC2505A,Fixed site,given
C-00181,Rota-2,2025-05-02,2,RT2505A,Fixed site,given
C-00181,Penta-3,2025-08-02,3,PT2508A,Fixed site,given
C-00181,OPV-3,2025-08-02,3,OP2508A,Fixed site,given
C-00181,PCV-3,2025-08-02,3,PC2508A,Fixed site,given
C-00181,Measles-1,2026-05-29,1,MR2605D,Fixed site,given
C-00181,Yellow Fever,2026-05-29,1,YF2605D,Fixed site,given
C-00182,BCG,2026-07-17,1,BC2607C,Fixed site,given
C-00182,Penta-1,2026-08-08,1,PT2608A,Fixed site,given
C-00182,Penta-2,2026-09-05,2,PT2609A,Outreach,given
C-00182,OPV-2,2026-09-05,2,OP2609A,Outreach,given
C-00182,PCV-2,2026-09-05,2,PC2609A,Outreach,given
C-00182,Rota-2,2026-09-05,2,RT2609A,Outreach,given
C-00182,OPV-1,2026-09-24,1,OP2609C,Fixed site,given
C-00182,PCV-1,2026-09-24,1,PC2609C,Fixed site,given
C-00182,Rota-1,2026-09-24,1,RT2609C,Fixed site,given
C-00183,Penta-1,2024-12-31,1,PT2412D,Fixed site,given
C-00183,OPV-1,2024-12-31,1,OP2412D,Fixed site,given
C-00183,PCV-1,2024-12-31,1,PC2412D,Fixed site,given
C-00183,Rota-1,2024-12-31,1,RT2412D,Fixed site,given
C-00183,BCG,2025-01-01,1,BC2501A,Fixed site,given
C-00183,Measles-1,2026-01-08,1,MR2601A,Fixed site,given
C-00183,Yellow Fever,2026-01-08,1,YF2601A,Fixed site,given
C-00184,BCG,2026-03-01,1,BC2603A,Fixed site,given
C-00184,OPV-0,2026-03-01,0,OP2603A,Fixed site,given
C-00184,Penta-1,2026-04-17,1,PT2604C,Fixed site,given
C-00184,OPV-1,2026-04-17,1,OP2604C,Fixed site,given
C-00184,PCV-1,2026-04-17,1,PC2604C,Fixed site,given
C-00184,Rota-1,2026-04-17,1,RT2604C,Fixed site,given
C-00184,Penta-2,2026-05-23,2,PT2605C,Fixed site,given
C-00184,OPV-2,2026-05-23,2,OP2605C,Fixed site,given
C-00184,PCV-2,2026-05-23,2,PC2605C,Fixed site,given
C-00184,Rota-2,2026-05-23,2,RT2605C,Fixed site,given
C-00184,Penta-3,2026-09-21,3,PT2609C,Fixed site,given
C-00184,OPV-3,2026-09-21,3,OP2609C,Fixed site,given
C-00184,PCV-3,2026-09-21,3,PC2609C,Fixed site,given
C-00185,BCG,2024-08-04,1,BC2408A,Fixed site,given
C-00185,OPV-0,2024-08-04,0,OP2408A,Fixed site,given
C-00185,Penta-1,2024-09-12,1,PT2409B,Fixed site,given
C-00185,OPV-1,2024-09-12,1,OP2409B,Fixed site,given
C-00185,PCV-1,2024-09-12,1,PC2409B,Fixed site,given
C-00185,Rota-1,2024-09-12,1,RT2409B,Fixed site,given
C-00185,Penta-2,2024-11-18,2,PT2411C,Fixed site,given
C-00185,OPV-2,2024-11-18,2,OP2411C,Fixed site,given
C-00185,PCV-2,2024-11-18,2,PC2411C,Fixed site,given
C-00185,Penta-3,2024-12-16,3,PT2412B,Fixed site,given
C-00185,OPV-3,2024-12-16,3,OP2412B,Fixed site,given
C-00185,PCV-3,2024-12-16,3,PC2412B,Fixed site,given
C-00185,Measles-1,2025-05-17,1,MR2505C,Outreach,given
C-00185,Measles-2,2026-04-21,2,MR2604C,Fixed site,given
C-00186,BCG,2026-09-24,1,BC2609C,Fixed site,given
C-00186,OPV-0,2026-09-24,0,OP2609C,Fixed site,given
C-00187,BCG,2025-11-03,1,BC2511A,Fixed site,given
C-00187,Penta-1,2026-03-14,1,PT2603B,Fixed site,given
C-00187,OPV-1,2026-03-14,1,OP2603B,Fixed site,given
C-00187,PCV-1,2026-03-14,1,PC2603B,Fixed site,given
C-00187,Rota-1,2026-03-14,1,RT2603B,Fixed site,given
C-00187,Penta-2,2026-04-11,2,PT2604B,Fixed site,given
C-00187,OPV-2,2026-04-11,2,OP2604B,Fixed site,given
C-00187,PCV-2,2026-04-11,2,PC2604B,Fixed site,given
C-00187,Rota-2,2026-04-11,2,RT2604B,Fixed site,given
C-00187,Measles-1,2026-08-09,1,MR2608B,Fixed site,given
C-00187,Yellow Fever,2026-08-09,1,YF2608B,Fixed site,given
C-00187,Penta-3,2026-08-21,3,PT2608C,Fixed site,given
C-00187,OPV-3,2026-08-21,3,OP2608C,Fixed site,given
C-00187,PCV-3,2026-08-21,3,PC2608C,Fixed site,given
C-00188,BCG,2026-04-10,1,BC2604B,Fixed site,given
C-00188,Penta-1,2026-05-30,1,PT2605D,Fixed site,given
C-00188,OPV-1,2026-05-30,1,OP2605D,Fixed site,given
C-00188,PCV-1,2026-05-30,1,PC2605D,Fixed site,given
C-00188,Rota-1,2026-05-30,1,RT2605D,Fixed site,given
C-00188,Penta-2,2026-06-27,2,PT2606D,Outreach,given
C-00188,OPV-2,2026-06-27,2,OP2606D,Outreach,given
C-00188,PCV-2,2026-06-27,2,PC2606D,Outreach,given
C-00188,Rota-2,2026-06-27,2,RT2606D,Outreach,given
C-00188,Penta-3,2026-09-24,3,PT2609C,Fixed site,given
C-00188,OPV-3,2026-09-24,3,OP2609C,Fixed site,given
C-00188,PCV-3,2026-09-24,3,PC2609C,Fixed site,given
C-00189,BCG,2025-02-05,1,BC2502A,Fixed site,given
C-00189,OPV-0,2025-02-05,0,OP2502A,Fixed site,given
C-00189,Penta-1,2025-04-18,1,PT2504C,Fixed site,given
C-00189,OPV-1,2025-04-18,1,OP2504C,Fixed site,given
C-00189,PCV-1,2025-04-18,1,PC2504C,Fixed site,given
C-00189,Rota-1,2025-04-18,1,RT2504C,Fixed site,given
C-00189,Measles-1,2025-11-07,1,MR2511A,Fixed site,given
C-00189,Yellow Fever,2025-11-07,1,YF2511A,Fixed site,given
C-00190,BCG,2025-04-13,1,BC2504B,Fixed site,given
C-00190,Penta-1,2025-05-06,1,PT2505A,Fixed site,given
C-00190,OPV-1,2025-05-06,1,OP2505A,Fixed site,given
C-00190,PCV-1,2025-05-06,1,PC2505A,Fixed site,given
C-00190,Rota-1,2025-05-06,1,RT2505A,Fixed site,given
C-00190,Penta-2,2025-06-16,2,PT2506B,Fixed site,given
C-00190,OPV-2,2025-06-16,2,OP2506B,Fixed site,given
C-00190,PCV-2,2025-06-16,2,PC2506B,Fixed site,given
C-00190,Rota-2,2025-06-16,2,RT2506B,Fixed site,given
C-00190,Penta-3,2025-12-08,3,PT2512A,Fixed site,given
C-00190,OPV-3,2025-12-08,3,OP2512A,Fixed site,given
C-00190,PCV-3,2025-12-08,3,PC2512A,Fixed site,given
C-00191,BCG,2026-01-07,1,BC2601A,Fixed site,given
C-00191,OPV-0,2026-01-07,0,OP2601A,Fixed site,given
C-00191,Penta-1,2026-03-24,1,PT2603C,Fixed site,given
C-00191,OPV-1,2026-03-24,1,OP2603C,Fixed site,given
C-00191,PCV-1,2026-03-24,1,PC2603C,Fixed site,given
C-00191,Rota-1,2026-03-24,1,RT2603C,Fixed site,given
C-00191,Penta-2,2026-05-15,2,PT2605B,Fixed site,given
C-00191,PCV-2,2026-05-15,2,PC2605B,Fixed site,given
C-00191,Rota-2,2026-05-15,2,RT2605B,Fixed site,given
C-00191,Penta-3,2026-06-12,3,PT2606B,Fixed site,given
C-00191,PCV-3,2026-06-12,3,PC2606B,Fixed site,given
C-00191,Measles-1,2026-09-24,1,MR2609C,Fixed site,given
C-00191,Yellow Fever,2026-09-24,1,YF2609C,Fixed site,given
C-00192,BCG,2026-06-12,1,BC2606B,Fixed site,given
C-00192,OPV-0,2026-06-12,0,OP2606B,Fixed site,given
C-00192,Penta-1,2026-08-02,1,PT2608A,Fixed site,given
C-00192,OPV-1,2026-08-02,1,OP2608A,Fixed site,given
C-00192,PCV-1,2026-08-02,1,PC2608A,Fixed site,given
C-00192,Rota-1,2026-08-02,1,RT2608A,Fixed site,given
C-00192,OPV-3,2026-09-24,3,OP2609C,Fixed site,given
C-00193,BCG,2025-07-21,1,BC2507C,Fixed site,given
C-00193,OPV-0,2025-07-21,0,OP2507C,Fixed site,given
C-00193,Penta-1,2025-10-15,1,PT2510B,Fixed site,given
C-00193,OPV-1,2025-10-15,1,OP2510B,Fixed site,given
C-00193,PCV-1,2025-10-15,1,PC2510B,Fixed site,given
C-00193,Penta-2,2025-11-12,2,PT2511B,Fixed site,given
C-00193,OPV-2,2025-11-12,2,OP2511B,Fixed site,given
C-00193,Rota-2,2025-11-12,2,RT2511B,Fixed site,given
C-00193,Penta-3,2025-12-10,3,PT2512B,Fixed site,given
C-00193,OPV-3,2025-12-10,3,OP2512B,Fixed site,given
C-00193,PCV-3,2025-12-10,3,PC2512B,Fixed site,given
C-00193,Measles-1,2026-06-05,1,MR2606A,Fixed site,given
C-00193,Yellow Fever,2026-06-05,1,YF2606A,Fixed site,given
C-00194,Penta-1,2025-12-11,1,PT2512B,Fixed site,given
C-00194,OPV-1,2025-12-11,1,OP2512B,Fixed site,given
C-00194,PCV-1,2025-12-11,1,PC2512B,Fixed site,given
C-00194,Rota-1,2025-12-11,1,RT2512B,Fixed site,given
C-00194,Penta-2,2026-01-08,2,PT2601A,Fixed site,given
C-00194,OPV-2,2026-01-08,2,OP2601A,Fixed site,given
C-00194,PCV-2,2026-01-08,2,PC2601A,Fixed site,given
C-00194,Rota-2,2026-01-08,2,RT2601A,Fixed site,given
C-00194,Penta-3,2026-02-05,3,PT2602A,Fixed site,given
C-00194,OPV-3,2026-02-05,3,OP2602A,Fixed site,given
C-00194,PCV-3,2026-02-05,3,PC2602A,Fixed site,given
C-00194,Measles-1,2026-09-24,1,MR2609C,Fixed site,given
C-00194,Yellow Fever,2026-09-24,1,YF2609C,Fixed site,given
C-00195,BCG,2025-07-02,1,BC2507A,Fixed site,given
C-00195,OPV-0,2025-07-02,0,OP2507A,Fixed site,given
C-00195,Penta-1,2025-08-26,1,PT2508D,Fixed site,given
C-00195,OPV-1,2025-08-26,1,OP2508D,Fixed site,given
C-00195,PCV-1,2025-08-26,1,PC2508D,Fixed site,given
C-00195,Rota-1,2025-08-26,1,RT2508D,Fixed site,given
C-00195,Penta-2,2025-09-24,2,PT2509C,Fixed site,given
C-00195,OPV-2,2025-09-24,2,OP2509C,Fixed site,given
C-00195,PCV-2,2025-09-24,2,PC2509C,Fixed site,given
C-00195,Rota-2,2025-09-24,2,RT2509C,Fixed site,given
C-00195,Penta-3,2026-02-02,3,PT2602A,Fixed site,given
C-00195,OPV-3,2026-02-02,3,OP2602A,Fixed site,given
C-00195,PCV-3,2026-02-02,3,PC2602A,Fixed site,given
C-00195,Measles-1,2026-06-02,1,MR2606A,Fixed site,given
C-00195,Yellow Fever,2026-06-02,1,YF2606A,Fixed site,given
C-00196,BCG,2026-08-10,1,BC2608B,Fixed site,given
C-00196,Penta-1,2026-09-24,1,PT2609C,Fixed site,given
C-00196,OPV-1,2026-09-24,1,OP2609C,Fixed site,given
C-00196,PCV-1,2026-09-24,1,PC2609C,Fixed site,given
C-00196,Rota-1,2026-09-24,1,RT2609C,Fixed site,given
C-00197,BCG,2025-09-14,1,BC2509B,Fixed site,given
C-00197,Penta-1,2025-12-09,1,PT2512B,Fixed site,given
C-00197,OPV-1,2025-12-09,1,OP2512B,Fixed site,given
C-00197,Rota-1,2025-12-09,1,RT2512B,Fixed site,given
C-00197,Penta-2,2026-04-13,2,PT2604B,Fixed site,given
C-00197,OPV-2,2026-04-13,2,OP2604B,Fixed site,given
C-00197,PCV-2,2026-04-13,2,PC2604B,Fixed site,given
C-00197,Rota-2,2026-04-13,2,RT2604B,Fixed site,given
C-00197,Measles-1,2026-06-20,1,MR2606C,Fixed site,given
C-00197,Yellow Fever,2026-06-20,1,YF2606C,Fixed site,given
C-00197,Penta-3,2026-07-01,3,PT2607A,Fixed site,given
C-00197,OPV-3,2026-07-01,3,OP2607A,Fixed site,given
C-00197,PCV-3,2026-07-01,3,PC2607A,Fixed site,given
C-00198,BCG,2024-11-24,1,BC2411C,Fixed site,given
C-00198,Penta-1,2025-01-31,1,PT2501D,Fixed site,given
C-00198,OPV-1,2025-01-31,1,OP2501D,Fixed site,given
C-00198,PCV-1,2025-01-31,1,PC2501D,Fixed site,given
C-00198,Rota-1,2025-01-31,1,RT2501D,Fixed site,given
C-00198,Measles-1,2025-08-13,1,MR2508B,Fixed site,given
C-00198,Yellow Fever,2025-08-13,1,YF2508B,Fixed site,given
C-00198,Penta-2,2025-09-02,2,PT2509A,Fixed site,given
C-00198,OPV-2,2025-09-02,2,OP2509A,Fixed site,given
C-00198,PCV-2,2025-09-02,2,PC2509A,Fixed site,given
C-00198,Rota-2,2025-09-02,2,RT2509A,Fixed site,given
C-00198,Penta-3,2025-09-30,3,PT2509D,Fixed site,given
C-00198,OPV-3,2025-09-30,3,OP2509D,Fixed site,given
C-00198,PCV-3,2025-09-30,3,PC2509D,Fixed site,given
C-00198,Measles-2,2026-06-24,2,MR2606C,Fixed site,given
C-00199,BCG,2026-06-08,1,BC2606A,Fixed site,given
C-00199,OPV-0,2026-06-08,0,OP2606A,Fixed site,given
C-00199,Penta-1,2026-07-23,1,PT2607C,Fixed site,given
C-00199,OPV-1,2026-07-23,1,OP2607C,Fixed site,given
C-00199,Rota-1,2026-07-23,1,RT2607C,Fixed site,given
C-00200,BCG,2024-09-08,1,BC2409A,Fixed site,given
C-00200,Penta-1,2024-12-05,1,PT2412A,Fixed site,given
C-00200,OPV-1,2024-12-05,1,OP2412A,Fixed site,given
C-00200,PCV-1,2024-12-05,1,PC2412A,Fixed site,given
C-00200,Rota-1,2024-12-05,1,RT2412A,Fixed site,given
C-00200,Penta-2,2025-03-21,2,PT2503C,Fixed site,given
C-00200,OPV-2,2025-03-21,2,OP2503C,Fixed site,given
C-00200,PCV-2,2025-03-21,2,PC2503C,Fixed site,given
C-00200,Rota-2,2025-03-21,2,RT2503C,Fixed site,given
C-00200,Penta-3,2025-04-18,3,PT2504C,Fixed site,given
C-00200,OPV-3,2025-04-18,3,OP2504C,Fixed site,given
C-00200,PCV-3,2025-04-18,3,PC2504C,Fixed site,given
C-00200,Measles-1,2025-11-25,1,MR2511D,Fixed site,given
C-00200,Measles-2,2026-02-20,2,MR2602C,Fixed site,given
C-00201,BCG,2025-06-02,1,BC2506A,Fixed site,given
C-00201,OPV-0,2025-06-02,0,OP2506A,Fixed site,given
C-00201,Penta-1,2025-07-20,1,PT2507C,Fixed site,given
C-00201,OPV-1,2025-07-20,1,OP2507C,Fixed site,given
C-00201,PCV-1,2025-07-20,1,PC2507C,Fixed site,given
C-00201,Rota-1,2025-07-20,1,RT2507C,Fixed site,given
C-00201,Penta-2,2025-08-17,2,PT2508C,Fixed site,given
C-00201,OPV-2,2025-08-17,2,OP2508C,Fixed site,given
C-00201,PCV-2,2025-08-17,2,PC2508C,Fixed site,given
C-00201,Rota-2,2025-08-17,2,RT2508C,Fixed site,given
C-00201,Penta-3,2026-01-02,3,PT2601A,Fixed site,given
C-00201,OPV-3,2026-01-02,3,OP2601A,Fixed site,given
C-00201,PCV-3,2026-01-02,3,PC2601A,Fixed site,given
C-00201,Measles-1,2026-09-24,1,MR2609C,Fixed site,given
C-00201,Yellow Fever,2026-09-24,1,YF2609C,Fixed site,given
C-00202,BCG,2025-05-14,1,BC2505B,Fixed site,given
C-00202,Penta-1,2025-12-01,1,PT2512A,Fixed site,given
C-00202,OPV-1,2025-12-01,1,OP2512A,Fixed site,given
C-00202,PCV-1,2025-12-01,1,PC2512A,Fixed site,given
C-00202,Rota-1,2025-12-01,1,RT2512A,Fixed site,given
C-00202,Penta-2,2025-12-29,2,PT2512D,Fixed site,given
C-00202,OPV-2,2025-12-29,2,OP2512D,Fixed site,given
C-00202,PCV-2,2025-12-29,2,PC2512D,Fixed site,given
C-00202,Rota-2,2025-12-29,2,RT2512D,Fixed site,given
C-00202,Penta-3,2026-01-26,3,PT2601D,Fixed site,given
C-00202,OPV-3,2026-01-26,3,OP2601D,Fixed site,given
C-00202,PCV-3,2026-01-26,3,PC2601D,Fixed site,given
C-00202,Measles-1,2026-04-18,1,MR2604C,Fixed site,given
C-00202,Yellow Fever,2026-04-18,1,YF2604C,Fixed site,given
C-00203,BCG,2026-07-03,1,BC2607A,Fixed site,given
C-00203,Penta-1,2026-07-26,1,PT2607D,Fixed site,given
C-00203,OPV-1,2026-07-26,1,OP2607D,Fixed site,given
C-00203,PCV-1,2026-07-26,1,PC2607D,Fixed site,given
C-00203,Rota-1,2026-07-26,1,RT2607D,Fixed site,given
C-00203,Penta-2,2026-08-23,2,PT2608C,Fixed site,given
C-00203,OPV-2,2026-08-23,2,OP2608C,Fixed site,given
C-00203,PCV-2,2026-08-23,2,PC2608C,Fixed site,given
C-00203,Rota-2,2026-08-23,2,RT2608C,Fixed site,given
C-00203,Penta-3,2026-09-24,3,PT2609C,Fixed site,given
C-00203,OPV-3,2026-09-24,3,OP2609C,Fixed site,given
C-00203,PCV-3,2026-09-24,3,PC2609C,Fixed site,given
C-00204,BCG,2026-02-10,1,BC2602B,Fixed site,given
C-00204,Penta-1,2026-04-02,1,PT2604A,Fixed site,given
C-00204,OPV-1,2026-04-02,1,OP2604A,Fixed site,given
C-00204,PCV-1,2026-04-02,1,PC2604A,Fixed site,given
C-00204,Rota-1,2026-04-02,1,RT2604A,Fixed site,given
C-00204,Penta-2,2026-04-30,2,PT2604D,Fixed site,given
C-00204,OPV-2,2026-04-30,2,OP2604D,Fixed site,given
C-00204,PCV-2,2026-04-30,2,PC2604D,Fixed site,given
C-00204,Rota-2,2026-04-30,2,RT2604D,Fixed site,given
C-00204,Penta-3,2026-09-24,3,PT2609C,Fixed site,given
C-00204,OPV-3,2026-09-24,3,OP2609C,Fixed site,given
C-00204,PCV-3,2026-09-24,3,PC2609C,Fixed site,given
C-00205,BCG,2026-05-26,1,BC2605D,Fixed site,given
C-00205,OPV-0,2026-05-26,0,OP2605D,Fixed site,given
C-00205,Penta-1,2026-07-13,1,PT2607B,Outreach,given
C-00205,OPV-1,2026-07-13,1,OP2607B,Outreach,given
C-00205,PCV-1,2026-07-13,1,PC2607B,Outreach,given
C-00205,Rota-1,2026-07-13,1,RT2607B,Outreach,given
C-00205,Penta-2,2026-08-10,2,PT2608B,Fixed site,given
C-00205,OPV-2,2026-08-10,2,OP2608B,Fixed site,given
C-00205,PCV-2,2026-08-10,2,PC2608B,Fixed site,given
C-00205,Rota-2,2026-08-10,2,RT2608B,Fixed site,given
C-00205,Penta-3,2026-09-24,3,PT2609C,Fixed site,given
C-00205,OPV-3,2026-09-24,3,OP2609C,Fixed site,given
C-00205,PCV-3,2026-09-24,3,PC2609C,Fixed site,given
C-00206,BCG,2026-03-06,1,BC2603A,Fixed site,given
C-00206,OPV-0,2026-03-06,0,OP2603A,Fixed site,given
C-00206,Penta-1,2026-04-16,1,PT2604B,Fixed site,given
C-00206,OPV-1,2026-04-16,1,OP2604B,Fixed site,given
C-00206,PCV-1,2026-04-16,1,PC2604B,Fixed site,given
C-00206,Penta-2,2026-06-14,2,PT2606B,Fixed site,given
C-00206,OPV-2,2026-06-14,2,OP2606B,Fixed site,given
C-00206,PCV-2,2026-06-14,2,PC2606B,Fixed site,given
C-00206,Rota-2,2026-06-14,2,RT2606B,Fixed site,given
C-00206,Penta-3,2026-09-17,3,PT2609C,Fixed site,given
C-00206,OPV-3,2026-09-17,3,OP2609C,Fixed site,given
C-00206,PCV-3,2026-09-17,3,PC2609C,Fixed site,given
C-00207,Penta-1,2025-12-15,1,PT2512B,Fixed site,given
C-00207,OPV-1,2025-12-15,1,OP2512B,Fixed site,given
C-00207,PCV-1,2025-12-15,1,PC2512B,Fixed site,given
C-00207,Rota-1,2025-12-15,1,RT2512B,Fixed site,given
C-00207,Penta-2,2026-02-04,2,PT2602A,Fixed site,given
C-00207,OPV-2,2026-02-04,2,OP2602A,Fixed site,given
C-00207,PCV-2,2026-02-04,2,PC2602A,Fixed site,given
C-00207,Rota-2,2026-02-04,2,RT2602A,Fixed site,given
C-00207,Penta-3,2026-03-04,3,PT2603A,Fixed site,given
C-00207,OPV-3,2026-03-04,3,OP2603A,Fixed site,given
C-00207,BCG,2026-03-31,1,BC2603D,Outreach,given
C-00207,Measles-1,2026-07-06,1,MR2607A,Fixed site,given
C-00207,Yellow Fever,2026-07-06,1,YF2607A,Fixed site,given
C-00208,BCG,2026-02-28,1,BC2602D,Fixed site,given
C-00208,Penta-1,2026-06-11,1,PT2606B,Fixed site,given
C-00208,OPV-1,2026-06-11,1,OP2606B,Fixed site,given
C-00208,PCV-1,2026-06-11,1,PC2606B,Fixed site,given
C-00208,Rota-1,2026-06-11,1,RT2606B,Fixed site,given
C-00208,Penta-2,2026-08-24,2,PT2608C,Fixed site,given
C-00208,OPV-2,2026-08-24,2,OP2608C,Fixed site,given
C-00208,PCV-2,2026-08-24,2,PC2608C,Fixed site,given
C-00208,Rota-2,2026-08-24,2,RT2608C,Fixed site,given
C-00208,Penta-3,2026-09-24,3,PT2609C,Fixed site,given
C-00208,OPV-3,2026-09-24,3,OP2609C,Fixed site,given
C-00208,PCV-3,2026-09-24,3,PC2609C,Fixed site,given
C-00209,BCG,2026-04-22,1,BC2604C,Fixed site,given
C-00209,Penta-1,2026-07-06,1,PT2607A,Fixed site,given
C-00209,OPV-1,2026-07-06,1,OP2607A,Fixed site,given
C-00209,Rota-1,2026-07-06,1,RT2607A,Fixed site,given
C-00209,Penta-2,2026-08-03,2,PT2608A,Fixed site,given
C-00209,OPV-2,2026-08-03,2,OP2608A,Fixed site,given
C-00209,PCV-2,2026-08-03,2,PC2608A,Fixed site,given
C-00209,Penta-3,2026-09-24,3,PT2609C,Outreach,given
C-00209,OPV-3,2026-09-24,3,OP2609C,Outreach,given
C-00209,PCV-3,2026-09-24,3,PC2609C,Outreach,given
C-00210,BCG,2025-05-21,1,BC2505C,Fixed site,given
C-00210,Penta-1,2025-06-02,1,PT2506A,Fixed site,given
C-00210,OPV-1,2025-06-02,1,OP2506A,Fixed site,given
C-00210,PCV-1,2025-06-02,1,PC2506A,Fixed site,given
C-00210,Rota-1,2025-06-02,1,RT2506A,Fixed site,given
C-00210,Penta-2,2025-08-23,2,PT2508C,Fixed site,given
C-00210,OPV-2,2025-08-23,2,OP2508C,Fixed site,given
C-00210,PCV-2,2025-08-23,2,PC2508C,Fixed site,given
C-00210,Rota-2,2025-08-23,2,RT2508C,Fixed site,given
C-00210,Measles-1,2026-02-13,1,MR2602B,Fixed site,given
C-00210,Yellow Fever,2026-02-13,1,YF2602B,Fixed site,given
C-00210,Penta-3,2026-03-21,3,PT2603C,Fixed site,given
C-00210,OPV-3,2026-03-21,3,OP2603C,Fixed site,given
C-00210,PCV-3,2026-03-21,3,PC2603C,Fixed site,given
C-00211,BCG,2025-10-05,1,BC2510A,Fixed site,given
C-00211,OPV-0,2025-10-05,0,OP2510A,Fixed site,given
C-00211,Penta-1,2026-02-05,1,PT2602A,Fixed site,given
C-00211,OPV-1,2026-02-05,1,OP2602A,Fixed site,given
C-00211,PCV-1,2026-02-05,1,PC2602A,Fixed site,given
C-00211,Rota-1,2026-02-05,1,RT2602A,Fixed site,given
C-00211,Penta-2,2026-08-11,2,PT2608B,Fixed site,given
C-00211,OPV-2,2026-08-11,2,OP2608B,Fixed site,given
C-00211,PCV-2,2026-08-11,2,PC2608B,Fixed site,given
C-00211,Rota-2,2026-08-11,2,RT2608B,Fixed site,given
C-00211,Penta-3,2026-09-08,3,PT2609A,Fixed site,given
C-00211,OPV-3,2026-09-08,3,OP2609A,Fixed site,given
C-00211,PCV-3,2026-09-08,3,PC2609A,Fixed site,given
C-00211,Measles-1,2026-09-24,1,MR2609C,Fixed site,given
C-00211,Yellow Fever,2026-09-24,1,YF2609C,Fixed site,given
C-00212,BCG,2025-11-04,1,BC2511A,Fixed site,given
C-00212,OPV-0,2025-11-04,0,OP2511A,Fixed site,given
C-00212,Penta-1,2026-01-09,1,PT2601B,Fixed site,given
C-00212,OPV-1,2026-01-09,1,OP2601B,Fixed site,given
C-00212,PCV-1,2026-01-09,1,PC2601B,Fixed site,given
C-00212,Rota-1,2026-01-09,1,RT2601B,Fixed site,given
C-00212,Penta-2,2026-03-03,2,PT2603A,Fixed site,given
C-00212,OPV-2,2026-03-03,2,OP2603A,Fixed site,given
C-00212,PCV-2,2026-03-03,2,PC2603A,Fixed site,given
C-00212,Rota-2,2026-03-03,2,RT2603A,Fixed site,given
C-00212,Penta-3,2026-06-04,3,PT2606A,Fixed site,given
C-00212,OPV-3,2026-06-04,3,OP2606A,Fixed site,given
C-00212,PCV-3,2026-06-04,3,PC2606A,Fixed site,given
C-00212,Measles-1,2026-09-19,1,MR2609C,Fixed site,given
C-00212,Yellow Fever,2026-09-19,1,YF2609C,Fixed site,given
C-00213,Penta-1,2024-08-23,1,PT2408C,Fixed site,given
C-00213,OPV-1,2024-08-23,1,OP2408C,Fixed site,given
C-00213,PCV-1,2024-08-23,1,PC2408C,Fixed site,given
C-00213,Rota-1,2024-08-23,1,RT2408C,Fixed site,given
C-00213,BCG,2024-09-12,1,BC2409B,Fixed site,given
C-00213,Penta-2,2024-10-07,2,PT2410A,Fixed site,given
C-00213,OPV-2,2024-10-07,2,OP2410A,Fixed site,given
C-00213,PCV-2,2024-10-07,2,PC2410A,Fixed site,given
C-00213,Rota-2,2024-10-07,2,RT2410A,Fixed site,given
C-00213,Penta-3,2025-02-07,3,PT2502A,Fixed site,given
C-00213,OPV-3,2025-02-07,3,OP2502A,Fixed site,given
C-00213,PCV-3,2025-02-07,3,PC2502A,Fixed site,given
C-00213,Measles-1,2025-06-01,1,MR2506A,Fixed site,given
C-00213,Yellow Fever,2025-06-01,1,YF2506A,Fixed site,given
C-00214,BCG,2026-02-26,1,BC2602D,Fixed site,given
C-00214,OPV-0,2026-02-26,0,OP2602D,Fixed site,given
C-00214,Penta-1,2026-04-18,1,PT2604C,Fixed site,given
C-00214,OPV-1,2026-04-18,1,OP2604C,Fixed site,given
C-00214,PCV-1,2026-04-18,1,PC2604C,Fixed site,given
C-00214,Rota-1,2026-04-18,1,RT2604C,Fixed site,given
C-00214,Penta-2,2026-05-16,2,PT2605B,Fixed site,given
C-00214,OPV-2,2026-05-16,2,OP2605B,Fixed site,given
C-00214,PCV-2,2026-05-16,2,PC2605B,Fixed site,given
C-00214,Rota-2,2026-05-16,2,RT2605B,Fixed site,given
C-00215,Penta-1,2026-03-24,1,PT2603C,Fixed site,given
C-00215,Penta-2,2026-04-21,2,PT2604C,Fixed site,given
C-00215,OPV-2,2026-04-21,2,OP2604C,Fixed site,given
C-00215,PCV-2,2026-04-21,2,PC2604C,Fixed site,given
C-00215,Rota-2,2026-04-21,2,RT2604C,Fixed site,given
C-00215,BCG,2026-05-15,1,BC2605B,Fixed site,given
C-00215,Penta-3,2026-09-10,3,PT2609B,Fixed site,given
C-00215,OPV-3,2026-09-10,3,OP2609B,Fixed site,given
C-00215,PCV-3,2026-09-10,3,PC2609B,Fixed site,given
C-00215,PCV-1,2026-09-18,1,PC2609C,Fixed site,given
C-00215,Rota-1,2026-09-18,1,RT2609C,Fixed site,given
C-00216,Penta-1,2025-11-25,1,PT2511D,Fixed site,given
C-00216,OPV-1,2025-11-25,1,OP2511D,Fixed site,given
C-00216,PCV-1,2025-11-25,1,PC2511D,Fixed site,given
C-00216,Rota-1,2025-11-25,1,RT2511D,Fixed site,given
C-00216,Penta-2,2025-12-23,2,PT2512C,Fixed site,given
C-00216,OPV-2,2025-12-23,2,OP2512C,Fixed site,given
C-00216,PCV-2,2025-12-23,2,PC2512C,Fixed site,given
C-00216,Rota-2,2025-12-23,2,RT2512C,Fixed site,given
C-00216,Penta-3,2026-01-27,3,PT2601D,Fixed site,given
C-00216,OPV-3,2026-01-27,3,OP2601D,Fixed site,given
C-00216,PCV-3,2026-01-27,3,PC2601D,Fixed site,given
C-00216,Measles-1,2026-07-31,1,MR2607D,Fixed site,given
C-00216,Yellow Fever,2026-07-31,1,YF2607D,Fixed site,given
C-00217,BCG,2025-07-12,1,BC2507B,Fixed site,given
C-00217,OPV-0,2025-07-12,0,OP2507B,Fixed site,given
C-00217,Penta-1,2025-08-23,1,PT2508C,Outreach,given
C-00217,OPV-1,2025-08-23,1,OP2508C,Outreach,given
C-00217,PCV-1,2025-08-23,1,PC2508C,Outreach,given
C-00218,Penta-1,2026-04-18,1,PT2604C,Outreach,given
C-00218,OPV-1,2026-04-18,1,OP2604C,Outreach,given
C-00218,PCV-1,2026-04-18,1,PC2604C,Outreach,given
C-00218,Rota-1,2026-04-18,1,RT2604C,Outreach,given
C-00218,Penta-2,2026-06-29,2,PT2606D,Fixed site,given
C-00218,OPV-2,2026-06-29,2,OP2606D,Fixed site,given
C-00218,PCV-2,2026-06-29,2,PC2606D,Fixed site,given
C-00218,Rota-2,2026-06-29,2,RT2606D,Fixed site,given
C-00218,Penta-3,2026-07-27,3,PT2607D,Fixed site,given
C-00218,OPV-3,2026-07-27,3,OP2607D,Fixed site,given
C-00218,PCV-3,2026-07-27,3,PC2607D,Fixed site,given
C-00219,BCG,2026-03-15,1,BC2603B,Fixed site,given
C-00219,OPV-0,2026-03-15,0,OP2603B,Fixed site,given
C-00219,Penta-1,2026-04-21,1,PT2604C,Fixed site,given
C-00219,OPV-1,2026-04-21,1,OP2604C,Fixed site,given
C-00219,PCV-1,2026-04-21,1,PC2604C,Fixed site,given
C-00219,Rota-1,2026-04-21,1,RT2604C,Fixed site,given
C-00219,Penta-2,2026-05-19,2,PT2605C,Fixed site,given
C-00219,PCV-2,2026-05-19,2,PC2605C,Fixed site,given
C-00219,Rota-2,2026-05-19,2,RT2605C,Fixed site,given
C-00219,Penta-3,2026-06-16,3,PT2606B,Fixed site,given
C-00219,OPV-3,2026-06-16,3,OP2606B,Fixed site,given
C-00219,PCV-3,2026-06-16,3,PC2606B,Fixed site,given
C-00220,BCG,2025-04-25,1,BC2504D,Fixed site,given
C-00220,OPV-0,2025-04-25,0,OP2504D,Fixed site,given
C-00220,Penta-1,2025-06-09,1,PT2506B,Fixed site,given
C-00220,OPV-1,2025-06-09,1,OP2506B,Fixed site,given
C-00220,PCV-1,2025-06-09,1,PC2506B,Fixed site,given
C-00220,Rota-1,2025-06-09,1,RT2506B,Fixed site,given
C-00220,Penta-2,2025-08-07,2,PT2508A,Fixed site,given
C-00220,OPV-2,2025-08-07,2,OP2508A,Fixed site,given
C-00220,PCV-2,2025-08-07,2,PC2508A,Fixed site,given
C-00220,Rota-2,2025-08-07,2,RT2508A,Fixed site,given
C-00220,Penta-3,2025-11-24,3,PT2511C,Fixed site,given
C-00220,OPV-3,2025-11-24,3,OP2511C,Fixed site,given
C-00220,PCV-3,2025-11-24,3,PC2511C,Fixed site,given
C-00220,Measles-1,2026-09-20,1,MR2609C,Fixed site,given
C-00220,Yellow Fever,2026-09-20,1,YF2609C,Fixed site,given
C-00221,Penta-1,2025-03-30,1,PT2503D,Fixed site,given
C-00221,OPV-1,2025-03-30,1,OP2503D,Fixed site,given
C-00221,PCV-1,2025-03-30,1,PC2503D,Fixed site,given
C-00221,Rota-1,2025-03-30,1,RT2503D,Fixed site,given
C-00221,BCG,2025-04-03,1,BC2504A,Outreach,given
C-00221,Penta-2,2025-04-27,2,PT2504D,Fixed site,given
C-00221,OPV-2,2025-04-27,2,OP2504D,Fixed site,given
C-00221,PCV-2,2025-04-27,2,PC2504D,Fixed site,given
C-00221,Rota-2,2025-04-27,2,RT2504D,Fixed site,given
C-00221,Penta-3,2025-07-25,3,PT2507D,Fixed site,given
C-00221,OPV-3,2025-07-25,3,OP2507D,Fixed site,given
C-00221,PCV-3,2025-07-25,3,PC2507D,Fixed site,given
C-00221,Measles-1,2026-07-10,1,MR2607B,Fixed site,given
C-00221,Yellow Fever,2026-07-10,1,YF2607B,Fixed site,given
C-00222,BCG,2025-12-25,1,BC2512D,Fixed site,given
C-00222,Penta-1,2026-01-17,1,PT2601C,Fixed site,given
C-00222,OPV-1,2026-01-17,1,OP2601C,Fixed site,given
C-00222,PCV-1,2026-01-17,1,PC2601C,Fixed site,given
C-00222,Rota-1,2026-01-17,1,RT2601C,Fixed site,given
C-00222,Penta-2,2026-02-14,2,PT2602B,Fixed site,given
C-00222,OPV-2,2026-02-14,2,OP2602B,Fixed site,given
C-00222,PCV-2,2026-02-14,2,PC2602B,Fixed site,given
C-00222,Rota-2,2026-02-14,2,RT2602B,Fixed site,given
C-00222,Penta-3,2026-06-14,3,PT2606B,Fixed site,given
C-00222,OPV-3,2026-06-14,3,OP2606B,Fixed site,given
C-00222,PCV-3,2026-06-14,3,PC2606B,Fixed site,given
C-00222,Measles-1,2026-08-24,1,MR2608C,Fixed site,given
C-00222,Yellow Fever,2026-08-24,1,YF2608C,Fixed site,given
C-00223,BCG,2024-10-17,1,BC2410C,Fixed site,given
C-00223,OPV-0,2024-10-17,0,OP2410C,Fixed site,given
C-00223,Penta-1,2025-07-23,1,PT2507C,Fixed site,given
C-00223,OPV-1,2025-07-23,1,OP2507C,Fixed site,given
C-00223,PCV-1,2025-07-23,1,PC2507C,Fixed site,given
C-00223,Rota-1,2025-07-23,1,RT2507C,Fixed site,given
C-00223,Penta-2,2025-08-20,2,PT2508C,Fixed site,given
C-00223,OPV-2,2025-08-20,2,OP2508C,Fixed site,given
C-00223,PCV-2,2025-08-20,2,PC2508C,Fixed site,given
C-00223,Penta-3,2025-09-17,3,PT2509C,Fixed site,given
C-00223,OPV-3,2025-09-17,3,OP2509C,Fixed site,given
C-00223,PCV-3,2025-09-17,3,PC2509C,Fixed site,given
C-00223,Measles-1,2025-12-01,1,MR2512A,Fixed site,given
C-00223,Yellow Fever,2025-12-01,1,YF2512A,Fixed site,given
C-00224,BCG,2026-03-17,1,BC2603C,Fixed site,given
C-00224,Penta-1,2026-04-04,1,PT2604A,Fixed site,given
C-00224,OPV-1,2026-04-04,1,OP2604A,Fixed site,given
C-00224,PCV-1,2026-04-04,1,PC2604A,Fixed site,given
C-00224,Rota-1,2026-04-04,1,RT2604A,Fixed site,given
C-00224,Penta-2,2026-05-02,2,PT2605A,Fixed site,given
C-00224,OPV-2,2026-05-02,2,OP2605A,Fixed site,given
C-00224,PCV-2,2026-05-02,2,PC2605A,Fixed site,given
C-00224,Rota-2,2026-05-02,2,RT2605A,Fixed site,given
C-00224,Penta-3,2026-05-30,3,PT2605D,Fixed site,given
C-00224,OPV-3,2026-05-30,3,OP2605D,Fixed site,given
C-00224,PCV-3,2026-05-30,3,PC2605D,Fixed site,given
C-00225,BCG,2025-03-19,1,BC2503C,Fixed site,given
C-00225,Penta-1,2025-05-20,1,PT2505C,Fixed site,given
C-00225,OPV-1,2025-05-20,1,OP2505C,Fixed site,given
C-00225,PCV-1,2025-05-20,1,PC2505C,Fixed site,given
C-00225,Rota-1,2025-05-20,1,RT2505C,Fixed site,given
C-00225,Penta-2,2025-06-17,2,PT2506C,Outreach,given
C-00225,OPV-2,2025-06-17,2,OP2506C,Outreach,given
C-00225,PCV-2,2025-06-17,2,PC2506C,Outreach,given
C-00225,Rota-2,2025-06-17,2,RT2506C,Outreach,given
C-00225,Penta-3,2025-07-15,3,PT2507B,Fixed site,given
C-00225,OPV-3,2025-07-15,3,OP2507B,Fixed site,given
C-00225,PCV-3,2025-07-15,3,PC2507B,Fixed site,given
C-00225,Measles-1,2025-11-29,1,MR2511D,Fixed site,given
C-00225,Yellow Fever,2025-11-29,1,YF2511D,Fixed site,given
C-00226,BCG,2025-10-18,1,BC2510C,Fixed site,given
C-00226,OPV-0,2025-10-18,0,OP2510C,Fixed site,given
C-00226,Penta-1,2025-11-30,1,PT2511D,Fixed site,given
C-00226,OPV-1,2025-11-30,1,OP2511D,Fixed site,given
C-00226,PCV-1,2025-11-30,1,PC2511D,Fixed site,given
C-00226,Rota-1,2025-11-30,1,RT2511D,Fixed site,given
C-00226,Penta-2,2026-02-19,2,PT2602C,Fixed site,given
C-00226,OPV-2,2026-02-19,2,OP2602C,Fixed site,given
C-00226,Rota-2,2026-02-19,2,RT2602C,Fixed site,given
C-00226,Penta-3,2026-03-19,3,PT2603C,Fixed site,given
C-00226,OPV-3,2026-03-19,3,OP2603C,Fixed site,given
C-00226,PCV-3,2026-03-19,3,PC2603C,Fixed site,given
C-00227,BCG,2024-10-26,1,BC2410D,Fixed site,given
C-00227,OPV-0,2024-10-26,0,OP2410D,Fixed site,given
C-00227,Penta-1,2024-12-15,1,PT2412B,Fixed site,given
C-00227,OPV-1,2024-12-15,1,OP2412B,Fixed site,given
C-00227,PCV-1,2024-12-15,1,PC2412B,Fixed site,given
C-00227,Rota-1,2024-12-15,1,RT2412B,Fixed site,given
C-00227,Penta-2,2025-02-25,2,PT2502D,Fixed site,given
C-00227,PCV-2,2025-02-25,2,PC2502D,Fixed site,given
C-00227,Rota-2,2025-02-25,2,RT2502D,Fixed site,given
C-00227,Penta-3,2025-03-26,3,PT2503D,Fixed site,given
C-00227,OPV-3,2025-03-26,3,OP2503D,Fixed site,given
C-00227,PCV-3,2025-03-26,3,PC2503D,Fixed site,given
C-00227,Measles-1,2026-03-23,1,MR2603C,Fixed site,given
C-00227,Yellow Fever,2026-03-23,1,YF2603C,Fixed site,given
C-00228,BCG,2025-03-18,1,BC2503C,Fixed site,given
C-00228,Penta-1,2025-04-17,1,PT2504C,Fixed site,given
C-00228,OPV-1,2025-04-17,1,OP2504C,Fixed site,given
C-00228,PCV-1,2025-04-17,1,PC2504C,Fixed site,given
C-00228,Rota-1,2025-04-17,1,RT2504C,Fixed site,given
C-00228,Penta-2,2025-05-15,2,PT2505B,Fixed site,given
C-00228,OPV-2,2025-05-15,2,OP2505B,Fixed site,given
C-00228,PCV-2,2025-05-15,2,PC2505B,Fixed site,given
C-00228,Penta-3,2025-07-27,3,PT2507D,Fixed site,given
C-00228,OPV-3,2025-07-27,3,OP2507D,Fixed site,given
C-00228,PCV-3,2025-07-27,3,PC2507D,Fixed site,given
C-00228,Measles-1,2026-01-02,1,MR2601A,Fixed site,given
C-00228,Yellow Fever,2026-01-02,1,YF2601A,Fixed site,given
C-00229,BCG,2026-04-07,1,BC2604A,Fixed site,given
C-00229,Penta-1,2026-05-05,1,PT2605A,Fixed site,given
C-00229,OPV-1,2026-05-05,1,OP2605A,Fixed site,given
C-00229,PCV-1,2026-05-05,1,PC2605A,Fixed site,given
C-00229,Rota-1,2026-05-05,1,RT2605A,Fixed site,given
C-00229,OPV-3,2026-06-27,3,OP2606D,Outreach,given
C-00229,Penta-2,2026-07-25,2,PT2607D,Fixed site,given
C-00229,OPV-2,2026-07-25,2,OP2607D,Fixed site,given
C-00229,PCV-2,2026-07-25,2,PC2607D,Fixed site,given
C-00229,Rota-2,2026-07-25,2,RT2607D,Fixed site,given
C-00230,BCG,2026-04-10,1,BC2604B,Fixed site,given
C-00230,Penta-1,2026-04-28,1,PT2604D,Fixed site,given
C-00230,OPV-1,2026-04-28,1,OP2604D,Fixed site,given
C-00230,PCV-1,2026-04-28,1,PC2604D,Fixed site,given
C-00230,Rota-1,2026-04-28,1,RT2604D,Fixed site,given
C-00230,Penta-2,2026-05-28,2,PT2605D,Fixed site,given
C-00230,OPV-2,2026-05-28,2,OP2605D,Fixed site,given
C-00230,PCV-2,2026-05-28,2,PC2605D,Fixed site,given
C-00230,Rota-2,2026-05-28,2,RT2605D,Fixed site,given
C-00230,Penta-3,2026-07-02,3,PT2607A,Fixed site,given
C-00230,OPV-3,2026-07-02,3,OP2607A,Fixed site,given
C-00230,PCV-3,2026-07-02,3,PC2607A,Fixed site,given
C-00231,BCG,2025-01-21,1,BC2501C,Fixed site,given
C-00231,Penta-1,2025-02-21,1,PT2502C,Fixed site,given
C-00231,OPV-1,2025-02-21,1,OP2502C,Fixed site,given
C-00231,PCV-1,2025-02-21,1,PC2502C,Fixed site,given
C-00231,Rota-1,2025-02-21,1,RT2502C,Fixed site,given
C-00231,Penta-2,2025-05-13,2,PT2505B,Fixed site,given
C-00231,OPV-2,2025-05-13,2,OP2505B,Fixed site,given
C-00231,PCV-2,2025-05-13,2,PC2505B,Fixed site,given
C-00231,Rota-2,2025-05-13,2,RT2505B,Fixed site,given
C-00231,Penta-3,2025-06-10,3,PT2506B,Fixed site,given
C-00231,OPV-3,2025-06-10,3,OP2506B,Fixed site,given
C-00231,PCV-3,2025-06-10,3,PC2506B,Fixed site,given
C-00231,Measles-1,2025-10-07,1,MR2510A,Fixed site,given
C-00231,Yellow Fever,2025-10-07,1,YF2510A,Fixed site,given
C-00232,Penta-1,2026-06-06,1,PT2606A,Fixed site,given
C-00232,OPV-1,2026-06-06,1,OP2606A,Fixed site,given
C-00232,PCV-1,2026-06-06,1,PC2606A,Fixed site,given
C-00232,Rota-1,2026-06-06,1,RT2606A,Fixed site,given
C-00232,Penta-2,2026-07-04,2,PT2607A,Fixed site,given
C-00232,OPV-2,2026-07-04,2,OP2607A,Fixed site,given
C-00232,PCV-2,2026-07-04,2,PC2607A,Fixed site,given
C-00232,Penta-3,2026-09-24,3,PT2609C,Fixed site,given
C-00232,OPV-3,2026-09-24,3,OP2609C,Fixed site,given
C-00232,PCV-3,2026-09-24,3,PC2609C,Fixed site,given
C-00233,BCG,2025-06-12,1,BC2506B,Fixed site,given
C-00233,OPV-0,2025-06-12,0,OP2506B,Fixed site,given
C-00233,Penta-1,2025-07-21,1,PT2507C,Fixed site,given
C-00233,OPV-1,2025-07-21,1,OP2507C,Fixed site,given
C-00233,PCV-1,2025-07-21,1,PC2507C,Fixed site,given
C-00233,Rota-1,2025-07-21,1,RT2507C,Fixed site,given
C-00233,OPV-3,2026-01-01,3,OP2601A,Fixed site,given
C-00233,Penta-2,2026-01-20,2,PT2601C,Fixed site,given
C-00233,PCV-2,2026-01-20,2,PC2601C,Fixed site,given
C-00233,Rota-2,2026-01-20,2,RT2601C,Fixed site,given
C-00233,Measles-1,2026-04-28,1,MR2604D,Fixed site,given
C-00233,Yellow Fever,2026-04-28,1,YF2604D,Fixed site,given
C-00234,Penta-1,2026-03-01,1,PT2603A,Fixed site,given
C-00234,OPV-1,2026-03-01,1,OP2603A,Fixed site,given
C-00234,PCV-1,2026-03-01,1,PC2603A,Fixed site,given
C-00234,Rota-1,2026-03-01,1,RT2603A,Fixed site,given
C-00234,BCG,2026-03-13,1,BC2603B,Fixed site,given
C-00234,Penta-2,2026-04-15,2,PT2604B,Fixed site,given
C-00234,Rota-2,2026-04-15,2,RT2604B,Fixed site,given
C-00234,Penta-3,2026-05-13,3,PT2605B,Fixed site,given
C-00234,OPV-3,2026-05-13,3,OP2605B,Fixed site,given
C-00234,PCV-3,2026-05-13,3,PC2605B,Fixed site,given
C-00235,BCG,2026-02-03,1,BC2602A,Fixed site,given
C-00235,OPV-0,2026-02-03,0,OP2602A,Fixed site,given
C-00235,Penta-1,2026-04-03,1,PT2604A,Fixed site,given
C-00235,OPV-1,2026-04-03,1,OP2604A,Fixed site,given
C-00235,PCV-1,2026-04-03,1,PC2604A,Fixed site,given
C-00235,Rota-1,2026-04-03,1,RT2604A,Fixed site,given
C-00235,Penta-2,2026-09-24,2,PT2609C,Fixed site,given
C-00235,OPV-2,2026-09-24,2,OP2609C,Fixed site,given
C-00235,PCV-2,2026-09-24,2,PC2609C,Fixed site,given
C-00235,Rota-2,2026-09-24,2,RT2609C,Fixed site,given
C-00236,BCG,2025-05-24,1,BC2505C,Fixed site,given
C-00236,Penta-1,2025-10-23,1,PT2510C,Fixed site,given
C-00236,OPV-1,2025-10-23,1,OP2510C,Fixed site,given
C-00236,PCV-1,2025-10-23,1,PC2510C,Fixed site,given
C-00236,Rota-1,2025-10-23,1,RT2510C,Fixed site,given
C-00236,Penta-2,2025-11-20,2,PT2511C,Fixed site,given
C-00236,PCV-2,2025-11-20,2,PC2511C,Fixed site,given
C-00236,Rota-2,2025-11-20,2,RT2511C,Fixed site,given
C-00236,Penta-3,2025-12-18,3,PT2512C,Fixed site,given
C-00236,OPV-3,2025-12-18,3,OP2512C,Fixed site,given
C-00236,PCV-3,2025-12-18,3,PC2512C,Fixed site,given
C-00236,Measles-1,2026-09-02,1,MR2609A,Fixed site,given
C-00237,BCG,2025-04-16,1,BC2504B,Fixed site,given
C-00237,OPV-0,2025-04-16,0,OP2504B,Fixed site,given
C-00237,Penta-1,2025-08-16,1,PT2508B,Fixed site,given
C-00237,OPV-1,2025-08-16,1,OP2508B,Fixed site,given
C-00237,PCV-1,2025-08-16,1,PC2508B,Fixed site,given
C-00237,Rota-1,2025-08-16,1,RT2508B,Fixed site,given
C-00237,Penta-2,2025-09-13,2,PT2509B,Fixed site,given
C-00237,OPV-2,2025-09-13,2,OP2509B,Fixed site,given
C-00237,PCV-2,2025-09-13,2,PC2509B,Fixed site,given
C-00237,Rota-2,2025-09-13,2,RT2509B,Fixed site,given
C-00237,Penta-3,2025-11-14,3,PT2511B,Fixed site,given
C-00237,OPV-3,2025-11-14,3,OP2511B,Fixed site,given
C-00237,PCV-3,2025-11-14,3,PC2511B,Fixed site,given
C-00237,Measles-1,2026-02-22,1,MR2602C,Fixed site,given
C-00237,Yellow Fever,2026-02-22,1,YF2602C,Fixed site,given
C-00238,BCG,2024-09-07,1,BC2409A,Fixed site,given
C-00238,Penta-1,2024-10-28,1,PT2410D,Fixed site,given
C-00238,OPV-1,2024-10-28,1,OP2410D,Fixed site,given
C-00238,PCV-1,2024-10-28,1,PC2410D,Fixed site,given
C-00238,Rota-1,2024-10-28,1,RT2410D,Fixed site,given
C-00238,Penta-2,2024-12-24,2,PT2412C,Fixed site,given
C-00238,OPV-2,2024-12-24,2,OP2412C,Fixed site,given
C-00238,PCV-2,2024-12-24,2,PC2412C,Fixed site,given
C-00238,Rota-2,2024-12-24,2,RT2412C,Fixed site,given
C-00238,Penta-3,2025-02-03,3,PT2502A,Fixed site,given
C-00238,OPV-3,2025-02-03,3,OP2502A,Fixed site,given
C-00238,PCV-3,2025-02-03,3,PC2502A,Fixed site,given
C-00238,Measles-1,2025-06-24,1,MR2506C,Fixed site,given
C-00238,Yellow Fever,2025-06-24,1,YF2506C,Fixed site,given
C-00239,BCG,2026-08-09,1,BC2608B,Fixed site,given
C-00239,OPV-0,2026-08-09,0,OP2608B,Fixed site,given
C-00239,Penta-1,2026-09-24,1,PT2609C,Fixed site,given
C-00239,OPV-1,2026-09-24,1,OP2609C,Fixed site,given
C-00239,PCV-1,2026-09-24,1,PC2609C,Fixed site,given
C-00239,Rota-1,2026-09-24,1,RT2609C,Fixed site,given
C-00240,BCG,2026-03-05,1,BC2603A,Fixed site,given
C-00240,OPV-0,2026-03-05,0,OP2603A,Fixed site,given
C-00240,Penta-1,2026-04-16,1,PT2604B,Fixed site,given
C-00240,Penta-2,2026-05-14,2,PT2605B,Fixed site,given
C-00240,OPV-2,2026-05-14,2,OP2605B,Fixed site,given
C-00240,PCV-2,2026-05-14,2,PC2605B,Fixed site,given
C-00240,Rota-2,2026-05-14,2,RT2605B,Fixed site,given
C-00240,OPV-1,2026-09-24,1,OP2609C,Fixed site,given
C-00240,PCV-1,2026-09-24,1,PC2609C,Fixed site,given
C-00240,Rota-1,2026-09-24,1,RT2609C,Fixed site,given
C-00240,Penta-3,2026-09-24,3,PT2609C,Fixed site,given
C-00240,OPV-3,2026-09-24,3,OP2609C,Fixed site,given
C-00240,PCV-3,2026-09-24,3,PC2609C,Fixed site,given
C-00241,BCG,2025-10-18,1,BC2510C,Fixed site,given
C-00241,OPV-0,2025-10-18,0,OP2510C,Fixed site,given
C-00241,Penta-1,2026-02-02,1,PT2602A,Fixed site,given
C-00241,OPV-1,2026-02-02,1,OP2602A,Fixed site,given
C-00241,PCV-1,2026-02-02,1,PC2602A,Fixed site,given
C-00241,Rota-1,2026-02-02,1,RT2602A,Fixed site,given
C-00241,Penta-2,2026-03-02,2,PT2603A,Fixed site,given
C-00241,OPV-2,2026-03-02,2,OP2603A,Fixed site,given
C-00241,PCV-2,2026-03-02,2,PC2603A,Fixed site,given
C-00241,Rota-2,2026-03-02,2,RT2603A,Fixed site,given
C-00241,Penta-3,2026-03-30,3,PT2603D,Fixed site,given
C-00241,OPV-3,2026-03-30,3,OP2603D,Fixed site,given
C-00241,PCV-3,2026-03-30,3,PC2603D,Fixed site,given
C-00241,Measles-1,2026-09-15,1,MR2609B,Fixed site,given
C-00241,Yellow Fever,2026-09-15,1,YF2609B,Fixed site,given
C-00242,BCG,2026-06-02,1,BC2606A,Fixed site,given
C-00242,Penta-1,2026-06-28,1,PT2606D,Fixed site,given
C-00242,Penta-2,2026-07-26,2,PT2607D,Fixed site,given
C-00242,OPV-2,2026-07-26,2,OP2607D,Fixed site,given
C-00242,PCV-2,2026-07-26,2,PC2607D,Fixed site,given
C-00242,Rota-2,2026-07-26,2,RT2607D,Fixed site,given
C-00242,OPV-1,2026-08-29,1,OP2608D,Outreach,given
C-00242,PCV-1,2026-08-29,1,PC2608D,Outreach,given
C-00242,Rota-1,2026-08-29,1,RT2608D,Outreach,given
C-00242,Penta-3,2026-09-24,3,PT2609C,Fixed site,given
C-00242,OPV-3,2026-09-24,3,OP2609C,Fixed site,given
C-00243,BCG,2023-12-02,1,BC2312A,Fixed site,given
C-00243,Penta-1,2024-01-03,1,PT2401A,Fixed site,given
C-00243,OPV-1,2024-01-03,1,OP2401A,Fixed site,given
C-00243,PCV-1,2024-01-03,1,PC2401A,Fixed site,given
C-00243,Rota-1,2024-01-03,1,RT2401A,Fixed site,given
C-00243,Penta-2,2024-08-27,2,PT2408D,Fixed site,given
C-00243,OPV-2,2024-08-27,2,OP2408D,Fixed site,given
C-00243,PCV-2,2024-08-27,2,PC2408D,Fixed site,given
C-00243,Rota-2,2024-08-27,2,RT2408D,Fixed site,given
C-00243,Penta-3,2024-09-24,3,PT2409C,Fixed site,given
C-00243,OPV-3,2024-09-24,3,OP2409C,Fixed site,given
C-00243,PCV-3,2024-09-24,3,PC2409C,Fixed site,given
C-00243,Measles-1,2024-11-08,1,MR2411A,Fixed site,given
C-00243,Yellow Fever,2024-11-08,1,YF2411A,Fixed site,given
C-00244,BCG,2024-12-17,1,BC2412C,Fixed site,given
C-00244,OPV-0,2024-12-17,0,OP2412C,Fixed site,given
C-00244,Penta-1,2025-02-16,1,PT2502B,Fixed site,given
C-00244,OPV-1,2025-02-16,1,OP2502B,Fixed site,given
C-00244,PCV-1,2025-02-16,1,PC2502B,Fixed site,given
C-00244,Rota-1,2025-02-16,1,RT2502B,Fixed site,given
C-00244,Penta-2,2025-05-03,2,PT2505A,Fixed site,given
C-00244,OPV-2,2025-05-03,2,OP2505A,Fixed site,given
C-00244,PCV-2,2025-05-03,2,PC2505A,Fixed site,given
C-00244,Rota-2,2025-05-03,2,RT2505A,Fixed site,given
C-00244,Penta-3,2025-05-31,3,PT2505D,Fixed site,given
C-00244,PCV-3,2025-05-31,3,PC2505D,Fixed site,given
C-00244,Measles-1,2025-12-20,1,MR2512C,Fixed site,given
C-00244,Yellow Fever,2025-12-20,1,YF2512C,Fixed site,given
C-00245,BCG,2025-08-19,1,BC2508C,Fixed site,given
C-00245,OPV-0,2025-08-19,0,OP2508C,Fixed site,given
C-00245,Penta-1,2025-11-02,1,PT2511A,Fixed site,given
C-00245,OPV-1,2025-11-02,1,OP2511A,Fixed site,given
C-00245,PCV-1,2025-11-02,1,PC2511A,Fixed site,given
C-00245,Rota-1,2025-11-02,1,RT2511A,Fixed site,given
C-00245,Penta-2,2026-01-06,2,PT2601A,Outreach,given
C-00245,PCV-2,2026-01-06,2,PC2601A,Outreach,given
C-00245,Rota-2,2026-01-06,2,RT2601A,Outreach,given
C-00245,Penta-3,2026-04-22,3,PT2604C,Fixed site,given
C-00246,BCG,2026-04-13,1,BC2604B,Fixed site,given
C-00246,OPV-0,2026-04-13,0,OP2604B,Fixed site,given
C-00246,Penta-1,2026-05-29,1,PT2605D,Fixed site,given
C-00246,OPV-1,2026-05-29,1,OP2605D,Fixed site,given
C-00246,PCV-1,2026-05-29,1,PC2605D,Fixed site,given
C-00246,Rota-1,2026-05-29,1,RT2605D,Fixed site,given
C-00246,Penta-2,2026-07-25,2,PT2607D,Fixed site,given
C-00246,OPV-2,2026-07-25,2,OP2607D,Fixed site,given
C-00246,PCV-2,2026-07-25,2,PC2607D,Fixed site,given
C-00246,Rota-2,2026-07-25,2,RT2607D,Fixed site,given
C-00246,Penta-3,2026-09-24,3,PT2609C,Fixed site,given
C-00246,OPV-3,2026-09-24,3,OP2609C,Fixed site,given
C-00246,PCV-3,2026-09-24,3,PC2609C,Fixed site,given
C-00247,BCG,2026-05-14,1,BC2605B,Fixed site,given
C-00248,Penta-1,2025-06-30,1,PT2506D,Fixed site,given
C-00248,OPV-1,2025-06-30,1,OP2506D,Fixed site,given
C-00248,PCV-1,2025-06-30,1,PC2506D,Fixed site,given
C-00248,Rota-1,2025-06-30,1,RT2506D,Fixed site,given
C-00248,BCG,2025-07-18,1,BC2507C,Fixed site,given
C-00248,Penta-2,2025-08-26,2,PT2508D,Fixed site,given
C-00248,OPV-2,2025-08-26,2,OP2508D,Fixed site,given
C-00248,PCV-2,2025-08-26,2,PC2508D,Fixed site,given
C-00248,OPV-3,2025-09-26,3,OP2509D,Fixed site,given
C-00248,Measles-1,2026-02-06,1,MR2602A,Fixed site,given
C-00249,BCG,2025-01-09,1,BC2501B,Fixed site,given
C-00249,Penta-1,2025-02-14,1,PT2502B,Fixed site,given
C-00249,OPV-1,2025-02-14,1,OP2502B,Fixed site,given
C-00249,PCV-1,2025-02-14,1,PC2502B,Fixed site,given
C-00249,Rota-1,2025-02-14,1,RT2502B,Fixed site,given
C-00249,Penta-2,2025-03-23,2,PT2503C,Fixed site,given
C-00249,OPV-2,2025-03-23,2,OP2503C,Fixed site,given
C-00249,PCV-2,2025-03-23,2,PC2503C,Fixed site,given
C-00249,Rota-2,2025-03-23,2,RT2503C,Fixed site,given
C-00249,OPV-3,2025-07-02,3,OP2507A,Fixed site,given
C-00250,BCG,2026-09-12,1,BC2609B,Fixed site,given
C-00250,OPV-0,2026-09-12,0,OP2609B,Fixed site,given
C-00251,BCG,2025-09-14,1,BC2509B,Fixed site,given
C-00251,OPV-0,2025-09-14,0,OP2509B,Fixed site,given
C-00251,Penta-1,2026-01-07,1,PT2601A,Fixed site,given
C-00251,OPV-1,2026-01-07,1,OP2601A,Fixed site,given
C-00251,PCV-1,2026-01-07,1,PC2601A,Fixed site,given
C-00251,Rota-1,2026-01-07,1,RT2601A,Fixed site,given
C-00251,Penta-2,2026-03-10,2,PT2603B,Fixed site,given
C-00251,OPV-2,2026-03-10,2,OP2603B,Fixed site,given
C-00251,PCV-2,2026-03-10,2,PC2603B,Fixed site,given
C-00251,Rota-2,2026-03-10,2,RT2603B,Fixed site,given
C-00251,Penta-3,2026-04-07,3,PT2604A,Fixed site,given
C-00251,OPV-3,2026-04-07,3,OP2604A,Fixed site,given
C-00251,PCV-3,2026-04-07,3,PC2604A,Fixed site,given
C-00252,BCG,2026-05-16,1,BC2605B,Fixed site,given
C-00252,Penta-1,2026-05-19,1,PT2605C,Fixed site,given
C-00252,OPV-1,2026-05-19,1,OP2605C,Fixed site,given
C-00252,PCV-1,2026-05-19,1,PC2605C,Fixed site,given
C-00252,Rota-1,2026-05-19,1,RT2605C,Fixed site,given
C-00252,Penta-2,2026-06-25,2,PT2606D,Fixed site,given
C-00252,OPV-2,2026-06-25,2,OP2606D,Fixed site,given
C-00252,PCV-2,2026-06-25,2,PC2606D,Fixed site,given
C-00252,Rota-2,2026-06-25,2,RT2606D,Fixed site,given
C-00252,Penta-3,2026-09-24,3,PT2609C,Fixed site,given
C-00252,OPV-3,2026-09-24,3,OP2609C,Fixed site,given
C-00252,PCV-3,2026-09-24,3,PC2609C,Fixed site,given
C-00253,BCG,2026-07-11,1,BC2607B,Fixed site,given
C-00253,Penta-1,2026-08-03,1,PT2608A,Fixed site,given
C-00253,Penta-2,2026-08-31,2,PT2608D,Fixed site,given
C-00253,OPV-2,2026-08-31,2,OP2608D,Fixed site,given
C-00253,PCV-2,2026-08-31,2,PC2608D,Fixed site,given
C-00253,Rota-2,2026-08-31,2,RT2608D,Fixed site,given
C-00253,OPV-1,2026-09-23,1,OP2609C,Fixed site,given
C-00253,PCV-1,2026-09-23,1,PC2609C,Fixed site,given
C-00253,Rota-1,2026-09-23,1,RT2609C,Fixed site,given
C-00254,BCG,2023-05-27,1,BC2305D,Fixed site,given
C-00254,OPV-0,2023-05-27,0,OP2305D,Fixed site,given
C-00254,Penta-1,2023-08-24,1,PT2308C,Fixed site,given
C-00254,OPV-1,2023-08-24,1,OP2308C,Fixed site,given
C-00254,PCV-1,2023-08-24,1,PC2308C,Fixed site,given
C-00254,Rota-1,2023-08-24,1,RT2308C,Fixed site,given
C-00254,Penta-2,2023-10-16,2,PT2310B,Fixed site,given
C-00254,OPV-2,2023-10-16,2,OP2310B,Fixed site,given
C-00254,PCV-2,2023-10-16,2,PC2310B,Fixed site,given
C-00254,Rota-2,2023-10-16,2,RT2310B,Fixed site,given
C-00254,Penta-3,2023-11-13,3,PT2311B,Fixed site,given
C-00254,OPV-3,2023-11-13,3,OP2311B,Fixed site,given
C-00254,PCV-3,2023-11-13,3,PC2311B,Fixed site,given
C-00254,Measles-1,2024-04-21,1,MR2404C,Fixed site,given
C-00254,Yellow Fever,2024-04-21,1,YF2404C,Fixed site,given
C-00255,BCG,2026-06-12,1,BC2606B,Fixed site,given
C-00255,OPV-0,2026-06-12,0,OP2606B,Fixed site,given
C-00255,Penta-1,2026-07-25,1,PT2607D,Fixed site,given
C-00255,OPV-1,2026-07-25,1,OP2607D,Fixed site,given
C-00255,PCV-1,2026-07-25,1,PC2607D,Fixed site,given
C-00255,Rota-1,2026-07-25,1,RT2607D,Fixed site,given
C-00256,Penta-1,2025-08-10,1,PT2508B,Fixed site,given
C-00256,OPV-1,2025-08-10,1,OP2508B,Fixed site,given
C-00256,PCV-1,2025-08-10,1,PC2508B,Fixed site,given
C-00256,Rota-1,2025-08-10,1,RT2508B,Fixed site,given
C-00257,BCG,2025-01-05,1,BC2501A,Fixed site,given
C-00257,OPV-0,2025-01-05,0,OP2501A,Fixed site,given
C-00257,Penta-1,2025-03-20,1,PT2503C,Fixed site,given
C-00257,OPV-1,2025-03-20,1,OP2503C,Fixed site,given
C-00257,PCV-1,2025-03-20,1,PC2503C,Fixed site,given
C-00257,Rota-1,2025-03-20,1,RT2503C,Fixed site,given
C-00257,Penta-2,2025-04-17,2,PT2504C,Fixed site,given
C-00257,OPV-2,2025-04-17,2,OP2504C,Fixed site,given
C-00257,PCV-2,2025-04-17,2,PC2504C,Fixed site,given
C-00257,Rota-2,2025-04-17,2,RT2504C,Fixed site,given
C-00257,Measles-1,2025-09-26,1,MR2509D,Fixed site,given
C-00257,Yellow Fever,2025-09-26,1,YF2509D,Fixed site,given
C-00257,Penta-3,2025-11-30,3,PT2511D,Fixed site,given
C-00257,OPV-3,2025-11-30,3,OP2511D,Fixed site,given
C-00258,BCG,2026-06-18,1,BC2606C,Fixed site,given
C-00258,Penta-1,2026-06-29,1,PT2606D,Fixed site,given
C-00258,OPV-1,2026-06-29,1,OP2606D,Fixed site,given
C-00258,PCV-1,2026-06-29,1,PC2606D,Fixed site,given
C-00258,Rota-1,2026-06-29,1,RT2606D,Fixed site,given
C-00258,Penta-2,2026-07-27,2,PT2607D,Fixed site,given
C-00258,OPV-2,2026-07-27,2,OP2607D,Fixed site,given
C-00258,PCV-2,2026-07-27,2,PC2607D,Fixed site,given
C-00258,Rota-2,2026-07-27,2,RT2607D,Fixed site,given
C-00258,Penta-3,2026-08-24,3,PT2608C,Fixed site,given
C-00258,OPV-3,2026-08-24,3,OP2608C,Fixed site,given
C-00258,PCV-3,2026-08-24,3,PC2608C,Fixed site,given
C-00259,BCG,2026-06-07,1,BC2606A,Outreach,given
C-00259,OPV-0,2026-06-07,0,OP2606A,Outreach,given
C-00259,Penta-1,2026-07-19,1,PT2607C,Fixed site,given
C-00259,Penta-2,2026-08-16,2,PT2608B,Fixed site,given
C-00259,OPV-2,2026-08-16,2,OP2608B,Fixed site,given
C-00259,PCV-2,2026-08-16,2,PC2608B,Fixed site,given
C-00259,Rota-2,2026-08-16,2,RT2608B,Fixed site,given
C-00259,OPV-1,2026-09-03,1,OP2609A,Fixed site,given
C-00259,PCV-1,2026-09-03,1,PC2609A,Fixed site,given
C-00259,Rota-1,2026-09-03,1,RT2609A,Fixed site,given
C-00260,BCG,2024-02-12,1,BC2402B,Fixed site,given
C-00260,OPV-0,2024-02-12,0,OP2402B,Fixed site,given
C-00260,Penta-1,2024-04-01,1,PT2404A,Fixed site,given
C-00260,OPV-1,2024-04-01,1,OP2404A,Fixed site,given
C-00260,PCV-1,2024-04-01,1,PC2404A,Fixed site,given
C-00260,Rota-1,2024-04-01,1,RT2404A,Fixed site,given
C-00260,Penta-2,2024-04-29,2,PT2404D,Fixed site,given
C-00260,OPV-2,2024-04-29,2,OP2404D,Fixed site,given
C-00260,PCV-2,2024-04-29,2,PC2404D,Fixed site,given
C-00260,Rota-2,2024-04-29,2,RT2404D,Fixed site,given
C-00260,Penta-3,2024-08-15,3,PT2408B,Fixed site,given
C-00260,OPV-3,2024-08-15,3,OP2408B,Fixed site,given
C-00260,PCV-3,2024-08-15,3,PC2408B,Fixed site,given
C-00260,Measles-1,2024-11-28,1,MR2411D,Fixed site,given
C-00260,Yellow Fever,2024-11-28,1,YF2411D,Fixed site,given
C-00261,BCG,2026-05-10,1,BC2605B,Fixed site,given
C-00261,OPV-0,2026-05-10,0,OP2605B,Fixed site,given
C-00261,Penta-1,2026-06-21,1,PT2606C,Fixed site,given
C-00261,OPV-1,2026-06-21,1,OP2606C,Fixed site,given
C-00261,PCV-1,2026-06-21,1,PC2606C,Fixed site,given
C-00261,Rota-1,2026-06-21,1,RT2606C,Fixed site,given
C-00261,Penta-2,2026-07-19,2,PT2607C,Fixed site,given
C-00261,OPV-2,2026-07-19,2,OP2607C,Fixed site,given
C-00261,PCV-2,2026-07-19,2,PC2607C,Fixed site,given
C-00261,Rota-2,2026-07-19,2,RT2607C,Fixed site,given
C-00261,Penta-3,2026-08-16,3,PT2608B,Fixed site,given
C-00261,OPV-3,2026-08-16,3,OP2608B,Fixed site,given
C-00261,PCV-3,2026-08-16,3,PC2608B,Fixed site,given
C-00262,BCG,2025-07-31,1,BC2507D,Fixed site,given
C-00262,OPV-0,2025-07-31,0,OP2507D,Fixed site,given
C-00262,Penta-1,2025-12-09,1,PT2512B,Fixed site,given
C-00262,OPV-1,2025-12-09,1,OP2512B,Fixed site,given
C-00262,PCV-1,2025-12-09,1,PC2512B,Fixed site,given
C-00262,Measles-1,2026-05-13,1,MR2605B,Fixed site,given
C-00262,Yellow Fever,2026-05-13,1,YF2605B,Fixed site,given
C-00263,BCG,2024-11-03,1,BC2411A,Fixed site,given
C-00263,Penta-1,2024-12-24,1,PT2412C,Fixed site,given
C-00263,OPV-1,2024-12-24,1,OP2412C,Fixed site,given
C-00263,PCV-1,2024-12-24,1,PC2412C,Fixed site,given
C-00263,Rota-1,2024-12-24,1,RT2412C,Fixed site,given
C-00263,Penta-2,2025-01-21,2,PT2501C,Fixed site,given
C-00263,PCV-2,2025-01-21,2,PC2501C,Fixed site,given
C-00263,Rota-2,2025-01-21,2,RT2501C,Fixed site,given
C-00263,Measles-1,2025-08-25,1,MR2508D,Fixed site,given
C-00263,Penta-3,2025-09-20,3,PT2509C,Fixed site,given
C-00263,OPV-3,2025-09-20,3,OP2509C,Fixed site,given
C-00263,PCV-3,2025-09-20,3,PC2509C,Fixed site,given
C-00264,BCG,2024-10-04,1,BC2410A,Fixed site,given
C-00264,OPV-0,2024-10-04,0,OP2410A,Fixed site,given
C-00264,Penta-1,2025-01-08,1,PT2501A,Fixed site,given
C-00264,OPV-1,2025-01-08,1,OP2501A,Fixed site,given
C-00264,PCV-1,2025-01-08,1,PC2501A,Fixed site,given
C-00264,Rota-1,2025-01-08,1,RT2501A,Fixed site,given
C-00264,Penta-2,2025-02-05,2,PT2502A,Fixed site,given
C-00264,OPV-2,2025-02-05,2,OP2502A,Fixed site,given
C-00264,PCV-2,2025-02-05,2,PC2502A,Fixed site,given
C-00264,Rota-2,2025-02-05,2,RT2502A,Fixed site,given
C-00264,Penta-3,2025-03-05,3,PT2503A,Outreach,given
C-00264,PCV-3,2025-03-05,3,PC2503A,Outreach,given
C-00264,Measles-1,2026-02-19,1,MR2602C,Fixed site,given
C-00264,Yellow Fever,2026-02-19,1,YF2602C,Fixed site,given
C-00264,Measles-2,2026-04-10,2,MR2604B,Fixed site,given
C-00265,BCG,2024-12-24,1,BC2412C,Fixed site,given
C-00265,Penta-1,2025-02-28,1,PT2502D,Fixed site,given
C-00265,OPV-1,2025-02-28,1,OP2502D,Fixed site,given
C-00265,PCV-1,2025-02-28,1,PC2502D,Fixed site,given
C-00265,Rota-1,2025-02-28,1,RT2502D,Fixed site,given
C-00265,Penta-2,2025-03-28,2,PT2503D,Fixed site,given
C-00265,OPV-2,2025-03-28,2,OP2503D,Fixed site,given
C-00265,PCV-2,2025-03-28,2,PC2503D,Fixed site,given
C-00265,Rota-2,2025-03-28,2,RT2503D,Fixed site,given
C-00265,Penta-3,2025-04-29,3,PT2504D,Fixed site,given
C-00265,PCV-3,2025-04-29,3,PC2504D,Fixed site,given
C-00265,Measles-1,2025-09-26,1,MR2509D,Fixed site,given
C-00265,Yellow Fever,2025-09-26,1,YF2509D,Fixed site,given
C-00266,BCG,2026-05-30,1,BC2605D,Fixed site,given
C-00266,OPV-0,2026-05-30,0,OP2605D,Fixed site,given
C-00266,Penta-1,2026-07-01,1,PT2607A,Fixed site,given
C-00266,OPV-1,2026-07-01,1,OP2607A,Fixed site,given
C-00266,PCV-1,2026-07-01,1,PC2607A,Fixed site,given
C-00266,Rota-1,2026-07-01,1,RT2607A,Fixed site,given
C-00266,Penta-2,2026-07-29,2,PT2607D,Fixed site,given
C-00266,OPV-2,2026-07-29,2,OP2607D,Fixed site,given
C-00266,PCV-2,2026-07-29,2,PC2607D,Fixed site,given
C-00266,Rota-2,2026-07-29,2,RT2607D,Fixed site,given
C-00266,Penta-3,2026-08-26,3,PT2608D,Fixed site,given
C-00266,OPV-3,2026-08-26,3,OP2608D,Fixed site,given
C-00266,PCV-3,2026-08-26,3,PC2608D,Fixed site,given
C-00267,BCG,2025-11-25,1,BC2511D,Fixed site,given
C-00267,OPV-0,2025-11-25,0,OP2511D,Fixed site,given
C-00267,Penta-1,2026-01-18,1,PT2601C,Fixed site,given
C-00267,OPV-1,2026-01-18,1,OP2601C,Fixed site,given
C-00267,PCV-1,2026-01-18,1,PC2601C,Fixed site,given
C-00267,Rota-1,2026-01-18,1,RT2601C,Fixed site,given
C-00267,Penta-2,2026-02-15,2,PT2602B,Fixed site,given
C-00267,OPV-2,2026-02-15,2,OP2602B,Fixed site,given
C-00267,PCV-2,2026-02-15,2,PC2602B,Fixed site,given
C-00267,Rota-2,2026-02-15,2,RT2602B,Fixed site,given
C-00267,Penta-3,2026-04-20,3,PT2604C,Fixed site,given
C-00267,OPV-3,2026-04-20,3,OP2604C,Fixed site,given
C-00267,PCV-3,2026-04-20,3,PC2604C,Fixed site,given
C-00267,Measles-1,2026-08-16,1,MR2608B,Fixed site,given
C-00267,Yellow Fever,2026-08-16,1,YF2608B,Fixed site,given
C-00268,BCG,2025-07-10,1,BC2507B,Outreach,given
C-00268,OPV-0,2025-07-10,0,OP2507B,Outreach,given
C-00268,Penta-1,2025-08-28,1,PT2508D,Fixed site,given
C-00268,PCV-1,2025-08-28,1,PC2508D,Fixed site,given
C-00268,Rota-1,2025-08-28,1,RT2508D,Fixed site,given
C-00269,BCG,2026-05-07,1,BC2605A,Fixed site,given
C-00269,Penta-1,2026-07-30,1,PT2607D,Fixed site,given
C-00269,OPV-1,2026-07-30,1,OP2607D,Fixed site,given
C-00269,PCV-1,2026-07-30,1,PC2607D,Fixed site,given
C-00269,Rota-1,2026-07-30,1,RT2607D,Fixed site,given
C-00269,Penta-2,2026-08-27,2,PT2608D,Fixed site,given
C-00269,OPV-2,2026-08-27,2,OP2608D,Fixed site,given
C-00269,PCV-2,2026-08-27,2,PC2608D,Fixed site,given
C-00269,Rota-2,2026-08-27,2,RT2608D,Fixed site,given
C-00269,Penta-3,2026-09-24,3,PT2609C,Fixed site,given
C-00269,OPV-3,2026-09-24,3,OP2609C,Fixed site,given
C-00269,PCV-3,2026-09-24,3,PC2609C,Fixed site,given
C-00270,BCG,2026-07-30,1,BC2607D,Fixed site,given
C-00270,Penta-1,2026-09-24,1,PT2609C,Fixed site,given
C-00270,OPV-1,2026-09-24,1,OP2609C,Fixed site,given
C-00270,PCV-1,2026-09-24,1,PC2609C,Fixed site,given
C-00270,Rota-1,2026-09-24,1,RT2609C,Fixed site,given
C-00271,Penta-1,2026-01-10,1,PT2601B,Fixed site,given
C-00271,PCV-1,2026-01-10,1,PC2601B,Fixed site,given
C-00271,Penta-2,2026-02-07,2,PT2602A,Fixed site,given
C-00271,OPV-2,2026-02-07,2,OP2602A,Fixed site,given
C-00271,Rota-2,2026-02-07,2,RT2602A,Fixed site,given
C-00271,Penta-3,2026-03-07,3,PT2603A,Fixed site,given
C-00271,OPV-3,2026-03-07,3,OP2603A,Fixed site,given
C-00271,PCV-3,2026-03-07,3,PC2603A,Fixed site,given
C-00271,Measles-1,2026-09-01,1,MR2609A,Fixed site,given
C-00271,Yellow Fever,2026-09-01,1,YF2609A,Fixed site,given
C-00272,BCG,2025-12-22,1,BC2512C,Fixed site,given
C-00272,Penta-1,2026-02-11,1,PT2602B,Fixed site,given
C-00272,OPV-1,2026-02-11,1,OP2602B,Fixed site,given
C-00272,PCV-1,2026-02-11,1,PC2602B,Fixed site,given
C-00272,Rota-1,2026-02-11,1,RT2602B,Fixed site,given
C-00272,Penta-2,2026-03-11,2,PT2603B,Fixed site,given
C-00272,OPV-2,2026-03-11,2,OP2603B,Fixed site,given
C-00272,PCV-2,2026-03-11,2,PC2603B,Fixed site,given
C-00272,Rota-2,2026-03-11,2,RT2603B,Fixed site,given
C-00272,Penta-3,2026-06-23,3,PT2606C,Fixed site,given
C-00272,OPV-3,2026-06-23,3,OP2606C,Fixed site,given
C-00272,PCV-3,2026-06-23,3,PC2606C,Fixed site,given
C-00272,Measles-1,2026-09-23,1,MR2609C,Outreach,given
C-00272,Yellow Fever,2026-09-23,1,YF2609C,Outreach,given
C-00273,BCG,2026-04-04,1,BC2604A,Fixed site,given
C-00273,Penta-1,2026-04-26,1,PT2604D,Fixed site,given
C-00273,Penta-2,2026-05-24,2,PT2605C,Fixed site,given
C-00273,OPV-2,2026-05-24,2,OP2605C,Fixed site,given
C-00273,PCV-2,2026-05-24,2,PC2605C,Fixed site,given
C-00273,Rota-2,2026-05-24,2,RT2605C,Fixed site,given
C-00273,Penta-3,2026-07-02,3,PT2607A,Fixed site,given
C-00273,OPV-3,2026-07-02,3,OP2607A,Fixed site,given
C-00273,PCV-3,2026-07-02,3,PC2607A,Fixed site,given
C-00273,OPV-1,2026-09-24,1,OP2609C,Fixed site,given
C-00273,PCV-1,2026-09-24,1,PC2609C,Fixed site,given
C-00274,BCG,2026-03-16,1,BC2603B,Fixed site,given
C-00274,OPV-0,2026-03-16,0,OP2603B,Fixed site,given
C-00274,Penta-1,2026-05-27,1,PT2605D,Fixed site,given
C-00274,OPV-1,2026-05-27,1,OP2605D,Fixed site,given
C-00274,PCV-1,2026-05-27,1,PC2605D,Fixed site,given
C-00274,Rota-1,2026-05-27,1,RT2605D,Fixed site,given
C-00274,Penta-2,2026-07-04,2,PT2607A,Fixed site,given
C-00274,OPV-2,2026-07-04,2,OP2607A,Fixed site,given
C-00274,PCV-2,2026-07-04,2,PC2607A,Fixed site,given
C-00274,Rota-2,2026-07-04,2,RT2607A,Fixed site,given
C-00274,Penta-3,2026-09-24,3,PT2609C,Fixed site,given
C-00274,OPV-3,2026-09-24,3,OP2609C,Fixed site,given
C-00274,PCV-3,2026-09-24,3,PC2609C,Fixed site,given
C-00275,BCG,2024-12-20,1,BC2412C,Outreach,given
C-00275,OPV-0,2024-12-20,0,OP2412C,Outreach,given
C-00275,Penta-1,2025-02-25,1,PT2502D,Fixed site,given
C-00275,OPV-1,2025-02-25,1,OP2502D,Fixed site,given
C-00275,PCV-1,2025-02-25,1,PC2502D,Fixed site,given
C-00275,Rota-1,2025-02-25,1,RT2502D,Fixed site,given
C-00275,Penta-2,2025-03-25,2,PT2503D,Fixed site,given
C-00275,OPV-2,2025-03-25,2,OP2503D,Fixed site,given
C-00275,PCV-2,2025-03-25,2,PC2503D,Fixed site,given
C-00275,Rota-2,2025-03-25,2,RT2503D,Fixed site,given
C-00275,Penta-3,2025-04-22,3,PT2504C,Fixed site,given
C-00275,OPV-3,2025-04-22,3,OP2504C,Fixed site,given
C-00275,PCV-3,2025-04-22,3,PC2504C,Fixed site,given
C-00275,Measles-1,2025-10-25,1,MR2510D,Fixed site,given
C-00275,Yellow Fever,2025-10-25,1,YF2510D,Fixed site,given
C-00275,Measles-2,2026-08-15,2,MR2608B,Fixed site,given
C-00276,BCG,2026-04-24,1,BC2604C,Fixed site,given
C-00276,OPV-0,2026-04-24,0,OP2604C,Fixed site,given
C-00276,Penta-1,2026-07-18,1,PT2607C,Fixed site,given
C-00276,PCV-1,2026-07-18,1,PC2607C,Fixed site,given
C-00276,Rota-1,2026-07-18,1,RT2607C,Fixed site,given
C-00276,OPV-3,2026-07-26,3,OP2607D,Fixed site,given
C-00276,Penta-2,2026-09-02,2,PT2609A,Fixed site,given
C-00276,OPV-2,2026-09-02,2,OP2609A,Fixed site,given
C-00276,PCV-2,2026-09-02,2,PC2609A,Fixed site,given
C-00276,Rota-2,2026-09-02,2,RT2609A,Fixed site,given
C-00277,Penta-1,2026-08-27,1,PT2608D,Fixed site,given
C-00277,PCV-1,2026-08-27,1,PC2608D,Fixed site,given
C-00277,Rota-1,2026-08-27,1,RT2608D,Fixed site,given
C-00277,BCG,2026-08-29,1,BC2608D,Fixed site,given
C-00277,Penta-2,2026-09-24,2,PT2609C,Fixed site,given
C-00277,OPV-2,2026-09-24,2,OP2609C,Fixed site,given
C-00277,PCV-2,2026-09-24,2,PC2609C,Fixed site,given
C-00277,Rota-2,2026-09-24,2,RT2609C,Fixed site,given
C-00278,BCG,2026-05-26,1,BC2605D,Fixed site,given
C-00278,OPV-0,2026-05-26,0,OP2605D,Fixed site,given
C-00278,Penta-1,2026-09-20,1,PT2609C,Fixed site,given
C-00278,OPV-1,2026-09-20,1,OP2609C,Fixed site,given
C-00278,PCV-1,2026-09-20,1,PC2609C,Fixed site,given
C-00278,Rota-1,2026-09-20,1,RT2609C,Fixed site,given
C-00278,OPV-3,2026-09-24,3,OP2609C,Fixed site,given
C-00279,BCG,2025-12-07,1,BC2512A,Outreach,given
C-00279,OPV-0,2025-12-07,0,OP2512A,Outreach,given
C-00279,Penta-1,2026-01-21,1,PT2601C,Fixed site,given
C-00279,OPV-1,2026-01-21,1,OP2601C,Fixed site,given
C-00279,PCV-1,2026-01-21,1,PC2601C,Fixed site,given
C-00279,Rota-1,2026-01-21,1,RT2601C,Fixed site,given
C-00279,Penta-2,2026-03-23,2,PT2603C,Fixed site,given
C-00279,OPV-2,2026-03-23,2,OP2603C,Fixed site,given
C-00279,PCV-2,2026-03-23,2,PC2603C,Fixed site,given
C-00279,Rota-2,2026-03-23,2,RT2603C,Fixed site,given
C-00279,Penta-3,2026-04-20,3,PT2604C,Fixed site,given
C-00279,OPV-3,2026-04-20,3,OP2604C,Fixed site,given
C-00279,PCV-3,2026-04-20,3,PC2604C,Fixed site,given
C-00279,Measles-1,2026-09-21,1,MR2609C,Fixed site,given
C-00280,BCG,2024-12-16,1,BC2412B,Fixed site,given
C-00280,OPV-0,2024-12-16,0,OP2412B,Fixed site,given
C-00280,Penta-1,2025-04-03,1,PT2504A,Outreach,given
C-00280,PCV-1,2025-04-03,1,PC2504A,Outreach,given
C-00280,Rota-1,2025-04-03,1,RT2504A,Outreach,given
C-00280,Penta-2,2025-05-01,2,PT2505A,Fixed site,given
C-00280,OPV-2,2025-05-01,2,OP2505A,Fixed site,given
C-00280,Rota-2,2025-05-01,2,RT2505A,Fixed site,given
C-00280,Measles-1,2025-09-17,1,MR2509C,Fixed site,given
C-00280,Penta-3,2025-11-08,3,PT2511A,Fixed site,given
C-00280,OPV-3,2025-11-08,3,OP2511A,Fixed site,given
C-00280,PCV-3,2025-11-08,3,PC2511A,Fixed site,given
C-00280,Measles-2,2026-08-24,2,MR2608C,Fixed site,given
C-00281,BCG,2025-03-03,1,BC2503A,Fixed site,given
C-00281,OPV-0,2025-03-03,0,OP2503A,Fixed site,given
C-00281,Penta-1,2025-05-12,1,PT2505B,Fixed site,given
C-00281,OPV-1,2025-05-12,1,OP2505B,Fixed site,given
C-00281,PCV-1,2025-05-12,1,PC2505B,Fixed site,given
C-00281,Rota-1,2025-05-12,1,RT2505B,Fixed site,given
C-00281,Penta-2,2025-06-09,2,PT2506B,Fixed site,given
C-00281,OPV-2,2025-06-09,2,OP2506B,Fixed site,given
C-00281,PCV-2,2025-06-09,2,PC2506B,Fixed site,given
C-00281,Rota-2,2025-06-09,2,RT2506B,Fixed site,given
C-00281,Penta-3,2025-07-07,3,PT2507A,Fixed site,given
C-00281,OPV-3,2025-07-07,3,OP2507A,Fixed site,given
C-00281,PCV-3,2025-07-07,3,PC2507A,Fixed site,given
C-00281,Measles-1,2026-01-13,1,MR2601B,Fixed site,given
C-00281,Yellow Fever,2026-01-13,1,YF2601B,Fixed site,given
C-00281,Measles-2,2026-09-24,2,MR2609C,Fixed site,given
C-00282,BCG,2026-02-18,1,BC2602C,Fixed site,given
C-00282,OPV-0,2026-02-18,0,OP2602C,Fixed site,given
C-00282,Penta-1,2026-06-08,1,PT2606A,Fixed site,given
C-00282,OPV-1,2026-06-08,1,OP2606A,Fixed site,given
C-00282,PCV-1,2026-06-08,1,PC2606A,Fixed site,given
C-00282,Rota-1,2026-06-08,1,RT2606A,Fixed site,given
C-00282,Penta-2,2026-07-06,2,PT2607A,Fixed site,given
C-00282,OPV-2,2026-07-06,2,OP2607A,Fixed site,given
C-00282,PCV-2,2026-07-06,2,PC2607A,Fixed site,given
C-00282,Rota-2,2026-07-06,2,RT2607A,Fixed site,given
C-00282,Penta-3,2026-08-03,3,PT2608A,Fixed site,given
C-00282,OPV-3,2026-08-03,3,OP2608A,Fixed site,given
C-00282,PCV-3,2026-08-03,3,PC2608A,Fixed site,given
C-00283,BCG,2025-11-13,1,BC2511B,Fixed site,given
C-00283,Penta-1,2026-01-05,1,PT2601A,Fixed site,given
C-00283,OPV-1,2026-01-05,1,OP2601A,Fixed site,given
C-00283,PCV-1,2026-01-05,1,PC2601A,Fixed site,given
C-00283,Rota-1,2026-01-05,1,RT2601A,Fixed site,given
C-00283,Penta-2,2026-02-23,2,PT2602C,Fixed site,given
C-00283,OPV-2,2026-02-23,2,OP2602C,Fixed site,given
C-00283,PCV-2,2026-02-23,2,PC2602C,Fixed site,given
C-00283,Rota-2,2026-02-23,2,RT2602C,Fixed site,given
C-00283,Penta-3,2026-06-07,3,PT2606A,Fixed site,given
C-00283,OPV-3,2026-06-07,3,OP2606A,Fixed site,given
C-00283,PCV-3,2026-06-07,3,PC2606A,Fixed site,given
C-00283,Measles-1,2026-09-24,1,MR2609C,Fixed site,given
C-00283,Yellow Fever,2026-09-24,1,YF2609C,Fixed site,given
C-00284,BCG,2025-11-06,1,BC2511A,Fixed site,given
C-00284,OPV-0,2025-11-06,0,OP2511A,Fixed site,given
C-00284,Penta-1,2026-01-10,1,PT2601B,Fixed site,given
C-00284,OPV-1,2026-01-10,1,OP2601B,Fixed site,given
C-00284,PCV-1,2026-01-10,1,PC2601B,Fixed site,given
C-00284,Penta-2,2026-02-07,2,PT2602A,Fixed site,given
C-00284,OPV-2,2026-02-07,2,OP2602A,Fixed site,given
C-00284,PCV-2,2026-02-07,2,PC2602A,Fixed site,given
C-00284,Rota-2,2026-02-07,2,RT2602A,Fixed site,given
C-00284,Penta-3,2026-03-07,3,PT2603A,Fixed site,given
C-00284,OPV-3,2026-03-07,3,OP2603A,Fixed site,given
C-00284,PCV-3,2026-03-07,3,PC2603A,Fixed site,given
C-00284,Measles-1,2026-09-12,1,MR2609B,Fixed site,given
C-00285,BCG,2025-10-25,1,BC2510D,Fixed site,given
C-00285,OPV-0,2025-10-25,0,OP2510D,Fixed site,given
C-00285,Penta-1,2026-02-28,1,PT2602D,Fixed site,given
C-00285,OPV-1,2026-02-28,1,OP2602D,Fixed site,given
C-00285,PCV-1,2026-02-28,1,PC2602D,Fixed site,given
C-00285,Rota-1,2026-02-28,1,RT2602D,Fixed site,given
C-00285,Penta-2,2026-03-28,2,PT2603D,Fixed site,given
C-00285,OPV-2,2026-03-28,2,OP2603D,Fixed site,given
C-00285,PCV-2,2026-03-28,2,PC2603D,Fixed site,given
C-00285,Rota-2,2026-03-28,2,RT2603D,Fixed site,given
C-00285,Penta-3,2026-04-25,3,PT2604D,Fixed site,given
C-00285,OPV-3,2026-04-25,3,OP2604D,Fixed site,given
C-00285,PCV-3,2026-04-25,3,PC2604D,Fixed site,given
C-00285,Measles-1,2026-09-07,1,MR2609A,Fixed site,given
C-00285,Yellow Fever,2026-09-07,1,YF2609A,Fixed site,given
C-00286,BCG,2025-05-31,1,BC2505D,Fixed site,given
C-00286,Penta-1,2025-07-28,1,PT2507D,Fixed site,given
C-00286,OPV-1,2025-07-28,1,OP2507D,Fixed site,given
C-00286,PCV-1,2025-07-28,1,PC2507D,Fixed site,given
C-00286,Rota-1,2025-07-28,1,RT2507D,Fixed site,given
C-00286,Measles-1,2026-03-27,1,MR2603D,Fixed site,given
C-00286,Yellow Fever,2026-03-27,1,YF2603D,Fixed site,given
C-00287,BCG,2025-01-27,1,BC2501D,Fixed site,given
C-00287,OPV-0,2025-01-27,0,OP2501D,Fixed site,given
C-00287,Penta-1,2025-06-04,1,PT2506A,Fixed site,given
C-00287,OPV-1,2025-06-04,1,OP2506A,Fixed site,given
C-00287,PCV-1,2025-06-04,1,PC2506A,Fixed site,given
C-00287,Rota-1,2025-06-04,1,RT2506A,Fixed site,given
C-00287,Penta-2,2025-07-02,2,PT2507A,Fixed site,given
C-00287,OPV-2,2025-07-02,2,OP2507A,Fixed site,given
C-00287,PCV-2,2025-07-02,2,PC2507A,Fixed site,given
C-00287,Rota-2,2025-07-02,2,RT2507A,Fixed site,given
C-00287,Penta-3,2025-08-27,3,PT2508D,Fixed site,given
C-00287,OPV-3,2025-08-27,3,OP2508D,Fixed site,given
C-00287,PCV-3,2025-08-27,3,PC2508D,Fixed site,given
C-00287,Measles-1,2025-10-29,1,MR2510D,Fixed site,given
C-00288,Penta-1,2025-11-21,1,PT2511C,Fixed site,given
C-00288,OPV-1,2025-11-21,1,OP2511C,Fixed site,given
C-00288,PCV-1,2025-11-21,1,PC2511C,Fixed site,given
C-00288,Rota-1,2025-11-21,1,RT2511C,Fixed site,given
C-00288,Penta-2,2026-01-14,2,PT2601B,Fixed site,given
C-00288,OPV-2,2026-01-14,2,OP2601B,Fixed site,given
C-00288,PCV-2,2026-01-14,2,PC2601B,Fixed site,given
C-00288,Rota-2,2026-01-14,2,RT2601B,Fixed site,given
C-00288,Penta-3,2026-02-11,3,PT2602B,Fixed site,given
C-00288,OPV-3,2026-02-11,3,OP2602B,Fixed site,given
C-00288,PCV-3,2026-02-11,3,PC2602B,Fixed site,given
C-00288,Measles-1,2026-09-24,1,MR2609C,Fixed site,given
C-00288,Yellow Fever,2026-09-24,1,YF2609C,Fixed site,given
C-00289,BCG,2026-08-27,1,BC2608D,Fixed site,given
C-00289,OPV-0,2026-08-27,0,OP2608D,Fixed site,given
C-00290,BCG,2025-03-08,1,BC2503A,Fixed site,given
C-00290,OPV-0,2025-03-08,0,OP2503A,Fixed site,given
C-00290,Penta-1,2025-05-13,1,PT2505B,Fixed site,given
C-00290,OPV-1,2025-05-13,1,OP2505B,Fixed site,given
C-00290,PCV-1,2025-05-13,1,PC2505B,Fixed site,given
C-00290,Rota-1,2025-05-13,1,RT2505B,Fixed site,given
C-00290,Penta-2,2025-06-10,2,PT2506B,Fixed site,given
C-00290,OPV-2,2025-06-10,2,OP2506B,Fixed site,given
C-00290,PCV-2,2025-06-10,2,PC2506B,Fixed site,given
C-00290,Penta-3,2025-07-19,3,PT2507C,Fixed site,given
C-00290,OPV-3,2025-07-19,3,OP2507C,Fixed site,given
C-00290,PCV-3,2025-07-19,3,PC2507C,Fixed site,given
C-00290,Measles-1,2025-12-21,1,MR2512C,Fixed site,given
C-00290,Yellow Fever,2025-12-21,1,YF2512C,Fixed site,given
C-00291,Penta-1,2026-04-22,1,PT2604C,Fixed site,given
C-00291,Penta-2,2026-05-20,2,PT2605C,Fixed site,given
C-00291,PCV-2,2026-05-20,2,PC2605C,Fixed site,given
C-00291,Rota-2,2026-05-20,2,RT2605C,Fixed site,given
C-00291,Penta-3,2026-06-19,3,PT2606C,Fixed site,given
C-00291,OPV-3,2026-06-19,3,OP2606C,Fixed site,given
C-00291,PCV-3,2026-06-19,3,PC2606C,Fixed site,given
C-00291,BCG,2026-09-07,1,BC2609A,Fixed site,given
C-00291,OPV-1,2026-09-24,1,OP2609C,Fixed site,given
C-00291,PCV-1,2026-09-24,1,PC2609C,Fixed site,given
C-00291,Rota-1,2026-09-24,1,RT2609C,Fixed site,given
C-00292,BCG,2025-12-23,1,BC2512C,Fixed site,given
C-00292,OPV-3,2026-06-28,3,OP2606D,Fixed site,given
C-00292,Penta-1,2026-07-19,1,PT2607C,Fixed site,given
C-00292,OPV-1,2026-07-19,1,OP2607C,Fixed site,given
C-00292,PCV-1,2026-07-19,1,PC2607C,Fixed site,given
C-00292,Rota-1,2026-07-19,1,RT2607C,Fixed site,given
C-00292,Penta-2,2026-08-16,2,PT2608B,Fixed site,given
C-00292,OPV-2,2026-08-16,2,OP2608B,Fixed site,given
C-00292,PCV-2,2026-08-16,2,PC2608B,Fixed site,given
C-00292,Rota-2,2026-08-16,2,RT2608B,Fixed site,given
C-00293,Penta-1,2025-11-10,1,PT2511B,Fixed site,given
C-00293,OPV-1,2025-11-10,1,OP2511B,Fixed site,given
C-00293,PCV-1,2025-11-10,1,PC2511B,Fixed site,given
C-00293,Rota-1,2025-11-10,1,RT2511B,Fixed site,given
C-00293,Penta-2,2025-12-08,2,PT2512A,Fixed site,given
C-00293,OPV-2,2025-12-08,2,OP2512A,Fixed site,given
C-00293,PCV-2,2025-12-08,2,PC2512A,Fixed site,given
C-00293,Rota-2,2025-12-08,2,RT2512A,Fixed site,given
C-00293,Penta-3,2026-01-05,3,PT2601A,Fixed site,given
C-00293,OPV-3,2026-01-05,3,OP2601A,Fixed site,given
C-00293,PCV-3,2026-01-05,3,PC2601A,Fixed site,given
C-00293,Measles-1,2026-09-24,1,MR2609C,Fixed site,given
C-00293,Yellow Fever,2026-09-24,1,YF2609C,Fixed site,given
C-00294,BCG,2025-03-08,1,BC2503A,Fixed site,given
C-00294,OPV-0,2025-03-08,0,OP2503A,Fixed site,given
C-00294,Penta-1,2025-04-18,1,PT2504C,Fixed site,given
C-00294,OPV-1,2025-04-18,1,OP2504C,Fixed site,given
C-00294,Rota-1,2025-04-18,1,RT2504C,Fixed site,given
C-00294,Penta-2,2025-07-23,2,PT2507C,Fixed site,given
C-00294,OPV-2,2025-07-23,2,OP2507C,Fixed site,given
C-00294,PCV-2,2025-07-23,2,PC2507C,Fixed site,given
C-00294,Rota-2,2025-07-23,2,RT2507C,Fixed site,given
C-00294,Penta-3,2025-11-01,3,PT2511A,Fixed site,given
C-00294,OPV-3,2025-11-01,3,OP2511A,Fixed site,given
C-00294,PCV-3,2025-11-01,3,PC2511A,Fixed site,given
C-00294,Measles-1,2026-02-17,1,MR2602C,Fixed site,given
C-00294,Yellow Fever,2026-02-17,1,YF2602C,Fixed site,given
C-00295,BCG,2025-02-05,1,BC2502A,Fixed site,given
C-00295,Penta-1,2025-06-19,1,PT2506C,Fixed site,given
C-00295,PCV-1,2025-06-19,1,PC2506C,Fixed site,given
C-00295,Rota-1,2025-06-19,1,RT2506C,Fixed site,given
C-00295,Penta-2,2025-07-17,2,PT2507C,Fixed site,given
C-00295,PCV-2,2025-07-17,2,PC2507C,Fixed site,given
C-00295,Rota-2,2025-07-17,2,RT2507C,Fixed site,given
C-00295,Penta-3,2025-08-14,3,PT2508B,Fixed site,given
C-00295,OPV-3,2025-08-14,3,OP2508B,Fixed site,given
C-00295,PCV-3,2025-08-14,3,PC2508B,Fixed site,given
C-00295,Measles-1,2026-03-30,1,MR2603D,Fixed site,given
C-00295,Measles-2,2026-07-27,2,MR2607D,Fixed site,given
C-00296,BCG,2026-01-19,1,BC2601C,Fixed site,given
C-00296,OPV-0,2026-01-19,0,OP2601C,Fixed site,given
C-00296,Penta-1,2026-06-26,1,PT2606D,Fixed site,given
C-00296,OPV-1,2026-06-26,1,OP2606D,Fixed site,given
C-00296,Rota-1,2026-06-26,1,RT2606D,Fixed site,given
C-00296,Penta-2,2026-07-24,2,PT2607C,Fixed site,given
C-00296,OPV-2,2026-07-24,2,OP2607C,Fixed site,given
C-00296,PCV-2,2026-07-24,2,PC2607C,Fixed site,given
C-00296,Rota-2,2026-07-24,2,RT2607C,Fixed site,given
C-00296,Penta-3,2026-08-21,3,PT2608C,Fixed site,given
C-00296,OPV-3,2026-08-21,3,OP2608C,Fixed site,given
C-00297,BCG,2026-04-12,1,BC2604B,Fixed site,given
C-00297,Penta-1,2026-04-28,1,PT2604D,Fixed site,given
C-00297,Penta-2,2026-05-26,2,PT2605D,Fixed site,given
C-00297,OPV-2,2026-05-26,2,OP2605D,Fixed site,given
C-00297,PCV-2,2026-05-26,2,PC2605D,Fixed site,given
C-00297,Rota-2,2026-05-26,2,RT2605D,Fixed site,given
C-00297,OPV-1,2026-09-24,1,OP2609C,Fixed site,given
C-00297,PCV-1,2026-09-24,1,PC2609C,Fixed site,given
C-00297,Rota-1,2026-09-24,1,RT2609C,Fixed site,given
C-00297,Penta-3,2026-09-24,3,PT2609C,Fixed site,given
C-00297,OPV-3,2026-09-24,3,OP2609C,Fixed site,given
C-00297,PCV-3,2026-09-24,3,PC2609C,Fixed site,given
C-00298,BCG,2025-11-08,1,BC2511A,Fixed site,given
C-00298,Penta-1,2026-07-13,1,PT2607B,Fixed site,given
C-00298,OPV-1,2026-07-13,1,OP2607B,Fixed site,given
C-00298,PCV-1,2026-07-13,1,PC2607B,Fixed site,given
C-00298,Rota-1,2026-07-13,1,RT2607B,Fixed site,given
C-00298,Penta-2,2026-08-10,2,PT2608B,Fixed site,given
C-00298,OPV-2,2026-08-10,2,OP2608B,Fixed site,given
C-00298,Rota-2,2026-08-10,2,RT2608B,Fixed site,given
C-00298,Penta-3,2026-09-07,3,PT2609A,Fixed site,given
C-00298,OPV-3,2026-09-07,3,OP2609A,Fixed site,given
C-00298,PCV-3,2026-09-07,3,PC2609A,Fixed site,given
C-00298,Measles-1,2026-09-24,1,MR2609C,Fixed site,given
C-00298,Yellow Fever,2026-09-24,1,YF2609C,Fixed site,given
C-00299,BCG,2026-02-17,1,BC2602C,Fixed site,given
C-00299,Penta-1,2026-02-20,1,PT2602C,Fixed site,given
C-00299,OPV-1,2026-02-20,1,OP2602C,Fixed site,given
C-00299,PCV-1,2026-02-20,1,PC2602C,Fixed site,given
C-00299,Rota-1,2026-02-20,1,RT2602C,Fixed site,given
C-00299,Penta-2,2026-03-20,2,PT2603C,Fixed site,given
C-00299,OPV-2,2026-03-20,2,OP2603C,Fixed site,given
C-00299,PCV-2,2026-03-20,2,PC2603C,Fixed site,given
C-00299,Rota-2,2026-03-20,2,RT2603C,Fixed site,given
C-00299,Penta-3,2026-04-17,3,PT2604C,Fixed site,given
C-00299,OPV-3,2026-04-17,3,OP2604C,Fixed site,given
C-00299,PCV-3,2026-04-17,3,PC2604C,Fixed site,given
C-00299,Measles-1,2026-09-24,1,MR2609C,Fixed site,given
C-00299,Yellow Fever,2026-09-24,1,YF2609C,Fixed site,given
C-00300,BCG,2025-12-30,1,BC2512D,Fixed site,given
C-00300,Penta-1,2026-07-17,1,PT2607C,Fixed site,given
C-00300,OPV-1,2026-07-17,1,OP2607C,Fixed site,given
C-00300,PCV-1,2026-07-17,1,PC2607C,Fixed site,given
C-00300,Rota-1,2026-07-17,1,RT2607C,Fixed site,given
C-00300,Measles-1,2026-08-07,1,MR2608A,Fixed site,given
C-00300,Yellow Fever,2026-08-07,1,YF2608A,Fixed site,given
C-00300,Penta-2,2026-08-14,2,PT2608B,Fixed site,given
C-00300,OPV-2,2026-08-14,2,OP2608B,Fixed site,given
C-00300,PCV-2,2026-08-14,2,PC2608B,Fixed site,given
C-00300,Rota-2,2026-08-14,2,RT2608B,Fixed site,given
C-00300,Penta-3,2026-09-11,3,PT2609B,Fixed site,given
C-00300,OPV-3,2026-09-11,3,OP2609B,Fixed site,given
C-00300,PCV-3,2026-09-11,3,PC2609B,Fixed site,given
C-00301,BCG,2025-06-20,1,BC2506C,Fixed site,given
C-00301,OPV-0,2025-06-20,0,OP2506C,Fixed site,given
C-00301,Penta-1,2025-08-12,1,PT2508B,Fixed site,given
C-00301,OPV-1,2025-08-12,1,OP2508B,Fixed site,given
C-00301,PCV-1,2025-08-12,1,PC2508B,Fixed site,given
C-00301,Rota-1,2025-08-12,1,RT2508B,Fixed site,given
C-00301,Penta-2,2025-11-07,2,PT2511A,Fixed site,given
C-00301,OPV-2,2025-11-07,2,OP2511A,Fixed site,given
C-00301,PCV-2,2025-11-07,2,PC2511A,Fixed site,given
C-00301,Rota-2,2025-11-07,2,RT2511A,Fixed site,given
C-00301,Penta-3,2025-12-05,3,PT2512A,Fixed site,given
C-00301,OPV-3,2025-12-05,3,OP2512A,Fixed site,given
C-00301,PCV-3,2025-12-05,3,PC2512A,Fixed site,given
C-00301,Measles-1,2026-04-29,1,MR2604D,Outreach,given
C-00301,Yellow Fever,2026-04-29,1,YF2604D,Outreach,given
C-00302,Penta-1,2024-11-27,1,PT2411D,Fixed site,given
C-00302,OPV-1,2024-11-27,1,OP2411D,Fixed site,given
C-00302,PCV-1,2024-11-27,1,PC2411D,Fixed site,given
C-00302,Rota-1,2024-11-27,1,RT2411D,Fixed site,given
C-00302,Penta-2,2025-01-31,2,PT2501D,Fixed site,given
C-00302,OPV-2,2025-01-31,2,OP2501D,Fixed site,given
C-00302,PCV-2,2025-01-31,2,PC2501D,Fixed site,given
C-00302,Rota-2,2025-01-31,2,RT2501D,Fixed site,given
C-00302,Penta-3,2025-02-28,3,PT2502D,Fixed site,given
C-00302,OPV-3,2025-02-28,3,OP2502D,Fixed site,given
C-00302,PCV-3,2025-02-28,3,PC2502D,Fixed site,given
C-00302,BCG,2025-04-11,1,BC2504B,Fixed site,given
C-00302,Measles-1,2026-03-10,1,MR2603B,Fixed site,given
C-00302,Yellow Fever,2026-03-10,1,YF2603B,Fixed site,given
C-00302,Measles-2,2026-09-24,2,MR2609C,Fixed site,given
C-00303,BCG,2025-06-11,1,BC2506B,Fixed site,given
C-00303,Penta-1,2025-07-16,1,PT2507B,Fixed site,given
C-00303,OPV-1,2025-07-16,1,OP2507B,Fixed site,given
C-00303,PCV-1,2025-07-16,1,PC2507B,Fixed site,given
C-00303,Rota-1,2025-07-16,1,RT2507B,Fixed site,given
C-00303,Penta-2,2026-03-13,2,PT2603B,Fixed site,given
C-00303,OPV-2,2026-03-13,2,OP2603B,Fixed site,given
C-00303,PCV-2,2026-03-13,2,PC2603B,Fixed site,given
C-00303,Penta-3,2026-04-10,3,PT2604B,Fixed site,given
C-00303,OPV-3,2026-04-10,3,OP2604B,Fixed site,given
C-00303,PCV-3,2026-04-10,3,PC2604B,Fixed site,given
C-00303,Measles-1,2026-07-15,1,MR2607B,Fixed site,given
C-00304,BCG,2025-11-09,1,BC2511B,Fixed site,given
C-00304,Penta-1,2026-02-07,1,PT2602A,Fixed site,given
C-00304,OPV-1,2026-02-07,1,OP2602A,Fixed site,given
C-00304,PCV-1,2026-02-07,1,PC2602A,Fixed site,given
C-00304,Rota-1,2026-02-07,1,RT2602A,Fixed site,given
C-00304,Penta-2,2026-03-07,2,PT2603A,Fixed site,given
C-00304,OPV-2,2026-03-07,2,OP2603A,Fixed site,given
C-00304,PCV-2,2026-03-07,2,PC2603A,Fixed site,given
C-00304,Rota-2,2026-03-07,2,RT2603A,Fixed site,given
C-00304,Penta-3,2026-04-28,3,PT2604D,Fixed site,given
C-00304,OPV-3,2026-04-28,3,OP2604D,Fixed site,given
C-00304,PCV-3,2026-04-28,3,PC2604D,Fixed site,given
C-00304,Measles-1,2026-09-14,1,MR2609B,Fixed site,given
C-00304,Yellow Fever,2026-09-14,1,YF2609B,Fixed site,given
C-00305,Penta-1,2026-07-08,1,PT2607A,Fixed site,given
C-00305,BCG,2026-07-17,1,BC2607C,Fixed site,given
C-00305,Penta-2,2026-08-05,2,PT2608A,Fixed site,given
C-00305,OPV-2,2026-08-05,2,OP2608A,Fixed site,given
C-00305,PCV-2,2026-08-05,2,PC2608A,Fixed site,given
C-00305,Rota-2,2026-08-05,2,RT2608A,Fixed site,given
C-00305,Rota-1,2026-09-24,1,RT2609C,Fixed site,given
C-00305,Penta-3,2026-09-24,3,PT2609C,Fixed site,given
C-00305,OPV-3,2026-09-24,3,OP2609C,Fixed site,given
C-00305,PCV-3,2026-09-24,3,PC2609C,Fixed site,given
C-00306,BCG,2026-09-13,1,BC2609B,Fixed site,given
C-00307,BCG,2024-11-01,1,BC2411A,Fixed site,given
C-00307,Penta-1,2024-11-12,1,PT2411B,Fixed site,given
C-00307,PCV-1,2024-11-12,1,PC2411B,Fixed site,given
C-00307,Rota-1,2024-11-12,1,RT2411B,Fixed site,given
C-00307,Penta-2,2024-12-21,2,PT2412C,Fixed site,given
C-00307,OPV-2,2024-12-21,2,OP2412C,Fixed site,given
C-00307,PCV-2,2024-12-21,2,PC2412C,Fixed site,given
C-00307,Penta-3,2025-02-28,3,PT2502D,Fixed site,given
C-00307,OPV-3,2025-02-28,3,OP2502D,Fixed site,given
C-00307,PCV-3,2025-02-28,3,PC2502D,Fixed site,given
C-00307,Measles-1,2025-11-03,1,MR2511A,Fixed site,given
C-00307,Yellow Fever,2025-11-03,1,YF2511A,Fixed site,given
C-00308,BCG,2025-10-03,1,BC2510A,Fixed site,given
C-00308,OPV-0,2025-10-03,0,OP2510A,Fixed site,given
C-00308,Penta-1,2025-11-28,1,PT2511D,Fixed site,given
C-00308,OPV-1,2025-11-28,1,OP2511D,Fixed site,given
C-00308,PCV-1,2025-11-28,1,PC2511D,Fixed site,given
C-00308,Rota-1,2025-11-28,1,RT2511D,Fixed site,given
C-00308,Penta-2,2026-01-22,2,PT2601C,Fixed site,given
C-00308,OPV-2,2026-01-22,2,OP2601C,Fixed site,given
C-00308,PCV-2,2026-01-22,2,PC2601C,Fixed site,given
C-00308,Rota-2,2026-01-22,2,RT2601C,Fixed site,given
C-00308,Penta-3,2026-02-19,3,PT2602C,Fixed site,given
C-00308,OPV-3,2026-02-19,3,OP2602C,Fixed site,given
C-00308,PCV-3,2026-02-19,3,PC2602C,Fixed site,given
C-00308,Measles-1,2026-09-24,1,MR2609C,Fixed site,given
C-00309,BCG,2026-06-20,1,BC2606C,Fixed site,given
C-00309,OPV-0,2026-06-20,0,OP2606C,Fixed site,given
C-00309,Penta-1,2026-08-04,1,PT2608A,Fixed site,given
C-00309,OPV-1,2026-08-04,1,OP2608A,Fixed site,given
C-00309,PCV-1,2026-08-04,1,PC2608A,Fixed site,given
C-00309,Penta-2,2026-09-24,2,PT2609C,Fixed site,given
C-00309,OPV-2,2026-09-24,2,OP2609C,Fixed site,given
C-00309,PCV-2,2026-09-24,2,PC2609C,Fixed site,given
C-00310,BCG,2025-03-10,1,BC2503B,Fixed site,given
C-00310,OPV-0,2025-03-10,0,OP2503B,Fixed site,given
C-00310,Penta-1,2025-10-11,1,PT2510B,Fixed site,given
C-00310,OPV-1,2025-10-11,1,OP2510B,Fixed site,given
C-00310,PCV-1,2025-10-11,1,PC2510B,Fixed site,given
C-00310,Rota-1,2025-10-11,1,RT2510B,Fixed site,given
C-00310,Penta-2,2025-11-08,2,PT2511A,Fixed site,given
C-00310,OPV-2,2025-11-08,2,OP2511A,Fixed site,given
C-00310,PCV-2,2025-11-08,2,PC2511A,Fixed site,given
C-00310,Rota-2,2025-11-08,2,RT2511A,Fixed site,given
C-00310,Penta-3,2025-12-06,3,PT2512A,Fixed site,given
C-00310,OPV-3,2025-12-06,3,OP2512A,Fixed site,given
C-00310,PCV-3,2025-12-06,3,PC2512A,Fixed site,given
C-00310,Measles-1,2026-03-04,1,MR2603A,Fixed site,given
C-00310,Yellow Fever,2026-03-04,1,YF2603A,Fixed site,given
C-00311,Penta-1,2026-01-04,1,PT2601A,Fixed site,given
C-00311,OPV-1,2026-01-04,1,OP2601A,Fixed site,given
C-00311,PCV-1,2026-01-04,1,PC2601A,Fixed site,given
C-00311,Rota-1,2026-01-04,1,RT2601A,Fixed site,given
C-00311,Penta-2,2026-02-01,2,PT2602A,Outreach,given
C-00311,OPV-2,2026-02-01,2,OP2602A,Outreach,given
C-00311,PCV-2,2026-02-01,2,PC2602A,Outreach,given
C-00311,Rota-2,2026-02-01,2,RT2602A,Outreach,given
C-00311,Penta-3,2026-03-01,3,PT2603A,Fixed site,given
C-00311,OPV-3,2026-03-01,3,OP2603A,Fixed site,given
C-00311,PCV-3,2026-03-01,3,PC2603A,Fixed site,given
C-00311,Measles-1,2026-08-07,1,MR2608A,Fixed site,given
C-00311,Yellow Fever,2026-08-07,1,YF2608A,Fixed site,given
C-00312,BCG,2026-04-29,1,BC2604D,Fixed site,given
C-00312,OPV-0,2026-04-29,0,OP2604D,Fixed site,given
C-00312,Penta-1,2026-06-17,1,PT2606C,Fixed site,given
C-00312,PCV-1,2026-06-17,1,PC2606C,Fixed site,given
C-00312,Rota-1,2026-06-17,1,RT2606C,Fixed site,given
C-00312,Penta-2,2026-08-18,2,PT2608C,Fixed site,given
C-00312,OPV-2,2026-08-18,2,OP2608C,Fixed site,given
C-00312,PCV-2,2026-08-18,2,PC2608C,Fixed site,given
C-00312,Rota-2,2026-08-18,2,RT2608C,Fixed site,given
C-00312,Penta-3,2026-09-24,3,PT2609C,Fixed site,given
C-00312,OPV-3,2026-09-24,3,OP2609C,Fixed site,given
C-00312,PCV-3,2026-09-24,3,PC2609C,Fixed site,given
C-00313,BCG,2024-07-11,1,BC2407B,Fixed site,given
C-00313,Penta-1,2024-09-10,1,PT2409B,Fixed site,given
C-00313,OPV-1,2024-09-10,1,OP2409B,Fixed site,given
C-00313,PCV-1,2024-09-10,1,PC2409B,Fixed site,given
C-00313,Rota-1,2024-09-10,1,RT2409B,Fixed site,given
C-00313,Penta-2,2024-10-08,2,PT2410A,Fixed site,given
C-00313,OPV-2,2024-10-08,2,OP2410A,Fixed site,given
C-00313,PCV-2,2024-10-08,2,PC2410A,Fixed site,given
C-00313,Rota-2,2024-10-08,2,RT2410A,Fixed site,given
C-00313,Measles-1,2025-11-05,1,MR2511A,Fixed site,given
C-00313,Yellow Fever,2025-11-05,1,YF2511A,Fixed site,given
C-00313,Measles-2,2026-02-22,2,MR2602C,Fixed site,given
C-00314,BCG,2026-04-22,1,BC2604C,Fixed site,given
C-00314,OPV-0,2026-04-22,0,OP2604C,Fixed site,given
C-00314,Penta-1,2026-06-08,1,PT2606A,Fixed site,given
C-00314,OPV-1,2026-06-08,1,OP2606A,Fixed site,given
C-00314,PCV-1,2026-06-08,1,PC2606A,Fixed site,given
C-00314,Rota-1,2026-06-08,1,RT2606A,Fixed site,given
C-00314,Penta-2,2026-09-24,2,PT2609C,Fixed site,given
C-00314,OPV-2,2026-09-24,2,OP2609C,Fixed site,given
C-00314,PCV-2,2026-09-24,2,PC2609C,Fixed site,given
C-00314,Rota-2,2026-09-24,2,RT2609C,Fixed site,given
C-00315,BCG,2024-05-20,1,BC2405C,Fixed site,given
C-00315,Penta-1,2024-10-04,1,PT2410A,Fixed site,given
C-00315,OPV-1,2024-10-04,1,OP2410A,Fixed site,given
C-00315,PCV-1,2024-10-04,1,PC2410A,Fixed site,given
C-00315,Rota-1,2024-10-04,1,RT2410A,Fixed site,given
C-00315,Penta-2,2024-11-01,2,PT2411A,Fixed site,given
C-00315,OPV-2,2024-11-01,2,OP2411A,Fixed site,given
C-00315,PCV-2,2024-11-01,2,PC2411A,Fixed site,given
C-00315,Rota-2,2024-11-01,2,RT2411A,Fixed site,given
C-00315,Penta-3,2024-11-29,3,PT2411D,Fixed site,given
C-00315,OPV-3,2024-11-29,3,OP2411D,Fixed site,given
C-00315,PCV-3,2024-11-29,3,PC2411D,Fixed site,given
C-00315,Measles-1,2025-04-15,1,MR2504B,Fixed site,given
C-00315,Yellow Fever,2025-04-15,1,YF2504B,Fixed site,given
C-00316,BCG,2025-05-23,1,BC2505C,Fixed site,given
C-00316,Penta-1,2025-06-07,1,PT2506A,Fixed site,given
C-00316,OPV-1,2025-06-07,1,OP2506A,Fixed site,given
C-00316,PCV-1,2025-06-07,1,PC2506A,Fixed site,given
C-00316,Rota-1,2025-06-07,1,RT2506A,Fixed site,given
C-00316,Penta-2,2025-07-25,2,PT2507D,Fixed site,given
C-00316,OPV-2,2025-07-25,2,OP2507D,Fixed site,given
C-00316,PCV-2,2025-07-25,2,PC2507D,Fixed site,given
C-00316,Rota-2,2025-07-25,2,RT2507D,Fixed site,given
C-00316,Penta-3,2025-08-22,3,PT2508C,Fixed site,given
C-00316,OPV-3,2025-08-22,3,OP2508C,Fixed site,given
C-00316,PCV-3,2025-08-22,3,PC2508C,Fixed site,given
C-00316,Measles-1,2026-09-07,1,MR2609A,Fixed site,given
C-00316,Yellow Fever,2026-09-07,1,YF2609A,Fixed site,given
C-00317,BCG,2025-10-08,1,BC2510A,Fixed site,given
C-00317,OPV-0,2025-10-08,0,OP2510A,Fixed site,given
C-00317,Penta-1,2025-11-27,1,PT2511D,Fixed site,given
C-00317,OPV-1,2025-11-27,1,OP2511D,Fixed site,given
C-00317,Rota-1,2025-11-27,1,RT2511D,Fixed site,given
C-00317,Penta-2,2025-12-25,2,PT2512D,Fixed site,given
C-00317,OPV-2,2025-12-25,2,OP2512D,Fixed site,given
C-00317,PCV-2,2025-12-25,2,PC2512D,Fixed site,given
C-00317,Rota-2,2025-12-25,2,RT2512D,Fixed site,given
C-00317,Penta-3,2026-01-22,3,PT2601C,Fixed site,given
C-00317,OPV-3,2026-01-22,3,OP2601C,Fixed site,given
C-00317,PCV-3,2026-01-22,3,PC2601C,Fixed site,given
C-00318,BCG,2025-11-10,1,BC2511B,Fixed site,given
C-00318,OPV-0,2025-11-10,0,OP2511B,Fixed site,given
C-00318,Penta-1,2026-02-09,1,PT2602B,Fixed site,given
C-00318,OPV-1,2026-02-09,1,OP2602B,Fixed site,given
C-00318,PCV-1,2026-02-09,1,PC2602B,Fixed site,given
C-00318,Rota-1,2026-02-09,1,RT2602B,Fixed site,given
C-00318,Penta-2,2026-03-09,2,PT2603B,Fixed site,given
C-00318,OPV-2,2026-03-09,2,OP2603B,Fixed site,given
C-00318,PCV-2,2026-03-09,2,PC2603B,Fixed site,given
C-00318,Rota-2,2026-03-09,2,RT2603B,Fixed site,given
C-00318,Penta-3,2026-04-06,3,PT2604A,Fixed site,given
C-00318,OPV-3,2026-04-06,3,OP2604A,Fixed site,given
C-00318,PCV-3,2026-04-06,3,PC2604A,Fixed site,given
C-00318,Measles-1,2026-08-14,1,MR2608B,Fixed site,given
C-00318,Yellow Fever,2026-08-14,1,YF2608B,Fixed site,given
C-00319,BCG,2025-11-28,1,BC2511D,Fixed site,given
C-00319,OPV-0,2025-11-28,0,OP2511D,Fixed site,given
C-00319,Penta-1,2026-01-22,1,PT2601C,Fixed site,given
C-00319,OPV-1,2026-01-22,1,OP2601C,Fixed site,given
C-00319,PCV-1,2026-01-22,1,PC2601C,Fixed site,given
C-00319,Rota-1,2026-01-22,1,RT2601C,Fixed site,given
C-00319,Penta-2,2026-03-21,2,PT2603C,Fixed site,given
C-00319,OPV-2,2026-03-21,2,OP2603C,Fixed site,given
C-00319,PCV-2,2026-03-21,2,PC2603C,Fixed site,given
C-00319,Rota-2,2026-03-21,2,RT2603C,Fixed site,given
C-00319,Penta-3,2026-05-18,3,PT2605C,Fixed site,given
C-00319,OPV-3,2026-05-18,3,OP2605C,Fixed site,given
C-00319,PCV-3,2026-05-18,3,PC2605C,Fixed site,given
C-00319,Measles-1,2026-08-30,1,MR2608D,Fixed site,given
C-00319,Yellow Fever,2026-08-30,1,YF2608D,Fixed site,given
C-00320,BCG,2026-06-23,1,BC2606C,Fixed site,given
C-00320,Penta-1,2026-07-06,1,PT2607A,Fixed site,given
C-00320,OPV-1,2026-07-06,1,OP2607A,Fixed site,given
C-00320,PCV-1,2026-07-06,1,PC2607A,Fixed site,given
C-00320,Rota-1,2026-07-06,1,RT2607A,Fixed site,given
C-00320,Penta-2,2026-08-03,2,PT2608A,Fixed site,given
C-00320,OPV-2,2026-08-03,2,OP2608A,Fixed site,given
C-00320,PCV-2,2026-08-03,2,PC2608A,Fixed site,given
C-00320,Penta-3,2026-08-31,3,PT2608D,Fixed site,given
C-00320,OPV-3,2026-08-31,3,OP2608D,Fixed site,given
C-00320,PCV-3,2026-08-31,3,PC2608D,Fixed site,given
C-00321,BCG,2024-11-02,1,BC2411A,Fixed site,given
C-00321,OPV-0,2024-11-02,0,OP2411A,Fixed site,given
C-00321,Penta-1,2024-12-13,1,PT2412B,Fixed site,given
C-00321,OPV-1,2024-12-13,1,OP2412B,Fixed site,given
C-00321,PCV-1,2024-12-13,1,PC2412B,Fixed site,given
C-00321,Rota-1,2024-12-13,1,RT2412B,Fixed site,given
C-00321,Penta-2,2025-02-26,2,PT2502D,Fixed site,given
C-00321,OPV-2,2025-02-26,2,OP2502D,Fixed site,given
C-00321,PCV-2,2025-02-26,2,PC2502D,Fixed site,given
C-00321,Rota-2,2025-02-26,2,RT2502D,Fixed site,given
C-00321,Measles-1,2025-08-10,1,MR2508B,Fixed site,given
C-00321,Yellow Fever,2025-08-10,1,YF2508B,Fixed site,given
C-00321,Penta-3,2025-09-30,3,PT2509D,Fixed site,given
C-00321,OPV-3,2025-09-30,3,OP2509D,Fixed site,given
C-00321,PCV-3,2025-09-30,3,PC2509D,Fixed site,given
C-00321,Measles-2,2026-08-22,2,MR2608C,Fixed site,given
C-00322,BCG,2026-09-18,1,BC2609C,Fixed site,given
C-00322,Penta-1,2026-09-21,1,PT2609C,Fixed site,given
C-00322,OPV-1,2026-09-21,1,OP2609C,Fixed site,given
C-00322,PCV-1,2026-09-21,1,PC2609C,Fixed site,given
C-00322,Rota-1,2026-09-21,1,RT2609C,Fixed site,given
C-00323,BCG,2026-06-27,1,BC2606D,Fixed site,given
C-00323,Penta-1,2026-07-24,1,PT2607C,Fixed site,given
C-00323,OPV-1,2026-07-24,1,OP2607C,Fixed site,given
C-00323,PCV-1,2026-07-24,1,PC2607C,Fixed site,given
C-00323,Rota-1,2026-07-24,1,RT2607C,Fixed site,given
C-00323,Penta-2,2026-08-21,2,PT2608C,Fixed site,given
C-00323,OPV-2,2026-08-21,2,OP2608C,Fixed site,given
C-00323,PCV-2,2026-08-21,2,PC2608C,Fixed site,given
C-00323,Rota-2,2026-08-21,2,RT2608C,Fixed site,given
C-00323,Penta-3,2026-09-18,3,PT2609C,Fixed site,given
C-00323,OPV-3,2026-09-18,3,OP2609C,Fixed site,given
C-00323,PCV-3,2026-09-18,3,PC2609C,Fixed site,given
C-00324,BCG,2025-06-27,1,BC2506D,Fixed site,given
C-00324,Penta-1,2025-08-12,1,PT2508B,Fixed site,given
C-00324,OPV-1,2025-08-12,1,OP2508B,Fixed site,given
C-00324,PCV-1,2025-08-12,1,PC2508B,Fixed site,given
C-00324,Rota-1,2025-08-12,1,RT2508B,Fixed site,given
C-00324,Penta-2,2025-09-15,2,PT2509B,Fixed site,given
C-00324,OPV-2,2025-09-15,2,OP2509B,Fixed site,given
C-00324,PCV-2,2025-09-15,2,PC2509B,Fixed site,given
C-00324,Rota-2,2025-09-15,2,RT2509B,Fixed site,given
C-00324,Penta-3,2025-10-13,3,PT2510B,Fixed site,given
C-00324,OPV-3,2025-10-13,3,OP2510B,Fixed site,given
C-00324,Measles-1,2026-06-16,1,MR2606B,Fixed site,given
C-00324,Yellow Fever,2026-06-16,1,YF2606B,Fixed site,given
C-00325,BCG,2025-10-28,1,BC2510D,Fixed site,given
C-00325,OPV-0,2025-10-28,0,OP2510D,Fixed site,given
C-00325,Penta-1,2025-11-30,1,PT2511D,Fixed site,given
C-00325,OPV-1,2025-11-30,1,OP2511D,Fixed site,given
C-00325,PCV-1,2025-11-30,1,PC2511D,Fixed site,given
C-00325,Rota-1,2025-11-30,1,RT2511D,Fixed site,given
C-00325,Penta-2,2026-01-09,2,PT2601B,Fixed site,given
C-00325,OPV-2,2026-01-09,2,OP2601B,Fixed site,given
C-00325,PCV-2,2026-01-09,2,PC2601B,Fixed site,given
C-00325,Rota-2,2026-01-09,2,RT2601B,Fixed site,given
C-00325,Penta-3,2026-02-15,3,PT2602B,Fixed site,given
C-00325,OPV-3,2026-02-15,3,OP2602B,Fixed site,given
C-00325,PCV-3,2026-02-15,3,PC2602B,Fixed site,given
C-00325,Measles-1,2026-08-22,1,MR2608C,Fixed site,given
C-00325,Yellow Fever,2026-08-22,1,YF2608C,Fixed site,given
C-00326,BCG,2026-08-28,1,BC2608D,Fixed site,given
C-00326,OPV-0,2026-08-28,0,OP2608D,Fixed site,given
C-00327,Penta-1,2025-02-08,1,PT2502A,Fixed site,given
C-00327,PCV-1,2025-02-08,1,PC2502A,Fixed site,given
C-00327,Rota-1,2025-02-08,1,RT2502A,Fixed site,given
C-00327,BCG,2025-02-18,1,BC2502C,Fixed site,given
C-00327,Penta-2,2025-04-26,2,PT2504D,Fixed site,given
C-00327,OPV-2,2025-04-26,2,OP2504D,Fixed site,given
C-00327,PCV-2,2025-04-26,2,PC2504D,Fixed site,given
C-00327,Rota-2,2025-04-26,2,RT2504D,Fixed site,given
C-00327,Penta-3,2025-05-24,3,PT2505C,Fixed site,given
C-00327,OPV-3,2025-05-24,3,OP2505C,Fixed site,given
C-00327,Measles-1,2025-10-05,1,MR2510A,Fixed site,given
C-00327,Yellow Fever,2025-10-05,1,YF2510A,Fixed site,given
C-00328,BCG,2024-02-16,1,BC2402B,Fixed site,given
C-00328,Penta-1,2024-04-22,1,PT2404C,Fixed site,given
C-00328,OPV-1,2024-04-22,1,OP2404C,Fixed site,given
C-00328,PCV-1,2024-04-22,1,PC2404C,Fixed site,given
C-00328,Rota-1,2024-04-22,1,RT2404C,Fixed site,given
C-00328,Penta-2,2024-05-20,2,PT2405C,Fixed site,given
C-00328,OPV-2,2024-05-20,2,OP2405C,Fixed site,given
C-00328,PCV-2,2024-05-20,2,PC2405C,Fixed site,given
C-00328,Rota-2,2024-05-20,2,RT2405C,Fixed site,given
C-00328,Penta-3,2024-06-17,3,PT2406C,Fixed site,given
C-00328,OPV-3,2024-06-17,3,OP2406C,Fixed site,given
C-00328,PCV-3,2024-06-17,3,PC2406C,Fixed site,given
C-00328,Measles-1,2025-03-09,1,MR2503B,Fixed site,given
C-00328,Yellow Fever,2025-03-09,1,YF2503B,Fixed site,given
C-00328,Measles-2,2025-10-25,2,MR2510D,Fixed site,given
C-00329,BCG,2026-05-28,1,BC2605D,Fixed site,given
C-00329,Penta-1,2026-06-27,1,PT2606D,Fixed site,given
C-00329,OPV-1,2026-06-27,1,OP2606D,Fixed site,given
C-00329,PCV-1,2026-06-27,1,PC2606D,Fixed site,given
C-00329,Rota-1,2026-06-27,1,RT2606D,Fixed site,given
C-00329,Penta-2,2026-08-23,2,PT2608C,Outreach,given
C-00329,OPV-2,2026-08-23,2,OP2608C,Outreach,given
C-00329,PCV-2,2026-08-23,2,PC2608C,Outreach,given
C-00329,Penta-3,2026-09-24,3,PT2609C,Fixed site,given
C-00329,OPV-3,2026-09-24,3,OP2609C,Fixed site,given
C-00329,PCV-3,2026-09-24,3,PC2609C,Fixed site,given
C-00330,BCG,2026-04-23,1,BC2604C,Fixed site,given
C-00330,OPV-0,2026-04-23,0,OP2604C,Fixed site,given
C-00330,Penta-1,2026-06-04,1,PT2606A,Fixed site,given
C-00330,OPV-1,2026-06-04,1,OP2606A,Fixed site,given
C-00330,PCV-1,2026-06-04,1,PC2606A,Fixed site,given
C-00330,Rota-1,2026-06-04,1,RT2606A,Fixed site,given
C-00330,Penta-2,2026-07-02,2,PT2607A,Fixed site,given
C-00330,OPV-2,2026-07-02,2,OP2607A,Fixed site,given
C-00330,PCV-2,2026-07-02,2,PC2607A,Fixed site,given
C-00330,Rota-2,2026-07-02,2,RT2607A,Fixed site,given
C-00330,Penta-3,2026-07-30,3,PT2607D,Fixed site,given
C-00330,OPV-3,2026-07-30,3,OP2607D,Fixed site,given
C-00330,PCV-3,2026-07-30,3,PC2607D,Fixed site,given
C-00331,BCG,2025-10-12,1,BC2510B,Fixed site,given
C-00331,Penta-1,2025-11-19,1,PT2511C,Fixed site,given
C-00331,OPV-1,2025-11-19,1,OP2511C,Fixed site,given
C-00331,Rota-1,2025-11-19,1,RT2511C,Fixed site,given
C-00331,Penta-2,2026-04-11,2,PT2604B,Fixed site,given
C-00331,OPV-2,2026-04-11,2,OP2604B,Fixed site,given
C-00331,PCV-2,2026-04-11,2,PC2604B,Fixed site,given
C-00331,Rota-2,2026-04-11,2,RT2604B,Fixed site,given
C-00331,Penta-3,2026-05-09,3,PT2605B,Fixed site,given
C-00331,OPV-3,2026-05-09,3,OP2605B,Fixed site,given
C-00331,PCV-3,2026-05-09,3,PC2605B,Fixed site,given
C-00331,Measles-1,2026-09-24,1,MR2609C,Fixed site,given
C-00331,Yellow Fever,2026-09-24,1,YF2609C,Fixed site,given
C-00332,BCG,2025-10-28,1,BC2510D,Fixed site,given
C-00332,OPV-0,2025-10-28,0,OP2510D,Fixed site,given
C-00332,Penta-1,2026-01-26,1,PT2601D,Fixed site,given
C-00332,OPV-1,2026-01-26,1,OP2601D,Fixed site,given
C-00332,PCV-1,2026-01-26,1,PC2601D,Fixed site,given
C-00332,Rota-1,2026-01-26,1,RT2601D,Fixed site,given
C-00332,Penta-2,2026-02-23,2,PT2602C,Fixed site,given
C-00332,OPV-2,2026-02-23,2,OP2602C,Fixed site,given
C-00332,PCV-2,2026-02-23,2,PC2602C,Fixed site,given
C-00332,Rota-2,2026-02-23,2,RT2602C,Fixed site,given
C-00332,Penta-3,2026-03-23,3,PT2603C,Fixed site,given
C-00332,OPV-3,2026-03-23,3,OP2603C,Fixed site,given
C-00332,PCV-3,2026-03-23,3,PC2603C,Fixed site,given
C-00332,Measles-1,2026-09-24,1,MR2609C,Fixed site,given
C-00332,Yellow Fever,2026-09-24,1,YF2609C,Fixed site,given
C-00333,BCG,2025-03-15,1,BC2503B,Fixed site,given
C-00333,Penta-1,2025-05-21,1,PT2505C,Fixed site,given
C-00333,OPV-1,2025-05-21,1,OP2505C,Fixed site,given
C-00333,PCV-1,2025-05-21,1,PC2505C,Fixed site,given
C-00333,Rota-1,2025-05-21,1,RT2505C,Fixed site,given
C-00333,Penta-2,2025-06-18,2,PT2506C,Fixed site,given
C-00333,OPV-2,2025-06-18,2,OP2506C,Fixed site,given
C-00333,PCV-2,2025-06-18,2,PC2506C,Fixed site,given
C-00333,Rota-2,2025-06-18,2,RT2506C,Fixed site,given
C-00333,Penta-3,2025-07-16,3,PT2507B,Fixed site,given
C-00333,OPV-3,2025-07-16,3,OP2507B,Fixed site,given
C-00333,PCV-3,2025-07-16,3,PC2507B,Fixed site,given
C-00333,Measles-1,2025-11-17,1,MR2511C,Fixed site,given
C-00333,Measles-2,2026-08-16,2,MR2608B,Fixed site,given
C-00334,BCG,2026-09-09,1,BC2609B,Fixed site,given
C-00334,Penta-1,2026-09-24,1,PT2609C,Fixed site,given
C-00334,OPV-1,2026-09-24,1,OP2609C,Fixed site,given
C-00334,PCV-1,2026-09-24,1,PC2609C,Fixed site,given
C-00334,Rota-1,2026-09-24,1,RT2609C,Fixed site,given
C-00335,BCG,2025-07-16,1,BC2507B,Fixed site,given
C-00335,Penta-1,2025-08-21,1,PT2508C,Fixed site,given
C-00335,OPV-1,2025-08-21,1,OP2508C,Fixed site,given
C-00335,PCV-1,2025-08-21,1,PC2508C,Fixed site,given
C-00335,Rota-1,2025-08-21,1,RT2508C,Fixed site,given
C-00335,Penta-2,2025-10-22,2,PT2510C,Fixed site,given
C-00335,OPV-2,2025-10-22,2,OP2510C,Fixed site,given
C-00335,PCV-2,2025-10-22,2,PC2510C,Fixed site,given
C-00335,Rota-2,2025-10-22,2,RT2510C,Fixed site,given
C-00335,Penta-3,2025-12-15,3,PT2512B,Fixed site,given
C-00335,OPV-3,2025-12-15,3,OP2512B,Fixed site,given
C-00335,Measles-1,2026-03-20,1,MR2603C,Fixed site,given
C-00336,Penta-1,2026-02-19,1,PT2602C,Fixed site,given
C-00336,OPV-1,2026-02-19,1,OP2602C,Fixed site,given
C-00336,Rota-1,2026-02-19,1,RT2602C,Fixed site,given
C-00336,BCG,2026-03-01,1,BC2603A,Fixed site,given
C-00336,Penta-2,2026-04-06,2,PT2604A,Fixed site,given
C-00336,OPV-2,2026-04-06,2,OP2604A,Fixed site,given
C-00336,PCV-2,2026-04-06,2,PC2604A,Fixed site,given
C-00336,Rota-2,2026-04-06,2,RT2604A,Fixed site,given
C-00336,Penta-3,2026-06-14,3,PT2606B,Outreach,given
C-00336,OPV-3,2026-06-14,3,OP2606B,Outreach,given
C-00336,PCV-3,2026-06-14,3,PC2606B,Outreach,given
C-00336,Measles-1,2026-09-24,1,MR2609C,Fixed site,given
C-00336,Yellow Fever,2026-09-24,1,YF2609C,Fixed site,given
C-00337,BCG,2024-08-28,1,BC2408D,Outreach,given
C-00337,OPV-0,2024-08-28,0,OP2408D,Outreach,given
C-00337,Penta-1,2024-10-03,1,PT2410A,Fixed site,given
C-00337,OPV-1,2024-10-03,1,OP2410A,Fixed site,given
C-00337,PCV-1,2024-10-03,1,PC2410A,Fixed site,given
C-00337,Rota-1,2024-10-03,1,RT2410A,Fixed site,given
C-00337,Penta-2,2024-12-08,2,PT2412A,Fixed site,given
C-00337,OPV-2,2024-12-08,2,OP2412A,Fixed site,given
C-00337,PCV-2,2024-12-08,2,PC2412A,Fixed site,given
C-00337,Penta-3,2025-01-05,3,PT2501A,Fixed site,given
C-00337,OPV-3,2025-01-05,3,OP2501A,Fixed site,given
C-00337,Measles-1,2026-01-11,1,MR2601B,Fixed site,given
C-00337,Yellow Fever,2026-01-11,1,YF2601B,Fixed site,given
C-00338,BCG,2026-01-11,1,BC2601B,Fixed site,given
C-00338,Penta-1,2026-03-08,1,PT2603A,Fixed site,given
C-00338,Rota-1,2026-03-08,1,RT2603A,Fixed site,given
C-00338,Penta-2,2026-04-05,2,PT2604A,Fixed site,given
C-00338,OPV-2,2026-04-05,2,OP2604A,Fixed site,given
C-00338,PCV-2,2026-04-05,2,PC2604A,Fixed site,given
C-00338,Rota-2,2026-04-05,2,RT2604A,Fixed site,given
C-00338,Penta-3,2026-05-03,3,PT2605A,Fixed site,given
C-00338,OPV-3,2026-05-03,3,OP2605A,Fixed site,given
C-00338,PCV-3,2026-05-03,3,PC2605A,Fixed site,given
C-00338,Measles-1,2026-09-24,1,MR2609C,Fixed site,given
C-00338,Yellow Fever,2026-09-24,1,YF2609C,Fixed site,given
C-00339,BCG,2026-05-08,1,BC2605A,Outreach,given
C-00339,Penta-1,2026-08-03,1,PT2608A,Fixed site,given
C-00339,PCV-1,2026-08-03,1,PC2608A,Fixed site,given
C-00339,Rota-1,2026-08-03,1,RT2608A,Fixed site,given
C-00339,OPV-3,2026-09-15,3,OP2609B,Fixed site,given
C-00340,BCG,2026-04-22,1,BC2604C,Fixed site,given
C-00340,Penta-1,2026-07-02,1,PT2607A,Fixed site,given
C-00340,OPV-1,2026-07-02,1,OP2607A,Fixed site,given
C-00340,PCV-1,2026-07-02,1,PC2607A,Fixed site,given
C-00340,Rota-1,2026-07-02,1,RT2607A,Fixed site,given
C-00340,Penta-2,2026-08-05,2,PT2608A,Fixed site,given
C-00340,OPV-2,2026-08-05,2,OP2608A,Fixed site,given
C-00340,PCV-2,2026-08-05,2,PC2608A,Fixed site,given
C-00340,Rota-2,2026-08-05,2,RT2608A,Fixed site,given
C-00340,Penta-3,2026-09-24,3,PT2609C,Fixed site,given
C-00340,OPV-3,2026-09-24,3,OP2609C,Fixed site,given
C-00340,PCV-3,2026-09-24,3,PC2609C,Fixed site,given
C-00341,BCG,2025-11-01,1,BC2511A,Fixed site,given
C-00341,Penta-1,2025-11-29,1,PT2511D,Fixed site,given
C-00341,OPV-1,2025-11-29,1,OP2511D,Fixed site,given
C-00341,Rota-1,2025-11-29,1,RT2511D,Fixed site,given
C-00341,Penta-2,2026-01-03,2,PT2601A,Fixed site,given
C-00341,OPV-2,2026-01-03,2,OP2601A,Fixed site,given
C-00341,PCV-2,2026-01-03,2,PC2601A,Fixed site,given
C-00341,Rota-2,2026-01-03,2,RT2601A,Fixed site,given
C-00341,Measles-1,2026-07-16,1,MR2607B,Fixed site,given
C-00341,Yellow Fever,2026-07-16,1,YF2607B,Fixed site,given
C-00341,Penta-3,2026-09-18,3,PT2609C,Fixed site,given
C-00341,OPV-3,2026-09-18,3,OP2609C,Fixed site,given
C-00341,PCV-3,2026-09-18,3,PC2609C,Fixed site,given
C-00342,BCG,2025-09-27,1,BC2509D,Fixed site,given
C-00342,OPV-0,2025-09-27,0,OP2509D,Fixed site,given
C-00342,Measles-1,2026-06-18,1,MR2606C,Fixed site,given
C-00342,Yellow Fever,2026-06-18,1,YF2606C,Fixed site,given
C-00342,Penta-1,2026-06-24,1,PT2606C,Fixed site,given
C-00342,OPV-1,2026-06-24,1,OP2606C,Fixed site,given
C-00342,PCV-1,2026-06-24,1,PC2606C,Fixed site,given
C-00342,Rota-1,2026-06-24,1,RT2606C,Fixed site,given
C-00343,BCG,2025-11-15,1,BC2511B,Fixed site,given
C-00343,OPV-0,2025-11-15,0,OP2511B,Fixed site,given
C-00343,Penta-1,2025-12-14,1,PT2512B,Fixed site,given
C-00343,PCV-1,2025-12-14,1,PC2512B,Fixed site,given
C-00343,Rota-1,2025-12-14,1,RT2512B,Fixed site,given
C-00343,Penta-2,2026-01-11,2,PT2601B,Outreach,given
C-00343,OPV-2,2026-01-11,2,OP2601B,Outreach,given
C-00343,PCV-2,2026-01-11,2,PC2601B,Outreach,given
C-00343,Penta-3,2026-02-08,3,PT2602A,Fixed site,given
C-00343,OPV-3,2026-02-08,3,OP2602A,Fixed site,given
C-00343,PCV-3,2026-02-08,3,PC2602A,Fixed site,given
C-00343,Measles-1,2026-09-24,1,MR2609C,Fixed site,given
C-00343,Yellow Fever,2026-09-24,1,YF2609C,Fixed site,given
C-00344,BCG,2025-09-30,1,BC2509D,Fixed site,given
C-00344,OPV-0,2025-09-30,0,OP2509D,Fixed site,given
C-00344,Penta-1,2025-12-24,1,PT2512C,Fixed site,given
C-00344,OPV-1,2025-12-24,1,OP2512C,Fixed site,given
C-00344,PCV-1,2025-12-24,1,PC2512C,Fixed site,given
C-00344,Rota-1,2025-12-24,1,RT2512C,Fixed site,given
C-00344,Penta-2,2026-01-21,2,PT2601C,Fixed site,given
C-00344,OPV-2,2026-01-21,2,OP2601C,Fixed site,given
C-00344,PCV-2,2026-01-21,2,PC2601C,Fixed site,given
C-00344,Rota-2,2026-01-21,2,RT2601C,Fixed site,given
C-00344,Penta-3,2026-02-18,3,PT2602C,Fixed site,given
C-00344,OPV-3,2026-02-18,3,OP2602C,Fixed site,given
C-00344,PCV-3,2026-02-18,3,PC2602C,Fixed site,given
C-00344,Measles-1,2026-06-29,1,MR2606D,Fixed site,given
C-00344,Yellow Fever,2026-06-29,1,YF2606D,Fixed site,given
C-00345,BCG,2026-06-13,1,BC2606B,Fixed site,given
C-00345,Penta-1,2026-07-22,1,PT2607C,Fixed site,given
C-00345,OPV-1,2026-07-22,1,OP2607C,Fixed site,given
C-00345,PCV-1,2026-07-22,1,PC2607C,Fixed site,given
C-00345,Rota-1,2026-07-22,1,RT2607C,Fixed site,given
C-00345,Penta-2,2026-09-03,2,PT2609A,Fixed site,given
C-00345,OPV-2,2026-09-03,2,OP2609A,Fixed site,given
C-00345,PCV-2,2026-09-03,2,PC2609A,Fixed site,given
C-00345,Rota-2,2026-09-03,2,RT2609A,Fixed site,given
C-00346,BCG,2026-07-01,1,BC2607A,Fixed site,given
C-00346,OPV-0,2026-07-01,0,OP2607A,Fixed site,given
C-00346,Penta-1,2026-08-12,1,PT2608B,Fixed site,given
C-00346,Penta-2,2026-09-09,2,PT2609B,Fixed site,given
C-00346,OPV-2,2026-09-09,2,OP2609B,Fixed site,given
C-00346,PCV-2,2026-09-09,2,PC2609B,Fixed site,given
C-00346,Rota-2,2026-09-09,2,RT2609B,Fixed site,given
C-00346,OPV-1,2026-09-19,1,OP2609C,Fixed site,given
C-00346,PCV-1,2026-09-19,1,PC2609C,Fixed site,given
C-00346,Rota-1,2026-09-19,1,RT2609C,Fixed site,given
C-00347,BCG,2025-01-19,1,BC2501C,Fixed site,given
C-00347,Penta-1,2025-03-25,1,PT2503D,Fixed site,given
C-00347,OPV-1,2025-03-25,1,OP2503D,Fixed site,given
C-00347,PCV-1,2025-03-25,1,PC2503D,Fixed site,given
C-00347,Rota-1,2025-03-25,1,RT2503D,Fixed site,given
C-00347,Penta-2,2025-04-22,2,PT2504C,Fixed site,given
C-00347,OPV-2,2025-04-22,2,OP2504C,Fixed site,given
C-00347,PCV-2,2025-04-22,2,PC2504C,Fixed site,given
C-00347,Rota-2,2025-04-22,2,RT2504C,Fixed site,given
C-00347,Penta-3,2025-07-14,3,PT2507B,Fixed site,given
C-00347,OPV-3,2025-07-14,3,OP2507B,Fixed site,given
C-00347,PCV-3,2025-07-14,3,PC2507B,Fixed site,given
C-00347,Measles-1,2025-11-13,1,MR2511B,Fixed site,given
C-00347,Yellow Fever,2025-11-13,1,YF2511B,Fixed site,given
C-00347,Measles-2,2026-07-30,2,MR2607D,Fixed site,given
C-00348,BCG,2026-09-24,1,BC2609C,Fixed site,given
C-00348,OPV-0,2026-09-24,0,OP2609C,Fixed site,given
C-00349,BCG,2026-09-24,1,BC2609C,Fixed site,given
C-00350,BCG,2026-08-20,1,BC2608C,Outreach,given
C-00350,Penta-1,2026-09-24,1,PT2609C,Fixed site,given
C-00350,OPV-1,2026-09-24,1,OP2609C,Fixed site,given
C-00350,PCV-1,2026-09-24,1,PC2609C,Fixed site,given
C-00350,Rota-1,2026-09-24,1,RT2609C,Fixed site,given
C-00351,BCG,2026-05-21,1,BC2605C,Fixed site,given
C-00351,OPV-0,2026-05-21,0,OP2605C,Fixed site,given
C-00351,Penta-1,2026-07-04,1,PT2607A,Fixed site,given
C-00351,OPV-1,2026-07-04,1,OP2607A,Fixed site,given
C-00351,PCV-1,2026-07-04,1,PC2607A,Fixed site,given
C-00351,Rota-1,2026-07-04,1,RT2607A,Fixed site,given
C-00351,OPV-3,2026-08-27,3,OP2608D,Fixed site,given
C-00352,BCG,2026-08-28,1,BC2608D,Fixed site,given
C-00352,OPV-0,2026-08-28,0,OP2608D,Fixed site,given
C-00353,BCG,2025-08-07,1,BC2508A,Fixed site,given
C-00353,Penta-1,2025-11-28,1,PT2511D,Fixed site,given
C-00353,OPV-1,2025-11-28,1,OP2511D,Fixed site,given
C-00353,PCV-1,2025-11-28,1,PC2511D,Fixed site,given
C-00353,Rota-1,2025-11-28,1,RT2511D,Fixed site,given
C-00353,Penta-2,2026-05-07,2,PT2605A,Fixed site,given
C-00353,PCV-2,2026-05-07,2,PC2605A,Fixed site,given
C-00353,Rota-2,2026-05-07,2,RT2605A,Fixed site,given
C-00353,Penta-3,2026-06-04,3,PT2606A,Fixed site,given
C-00353,OPV-3,2026-06-04,3,OP2606A,Fixed site,given
C-00353,PCV-3,2026-06-04,3,PC2606A,Fixed site,given
C-00353,Measles-1,2026-07-07,1,MR2607A,Fixed site,given
C-00353,Yellow Fever,2026-07-07,1,YF2607A,Fixed site,given
C-00354,BCG,2026-03-08,1,BC2603A,Fixed site,given
C-00354,OPV-0,2026-03-08,0,OP2603A,Fixed site,given
C-00354,Penta-1,2026-04-19,1,PT2604C,Fixed site,given
C-00354,OPV-1,2026-04-19,1,OP2604C,Fixed site,given
C-00354,PCV-1,2026-04-19,1,PC2604C,Fixed site,given
C-00354,Rota-1,2026-04-19,1,RT2604C,Fixed site,given
C-00354,Penta-2,2026-05-17,2,PT2605C,Fixed site,given
C-00354,OPV-2,2026-05-17,2,OP2605C,Fixed site,given
C-00354,PCV-2,2026-05-17,2,PC2605C,Fixed site,given
C-00354,Penta-3,2026-06-14,3,PT2606B,Fixed site,given
C-00354,OPV-3,2026-06-14,3,OP2606B,Fixed site,given
C-00354,PCV-3,2026-06-14,3,PC2606B,Fixed site,given
C-00355,BCG,2026-06-29,1,BC2606D,Fixed site,given
C-00355,OPV-0,2026-06-29,0,OP2606D,Fixed site,given
C-00355,Penta-1,2026-09-24,1,PT2609C,Fixed site,given
C-00355,OPV-1,2026-09-24,1,OP2609C,Fixed site,given
C-00355,PCV-1,2026-09-24,1,PC2609C,Fixed site,given
C-00355,Rota-1,2026-09-24,1,RT2609C,Fixed site,given
C-00356,Penta-1,2026-07-09,1,PT2607B,Fixed site,given
C-00356,OPV-1,2026-07-09,1,OP2607B,Fixed site,given
C-00356,PCV-1,2026-07-09,1,PC2607B,Fixed site,given
C-00356,Rota-1,2026-07-09,1,RT2607B,Fixed site,given
C-00356,Penta-2,2026-08-06,2,PT2608A,Fixed site,given
C-00356,OPV-2,2026-08-06,2,OP2608A,Fixed site,given
C-00356,PCV-2,2026-08-06,2,PC2608A,Fixed site,given
C-00356,Rota-2,2026-08-06,2,RT2608A,Fixed site,given
C-00356,BCG,2026-08-13,1,BC2608B,Fixed site,given
C-00356,Penta-3,2026-09-03,3,PT2609A,Fixed site,given
C-00356,OPV-3,2026-09-03,3,OP2609A,Fixed site,given
C-00356,PCV-3,2026-09-03,3,PC2609A,Fixed site,given
C-00357,BCG,2025-11-30,1,BC2511D,Fixed site,given
C-00357,OPV-0,2025-11-30,0,OP2511D,Fixed site,given
C-00357,Penta-1,2026-01-10,1,PT2601B,Fixed site,given
C-00357,OPV-1,2026-01-10,1,OP2601B,Fixed site,given
C-00357,PCV-1,2026-01-10,1,PC2601B,Fixed site,given
C-00357,Rota-1,2026-01-10,1,RT2601B,Fixed site,given
C-00357,Penta-2,2026-02-10,2,PT2602B,Fixed site,given
C-00357,OPV-2,2026-02-10,2,OP2602B,Fixed site,given
C-00357,PCV-2,2026-02-10,2,PC2602B,Fixed site,given
C-00357,Rota-2,2026-02-10,2,RT2602B,Fixed site,given
C-00357,Penta-3,2026-03-17,3,PT2603C,Fixed site,given
C-00357,OPV-3,2026-03-17,3,OP2603C,Fixed site,given
C-00357,PCV-3,2026-03-17,3,PC2603C,Fixed site,given
C-00357,Measles-1,2026-09-24,1,MR2609C,Fixed site,given
C-00357,Yellow Fever,2026-09-24,1,YF2609C,Fixed site,given
C-00358,BCG,2025-03-15,1,BC2503B,Fixed site,given
C-00358,OPV-0,2025-03-15,0,OP2503B,Fixed site,given
C-00358,Penta-1,2025-08-13,1,PT2508B,Fixed site,given
C-00358,OPV-1,2025-08-13,1,OP2508B,Fixed site,given
C-00358,PCV-1,2025-08-13,1,PC2508B,Fixed site,given
C-00358,Rota-1,2025-08-13,1,RT2508B,Fixed site,given
C-00358,Penta-2,2026-01-09,2,PT2601B,Fixed site,given
C-00358,OPV-2,2026-01-09,2,OP2601B,Fixed site,given
C-00358,PCV-2,2026-01-09,2,PC2601B,Fixed site,given
C-00358,Rota-2,2026-01-09,2,RT2601B,Fixed site,given
C-00358,Penta-3,2026-02-06,3,PT2602A,Fixed site,given
C-00358,OPV-3,2026-02-06,3,OP2602A,Fixed site,given
C-00358,PCV-3,2026-02-06,3,PC2602A,Fixed site,given
C-00359,Penta-1,2026-04-20,1,PT2604C,Fixed site,given
C-00359,OPV-1,2026-04-20,1,OP2604C,Fixed site,given
C-00359,PCV-1,2026-04-20,1,PC2604C,Fixed site,given
C-00359,Rota-1,2026-04-20,1,RT2604C,Fixed site,given
C-00359,Penta-2,2026-05-28,2,PT2605D,Fixed site,given
C-00359,OPV-2,2026-05-28,2,OP2605D,Fixed site,given
C-00359,PCV-2,2026-05-28,2,PC2605D,Fixed site,given
C-00359,Rota-2,2026-05-28,2,RT2605D,Fixed site,given
C-00359,Penta-3,2026-06-25,3,PT2606D,Fixed site,given
C-00359,OPV-3,2026-06-25,3,OP2606D,Fixed site,given
C-00359,PCV-3,2026-06-25,3,PC2606D,Fixed site,given
C-00360,BCG,2026-05-09,1,BC2605B,Fixed site,given
C-00360,Penta-1,2026-06-03,1,PT2606A,Fixed site,given
C-00360,OPV-1,2026-06-03,1,OP2606A,Fixed site,given
C-00360,PCV-1,2026-06-03,1,PC2606A,Fixed site,given
C-00360,Rota-1,2026-06-03,1,RT2606A,Fixed site,given
C-00360,Penta-2,2026-07-01,2,PT2607A,Fixed site,given
C-00360,PCV-2,2026-07-01,2,PC2607A,Fixed site,given
C-00360,Rota-2,2026-07-01,2,RT2607A,Fixed site,given
C-00360,Penta-3,2026-07-29,3,PT2607D,Fixed site,given
C-00360,OPV-3,2026-07-29,3,OP2607D,Fixed site,given
C-00360,PCV-3,2026-07-29,3,PC2607D,Fixed site,given
C-00361,BCG,2025-10-17,1,BC2510C,Fixed site,given
C-00361,OPV-0,2025-10-17,0,OP2510C,Fixed site,given
C-00361,Penta-1,2026-01-17,1,PT2601C,Fixed site,given
C-00361,OPV-1,2026-01-17,1,OP2601C,Fixed site,given
C-00361,PCV-1,2026-01-17,1,PC2601C,Fixed site,given
C-00361,Rota-1,2026-01-17,1,RT2601C,Fixed site,given
C-00361,Penta-2,2026-02-14,2,PT2602B,Fixed site,given
C-00361,OPV-2,2026-02-14,2,OP2602B,Fixed site,given
C-00361,PCV-2,2026-02-14,2,PC2602B,Fixed site,given
C-00361,Rota-2,2026-02-14,2,RT2602B,Fixed site,given
C-00361,Penta-3,2026-03-14,3,PT2603B,Fixed site,given
C-00361,OPV-3,2026-03-14,3,OP2603B,Fixed site,given
C-00361,PCV-3,2026-03-14,3,PC2603B,Fixed site,given
C-00361,Measles-1,2026-09-24,1,MR2609C,Fixed site,given
C-00361,Yellow Fever,2026-09-24,1,YF2609C,Fixed site,given
C-00362,Penta-1,2026-07-09,1,PT2607B,Fixed site,given
C-00362,OPV-1,2026-07-09,1,OP2607B,Fixed site,given
C-00362,PCV-1,2026-07-09,1,PC2607B,Fixed site,given
C-00362,Rota-1,2026-07-09,1,RT2607B,Fixed site,given
C-00362,BCG,2026-07-30,1,BC2607D,Fixed site,given
C-00362,Penta-2,2026-08-06,2,PT2608A,Fixed site,given
C-00362,OPV-2,2026-08-06,2,OP2608A,Fixed site,given
C-00362,PCV-2,2026-08-06,2,PC2608A,Fixed site,given
C-00362,Rota-2,2026-08-06,2,RT2608A,Fixed site,given
C-00362,Penta-3,2026-09-03,3,PT2609A,Fixed site,given
C-00362,OPV-3,2026-09-03,3,OP2609A,Fixed site,given
C-00362,PCV-3,2026-09-03,3,PC2609A,Fixed site,given
C-00363,BCG,2026-07-10,1,BC2607B,Fixed site,given
C-00363,OPV-0,2026-07-10,0,OP2607B,Fixed site,given
C-00363,Penta-1,2026-09-24,1,PT2609C,Fixed site,given
C-00363,OPV-1,2026-09-24,1,OP2609C,Fixed site,given
C-00363,PCV-1,2026-09-24,1,PC2609C,Fixed site,given
C-00363,Rota-1,2026-09-24,1,RT2609C,Fixed site,given
C-00364,BCG,2025-01-16,1,BC2501B,Fixed site,given
C-00364,OPV-0,2025-01-16,0,OP2501B,Fixed site,given
C-00364,Penta-1,2025-04-18,1,PT2504C,Fixed site,given
C-00364,OPV-1,2025-04-18,1,OP2504C,Fixed site,given
C-00364,PCV-1,2025-04-18,1,PC2504C,Fixed site,given
C-00364,Rota-1,2025-04-18,1,RT2504C,Fixed site,given
C-00364,Penta-2,2025-11-12,2,PT2511B,Fixed site,given
C-00364,OPV-2,2025-11-12,2,OP2511B,Fixed site,given
C-00364,PCV-2,2025-11-12,2,PC2511B,Fixed site,given
C-00364,Measles-1,2025-12-09,1,MR2512B,Fixed site,given
C-00364,Yellow Fever,2025-12-09,1,YF2512B,Fixed site,given
C-00364,Penta-3,2025-12-10,3,PT2512B,Fixed site,given
C-00364,OPV-3,2025-12-10,3,OP2512B,Fixed site,given
C-00364,PCV-3,2025-12-10,3,PC2512B,Fixed site,given
C-00365,BCG,2026-05-18,1,BC2605C,Fixed site,given
C-00365,OPV-0,2026-05-18,0,OP2605C,Fixed site,given
C-00365,Penta-1,2026-06-28,1,PT2606D,Fixed site,given
C-00365,Penta-2,2026-07-26,2,PT2607D,Fixed site,given
C-00365,OPV-2,2026-07-26,2,OP2607D,Fixed site,given
C-00365,Rota-2,2026-07-26,2,RT2607D,Fixed site,given
C-00365,OPV-1,2026-09-24,1,OP2609C,Fixed site,given
C-00365,PCV-1,2026-09-24,1,PC2609C,Fixed site,given
C-00365,Rota-1,2026-09-24,1,RT2609C,Fixed site,given
C-00365,Penta-3,2026-09-24,3,PT2609C,Fixed site,given
C-00365,OPV-3,2026-09-24,3,OP2609C,Fixed site,given
C-00365,PCV-3,2026-09-24,3,PC2609C,Fixed site,given
C-00366,BCG,2026-07-29,1,BC2607D,Fixed site,given
C-00366,Penta-1,2026-09-24,1,PT2609C,Fixed site,given
C-00366,OPV-1,2026-09-24,1,OP2609C,Fixed site,given
C-00366,PCV-1,2026-09-24,1,PC2609C,Fixed site,given
C-00366,Rota-1,2026-09-24,1,RT2609C,Fixed site,given
C-00367,BCG,2026-07-29,1,BC2607D,Fixed site,given
C-00367,Penta-1,2026-08-22,1,PT2608C,Fixed site,given
C-00367,OPV-1,2026-08-22,1,OP2608C,Fixed site,given
C-00367,PCV-1,2026-08-22,1,PC2608C,Fixed site,given
C-00367,Penta-2,2026-09-24,2,PT2609C,Fixed site,given
C-00367,OPV-2,2026-09-24,2,OP2609C,Fixed site,given
C-00367,PCV-2,2026-09-24,2,PC2609C,Fixed site,given
C-00367,Rota-2,2026-09-24,2,RT2609C,Fixed site,given
C-00368,BCG,2026-03-19,1,BC2603C,Fixed site,given
C-00368,OPV-0,2026-03-19,0,OP2603C,Fixed site,given
C-00368,Penta-1,2026-05-19,1,PT2605C,Fixed site,given
C-00368,OPV-1,2026-05-19,1,OP2605C,Fixed site,given
C-00368,PCV-1,2026-05-19,1,PC2605C,Fixed site,given
C-00368,Rota-1,2026-05-19,1,RT2605C,Fixed site,given
C-00368,Penta-2,2026-06-20,2,PT2606C,Fixed site,given
C-00368,PCV-2,2026-06-20,2,PC2606C,Fixed site,given
C-00368,Rota-2,2026-06-20,2,RT2606C,Fixed site,given
C-00368,Penta-3,2026-09-24,3,PT2609C,Fixed site,given
C-00368,OPV-3,2026-09-24,3,OP2609C,Fixed site,given
C-00368,PCV-3,2026-09-24,3,PC2609C,Fixed site,given
C-00369,Penta-1,2026-07-26,1,PT2607D,Fixed site,given
C-00369,Penta-2,2026-08-23,2,PT2608C,Fixed site,given
C-00369,PCV-2,2026-08-23,2,PC2608C,Fixed site,given
C-00369,Rota-2,2026-08-23,2,RT2608C,Fixed site,given
C-00369,OPV-1,2026-09-11,1,OP2609B,Fixed site,given
C-00369,PCV-1,2026-09-11,1,PC2609B,Fixed site,given
C-00369,Rota-1,2026-09-11,1,RT2609B,Fixed site,given
C-00369,BCG,2026-09-24,1,BC2609C,Fixed site,given
C-00369,Penta-3,2026-09-24,3,PT2609C,Fixed site,given
C-00369,PCV-3,2026-09-24,3,PC2609C,Fixed site,given
C-00370,BCG,2026-01-28,1,BC2601D,Fixed site,given
C-00370,OPV-0,2026-01-28,0,OP2601D,Fixed site,given
C-00370,OPV-3,2026-05-02,3,OP2605A,Fixed site,given
C-00370,Penta-1,2026-07-28,1,PT2607D,Fixed site,given
C-00370,OPV-1,2026-07-28,1,OP2607D,Fixed site,given
C-00370,PCV-1,2026-07-28,1,PC2607D,Fixed site,given
C-00370,Rota-1,2026-07-28,1,RT2607D,Fixed site,given
C-00370,Penta-2,2026-08-25,2,PT2608D,Fixed site,given
C-00370,OPV-2,2026-08-25,2,OP2608D,Fixed site,given
C-00370,PCV-2,2026-08-25,2,PC2608D,Fixed site,given
C-00370,Rota-2,2026-08-25,2,RT2608D,Fixed site,given
C-00371,Penta-1,2026-01-25,1,PT2601D,Fixed site,given
C-00371,OPV-1,2026-01-25,1,OP2601D,Fixed site,given
C-00371,PCV-1,2026-01-25,1,PC2601D,Fixed site,given
C-00371,Rota-1,2026-01-25,1,RT2601D,Fixed site,given
C-00371,Penta-2,2026-02-22,2,PT2602C,Fixed site,given
C-00371,OPV-2,2026-02-22,2,OP2602C,Fixed site,given
C-00371,Rota-2,2026-02-22,2,RT2602C,Fixed site,given
C-00371,Penta-3,2026-03-29,3,PT2603D,Fixed site,given
C-00371,OPV-3,2026-03-29,3,OP2603D,Fixed site,given
C-00371,PCV-3,2026-03-29,3,PC2603D,Fixed site,given
C-00371,Measles-1,2026-07-25,1,MR2607D,Fixed site,given
C-00371,Yellow Fever,2026-07-25,1,YF2607D,Fixed site,given
C-00372,BCG,2025-11-01,1,BC2511A,Fixed site,given
C-00372,OPV-0,2025-11-01,0,OP2511A,Fixed site,given
C-00372,Penta-1,2026-01-06,1,PT2601A,Fixed site,given
C-00372,OPV-1,2026-01-06,1,OP2601A,Fixed site,given
C-00372,PCV-1,2026-01-06,1,PC2601A,Fixed site,given
C-00372,Rota-1,2026-01-06,1,RT2601A,Fixed site,given
C-00372,Penta-2,2026-05-11,2,PT2605B,Fixed site,given
C-00372,OPV-2,2026-05-11,2,OP2605B,Fixed site,given
C-00372,PCV-2,2026-05-11,2,PC2605B,Fixed site,given
C-00372,Rota-2,2026-05-11,2,RT2605B,Fixed site,given
C-00372,Penta-3,2026-06-08,3,PT2606A,Outreach,given
C-00372,OPV-3,2026-06-08,3,OP2606A,Outreach,given
C-00372,PCV-3,2026-06-08,3,PC2606A,Outreach,given
C-00372,Measles-1,2026-09-24,1,MR2609C,Fixed site,given
C-00372,Yellow Fever,2026-09-24,1,YF2609C,Fixed site,given
C-00373,BCG,2024-01-16,1,BC2401B,Fixed site,given
C-00373,OPV-0,2024-01-16,0,OP2401B,Fixed site,given
C-00373,Penta-1,2024-04-17,1,PT2404C,Fixed site,given
C-00373,OPV-1,2024-04-17,1,OP2404C,Fixed site,given
C-00373,PCV-1,2024-04-17,1,PC2404C,Fixed site,given
C-00373,Rota-1,2024-04-17,1,RT2404C,Fixed site,given
C-00373,OPV-3,2024-12-19,3,OP2412C,Fixed site,given
C-00373,Measles-1,2025-03-09,1,MR2503B,Fixed site,given
C-00373,Yellow Fever,2025-03-09,1,YF2503B,Fixed site,given
C-00374,BCG,2024-10-17,1,BC2410C,Fixed site,given
C-00374,OPV-0,2024-10-17,0,OP2410C,Fixed site,given
C-00374,Penta-1,2025-01-05,1,PT2501A,Fixed site,given
C-00374,OPV-1,2025-01-05,1,OP2501A,Fixed site,given
C-00374,PCV-1,2025-01-05,1,PC2501A,Fixed site,given
C-00374,Rota-1,2025-01-05,1,RT2501A,Fixed site,given
C-00374,Penta-2,2025-02-02,2,PT2502A,Fixed site,given
C-00374,OPV-2,2025-02-02,2,OP2502A,Fixed site,given
C-00374,PCV-2,2025-02-02,2,PC2502A,Fixed site,given
C-00374,Rota-2,2025-02-02,2,RT2502A,Fixed site,given
C-00374,Penta-3,2025-05-17,3,PT2505C,Fixed site,given
C-00374,OPV-3,2025-05-17,3,OP2505C,Fixed site,given
C-00374,PCV-3,2025-05-17,3,PC2505C,Fixed site,given
C-00374,Measles-1,2025-08-16,1,MR2508B,Fixed site,given
C-00374,Measles-2,2026-04-25,2,MR2604D,Fixed site,given
C-00375,BCG,2026-08-17,1,BC2608C,Fixed site,given
C-00375,Penta-1,2026-09-24,1,PT2609C,Fixed site,given
C-00375,OPV-1,2026-09-24,1,OP2609C,Fixed site,given
C-00375,PCV-1,2026-09-24,1,PC2609C,Fixed site,given
C-00375,Rota-1,2026-09-24,1,RT2609C,Fixed site,given
C-00376,BCG,2026-03-27,1,BC2603D,Fixed site,given
C-00376,Penta-1,2026-04-26,1,PT2604D,Fixed site,given
C-00376,PCV-1,2026-04-26,1,PC2604D,Fixed site,given
C-00376,Rota-1,2026-04-26,1,RT2604D,Fixed site,given
C-00376,Penta-2,2026-05-24,2,PT2605C,Fixed site,given
C-00376,OPV-2,2026-05-24,2,OP2605C,Fixed site,given
C-00376,PCV-2,2026-05-24,2,PC2605C,Fixed site,given
C-00376,Rota-2,2026-05-24,2,RT2605C,Fixed site,given
C-00376,Penta-3,2026-06-21,3,PT2606C,Fixed site,given
C-00376,OPV-3,2026-06-21,3,OP2606C,Fixed site,given
C-00376,PCV-3,2026-06-21,3,PC2606C,Fixed site,given
C-00377,BCG,2026-03-16,1,BC2603B,Fixed site,given
C-00377,OPV-0,2026-03-16,0,OP2603B,Fixed site,given
C-00377,Penta-1,2026-04-22,1,PT2604C,Fixed site,given
C-00377,OPV-1,2026-04-22,1,OP2604C,Fixed site,given
C-00377,PCV-1,2026-04-22,1,PC2604C,Fixed site,given
C-00377,Rota-1,2026-04-22,1,RT2604C,Fixed site,given
C-00377,Penta-2,2026-05-20,2,PT2605C,Fixed site,given
C-00377,OPV-2,2026-05-20,2,OP2605C,Fixed site,given
C-00377,PCV-2,2026-05-20,2,PC2605C,Fixed site,given
C-00377,Rota-2,2026-05-20,2,RT2605C,Fixed site,given
C-00377,Penta-3,2026-06-17,3,PT2606C,Fixed site,given
C-00377,OPV-3,2026-06-17,3,OP2606C,Fixed site,given
C-00377,PCV-3,2026-06-17,3,PC2606C,Fixed site,given
C-00378,Penta-1,2026-02-10,1,PT2602B,Fixed site,given
C-00378,OPV-1,2026-02-10,1,OP2602B,Fixed site,given
C-00378,PCV-1,2026-02-10,1,PC2602B,Fixed site,given
C-00378,Rota-1,2026-02-10,1,RT2602B,Fixed site,given
C-00378,Penta-2,2026-03-10,2,PT2603B,Fixed site,given
C-00378,OPV-2,2026-03-10,2,OP2603B,Fixed site,given
C-00378,PCV-2,2026-03-10,2,PC2603B,Fixed site,given
C-00378,Rota-2,2026-03-10,2,RT2603B,Fixed site,given
C-00378,Penta-3,2026-04-07,3,PT2604A,Fixed site,given
C-00378,OPV-3,2026-04-07,3,OP2604A,Fixed site,given
C-00378,PCV-3,2026-04-07,3,PC2604A,Fixed site,given
C-00378,Measles-1,2026-09-24,1,MR2609C,Fixed site,given
C-00378,Yellow Fever,2026-09-24,1,YF2609C,Fixed site,given
C-00379,BCG,2026-04-23,1,BC2604C,Fixed site,given
C-00379,OPV-0,2026-04-23,0,OP2604C,Fixed site,given
C-00379,Penta-1,2026-06-03,1,PT2606A,Fixed site,given
C-00379,OPV-1,2026-06-03,1,OP2606A,Fixed site,given
C-00379,PCV-1,2026-06-03,1,PC2606A,Fixed site,given
C-00379,Rota-1,2026-06-03,1,RT2606A,Fixed site,given
C-00379,Penta-2,2026-07-29,2,PT2607D,Fixed site,given
C-00379,OPV-2,2026-07-29,2,OP2607D,Fixed site,given
C-00379,PCV-2,2026-07-29,2,PC2607D,Fixed site,given
C-00379,Rota-2,2026-07-29,2,RT2607D,Fixed site,given
C-00379,Penta-3,2026-09-24,3,PT2609C,Fixed site,given
C-00379,OPV-3,2026-09-24,3,OP2609C,Fixed site,given
C-00379,PCV-3,2026-09-24,3,PC2609C,Fixed site,given
C-00380,BCG,2025-09-14,1,BC2509B,Fixed site,given
C-00380,OPV-0,2025-09-14,0,OP2509B,Fixed site,given
C-00381,BCG,2026-05-02,1,BC2605A,Fixed site,given
C-00381,OPV-0,2026-05-02,0,OP2605A,Fixed site,given
C-00381,Penta-1,2026-06-08,1,PT2606A,Fixed site,given
C-00381,OPV-1,2026-06-08,1,OP2606A,Fixed site,given
C-00381,PCV-1,2026-06-08,1,PC2606A,Fixed site,given
C-00381,Rota-1,2026-06-08,1,RT2606A,Fixed site,given
C-00381,Penta-2,2026-07-06,2,PT2607A,Fixed site,given
C-00381,OPV-2,2026-07-06,2,OP2607A,Fixed site,given
C-00381,PCV-2,2026-07-06,2,PC2607A,Fixed site,given
C-00381,Rota-2,2026-07-06,2,RT2607A,Fixed site,given
C-00381,Penta-3,2026-08-03,3,PT2608A,Fixed site,given
C-00381,OPV-3,2026-08-03,3,OP2608A,Fixed site,given
C-00381,PCV-3,2026-08-03,3,PC2608A,Fixed site,given
C-00382,BCG,2026-05-30,1,BC2605D,Fixed site,given
C-00382,OPV-0,2026-05-30,0,OP2605D,Fixed site,given
C-00382,Penta-1,2026-07-10,1,PT2607B,Fixed site,given
C-00382,Penta-2,2026-08-07,2,PT2608A,Fixed site,given
C-00382,OPV-2,2026-08-07,2,OP2608A,Fixed site,given
C-00382,PCV-2,2026-08-07,2,PC2608A,Fixed site,given
C-00382,Penta-3,2026-09-09,3,PT2609B,Fixed site,given
C-00382,OPV-3,2026-09-09,3,OP2609B,Fixed site,given
C-00382,PCV-3,2026-09-09,3,PC2609B,Fixed site,given
C-00382,OPV-1,2026-09-24,1,OP2609C,Fixed site,given
C-00382,PCV-1,2026-09-24,1,PC2609C,Fixed site,given
C-00382,Rota-1,2026-09-24,1,RT2609C,Fixed site,given
C-00383,BCG,2026-09-08,1,BC2609A,Fixed site,given
C-00384,BCG,2025-10-12,1,BC2510B,Fixed site,given
C-00384,Penta-1,2025-12-13,1,PT2512B,Fixed site,given
C-00384,OPV-1,2025-12-13,1,OP2512B,Fixed site,given
C-00384,PCV-1,2025-12-13,1,PC2512B,Fixed site,given
C-00384,Rota-1,2025-12-13,1,RT2512B,Fixed site,given
C-00384,Penta-2,2026-01-23,2,PT2601C,Fixed site,given
C-00384,PCV-2,2026-01-23,2,PC2601C,Fixed site,given
C-00384,Rota-2,2026-01-23,2,RT2601C,Fixed site,given
C-00384,Penta-3,2026-08-10,3,PT2608B,Fixed site,given
C-00384,OPV-3,2026-08-10,3,OP2608B,Fixed site,given
C-00384,PCV-3,2026-08-10,3,PC2608B,Fixed site,given
C-00384,Measles-1,2026-09-24,1,MR2609C,Fixed site,given
C-00385,BCG,2026-09-01,1,BC2609A,Fixed site,given
C-00385,Penta-1,2026-09-24,1,PT2609C,Outreach,given
C-00385,OPV-1,2026-09-24,1,OP2609C,Outreach,given
C-00385,PCV-1,2026-09-24,1,PC2609C,Outreach,given
C-00385,Rota-1,2026-09-24,1,RT2609C,Outreach,given
C-00386,BCG,2025-10-23,1,BC2510C,Fixed site,given
C-00386,Penta-1,2026-02-18,1,PT2602C,Fixed site,given
C-00386,OPV-1,2026-02-18,1,OP2602C,Fixed site,given
C-00386,PCV-1,2026-02-18,1,PC2602C,Fixed site,given
C-00386,Rota-1,2026-02-18,1,RT2602C,Fixed site,given
C-00386,Penta-2,2026-04-29,2,PT2604D,Fixed site,given
C-00386,OPV-2,2026-04-29,2,OP2604D,Fixed site,given
C-00386,PCV-2,2026-04-29,2,PC2604D,Fixed site,given
C-00386,Rota-2,2026-04-29,2,RT2604D,Fixed site,given
C-00386,Penta-3,2026-05-27,3,PT2605D,Fixed site,given
C-00386,OPV-3,2026-05-27,3,OP2605D,Fixed site,given
C-00386,PCV-3,2026-05-27,3,PC2605D,Fixed site,given
C-00386,Measles-1,2026-07-07,1,MR2607A,Fixed site,given
C-00386,Yellow Fever,2026-07-07,1,YF2607A,Fixed site,given
C-00387,BCG,2025-05-13,1,BC2505B,Fixed site,given
C-00387,Penta-1,2025-08-01,1,PT2508A,Fixed site,given
C-00387,OPV-1,2025-08-01,1,OP2508A,Fixed site,given
C-00387,PCV-1,2025-08-01,1,PC2508A,Fixed site,given
C-00387,Rota-1,2025-08-01,1,RT2508A,Fixed site,given
C-00387,Penta-2,2025-08-29,2,PT2508D,Fixed site,given
C-00387,OPV-2,2025-08-29,2,OP2508D,Fixed site,given
C-00387,PCV-2,2025-08-29,2,PC2508D,Fixed site,given
C-00387,Rota-2,2025-08-29,2,RT2508D,Fixed site,given
C-00387,Measles-1,2026-02-07,1,MR2602A,Fixed site,given
C-00387,Penta-3,2026-03-31,3,PT2603D,Fixed site,given
C-00387,OPV-3,2026-03-31,3,OP2603D,Fixed site,given
C-00387,PCV-3,2026-03-31,3,PC2603D,Fixed site,given
C-00388,BCG,2025-09-07,1,BC2509A,Fixed site,given
C-00388,OPV-0,2025-09-07,0,OP2509A,Fixed site,given
C-00388,Penta-1,2025-10-16,1,PT2510B,Fixed site,given
C-00388,OPV-1,2025-10-16,1,OP2510B,Fixed site,given
C-00388,PCV-1,2025-10-16,1,PC2510B,Fixed site,given
C-00388,Rota-1,2025-10-16,1,RT2510B,Fixed site,given
C-00389,BCG,2026-05-14,1,BC2605B,Fixed site,given
C-00389,Penta-1,2026-05-28,1,PT2605D,Fixed site,given
C-00389,OPV-1,2026-05-28,1,OP2605D,Fixed site,given
C-00389,PCV-1,2026-05-28,1,PC2605D,Fixed site,given
C-00389,Rota-1,2026-05-28,1,RT2605D,Fixed site,given
C-00389,Penta-2,2026-07-10,2,PT2607B,Fixed site,given
C-00389,OPV-2,2026-07-10,2,OP2607B,Fixed site,given
C-00389,PCV-2,2026-07-10,2,PC2607B,Fixed site,given
C-00389,Rota-2,2026-07-10,2,RT2607B,Fixed site,given
C-00389,Penta-3,2026-08-07,3,PT2608A,Fixed site,given
C-00389,OPV-3,2026-08-07,3,OP2608A,Fixed site,given
C-00390,Penta-1,2025-12-07,1,PT2512A,Fixed site,given
C-00390,OPV-1,2025-12-07,1,OP2512A,Fixed site,given
C-00390,PCV-1,2025-12-07,1,PC2512A,Fixed site,given
C-00390,Rota-1,2025-12-07,1,RT2512A,Fixed site,given
C-00390,BCG,2025-12-16,1,BC2512B,Fixed site,given
C-00390,Penta-2,2026-01-04,2,PT2601A,Fixed site,given
C-00390,OPV-2,2026-01-04,2,OP2601A,Fixed site,given
C-00390,PCV-2,2026-01-04,2,PC2601A,Fixed site,given
C-00390,Rota-2,2026-01-04,2,RT2601A,Fixed site,given
C-00390,Penta-3,2026-02-01,3,PT2602A,Fixed site,given
C-00390,OPV-3,2026-02-01,3,OP2602A,Fixed site,given
C-00390,PCV-3,2026-02-01,3,PC2602A,Fixed site,given
C-00390,Measles-1,2026-09-24,1,MR2609C,Fixed site,given
C-00390,Yellow Fever,2026-09-24,1,YF2609C,Fixed site,given
C-00391,BCG,2025-08-23,1,BC2508C,Fixed site,given
C-00391,Penta-1,2025-11-28,1,PT2511D,Fixed site,given
C-00391,OPV-1,2025-11-28,1,OP2511D,Fixed site,given
C-00391,PCV-1,2025-11-28,1,PC2511D,Fixed site,given
C-00391,Rota-1,2025-11-28,1,RT2511D,Fixed site,given
C-00391,Penta-2,2025-12-26,2,PT2512D,Fixed site,given
C-00391,OPV-2,2025-12-26,2,OP2512D,Fixed site,given
C-00391,PCV-2,2025-12-26,2,PC2512D,Fixed site,given
C-00391,Rota-2,2025-12-26,2,RT2512D,Fixed site,given
C-00391,Penta-3,2026-01-23,3,PT2601C,Fixed site,given
C-00391,OPV-3,2026-01-23,3,OP2601C,Fixed site,given
C-00391,PCV-3,2026-01-23,3,PC2601C,Fixed site,given
C-00391,Measles-1,2026-05-14,1,MR2605B,Fixed site,given
C-00391,Yellow Fever,2026-05-14,1,YF2605B,Fixed site,given
C-00392,BCG,2025-05-21,1,BC2505C,Fixed site,given
C-00392,OPV-0,2025-05-21,0,OP2505C,Fixed site,given
C-00392,Penta-1,2025-08-09,1,PT2508B,Fixed site,given
C-00392,OPV-1,2025-08-09,1,OP2508B,Fixed site,given
C-00392,PCV-1,2025-08-09,1,PC2508B,Fixed site,given
C-00392,Rota-1,2025-08-09,1,RT2508B,Fixed site,given
C-00392,Penta-2,2025-11-24,2,PT2511C,Fixed site,given
C-00392,OPV-2,2025-11-24,2,OP2511C,Fixed site,given
C-00392,PCV-2,2025-11-24,2,PC2511C,Fixed site,given
C-00392,Rota-2,2025-11-24,2,RT2511C,Fixed site,given
C-00392,Penta-3,2026-01-17,3,PT2601C,Outreach,given
C-00392,OPV-3,2026-01-17,3,OP2601C,Outreach,given
C-00392,PCV-3,2026-01-17,3,PC2601C,Outreach,given
C-00392,Measles-1,2026-03-29,1,MR2603D,Fixed site,given
C-00392,Yellow Fever,2026-03-29,1,YF2603D,Fixed site,given
C-00393,BCG,2025-08-03,1,BC2508A,Fixed site,given
C-00393,OPV-0,2025-08-03,0,OP2508A,Fixed site,given
C-00393,Penta-1,2025-09-25,1,PT2509D,Fixed site,given
C-00393,OPV-1,2025-09-25,1,OP2509D,Fixed site,given
C-00393,PCV-1,2025-09-25,1,PC2509D,Fixed site,given
C-00393,Rota-1,2025-09-25,1,RT2509D,Fixed site,given
C-00393,Penta-2,2026-02-24,2,PT2602C,Fixed site,given
C-00393,PCV-2,2026-02-24,2,PC2602C,Fixed site,given
C-00393,Rota-2,2026-02-24,2,RT2602C,Fixed site,given
C-00393,Penta-3,2026-03-24,3,PT2603C,Fixed site,given
C-00393,OPV-3,2026-03-24,3,OP2603C,Fixed site,given
C-00393,PCV-3,2026-03-24,3,PC2603C,Fixed site,given
C-00394,BCG,2024-08-18,1,BC2408C,Fixed site,given
C-00394,OPV-0,2024-08-18,0,OP2408C,Fixed site,given
C-00394,Penta-1,2024-09-30,1,PT2409D,Fixed site,given
C-00394,OPV-1,2024-09-30,1,OP2409D,Fixed site,given
C-00394,PCV-1,2024-09-30,1,PC2409D,Fixed site,given
C-00394,Rota-1,2024-09-30,1,RT2409D,Fixed site,given
C-00394,Penta-2,2024-10-28,2,PT2410D,Fixed site,given
C-00394,OPV-2,2024-10-28,2,OP2410D,Fixed site,given
C-00394,Rota-2,2024-10-28,2,RT2410D,Fixed site,given
C-00394,Penta-3,2024-12-06,3,PT2412A,Fixed site,given
C-00394,OPV-3,2024-12-06,3,OP2412A,Fixed site,given
C-00394,PCV-3,2024-12-06,3,PC2412A,Fixed site,given
C-00394,Measles-1,2026-01-07,1,MR2601A,Fixed site,given
C-00394,Yellow Fever,2026-01-07,1,YF2601A,Fixed site,given
C-00395,BCG,2025-10-13,1,BC2510B,Fixed site,given
C-00395,OPV-0,2025-10-13,0,OP2510B,Fixed site,given
C-00395,Penta-1,2026-04-25,1,PT2604D,Fixed site,given
C-00395,OPV-1,2026-04-25,1,OP2604D,Fixed site,given
C-00395,PCV-1,2026-04-25,1,PC2604D,Fixed site,given
C-00395,Rota-1,2026-04-25,1,RT2604D,Fixed site,given
C-00395,Penta-2,2026-05-23,2,PT2605C,Fixed site,given
C-00395,OPV-2,2026-05-23,2,OP2605C,Fixed site,given
C-00395,PCV-2,2026-05-23,2,PC2605C,Fixed site,given
C-00395,Rota-2,2026-05-23,2,RT2605C,Fixed site,given
C-00395,Measles-1,2026-08-22,1,MR2608C,Fixed site,given
C-00395,Yellow Fever,2026-08-22,1,YF2608C,Fixed site,given
C-00395,Penta-3,2026-09-16,3,PT2609B,Fixed site,given
C-00395,OPV-3,2026-09-16,3,OP2609B,Fixed site,given
C-00395,PCV-3,2026-09-16,3,PC2609B,Fixed site,given
C-00396,BCG,2026-09-24,1,BC2609C,Fixed site,given
C-00396,OPV-0,2026-09-24,0,OP2609C,Fixed site,given
C-00397,BCG,2026-06-26,1,BC2606D,Fixed site,given
C-00397,OPV-0,2026-06-26,0,OP2606D,Fixed site,given
C-00397,Penta-1,2026-07-28,1,PT2607D,Fixed site,given
C-00397,OPV-1,2026-07-28,1,OP2607D,Fixed site,given
C-00397,PCV-1,2026-07-28,1,PC2607D,Fixed site,given
C-00397,Rota-1,2026-07-28,1,RT2607D,Fixed site,given
C-00397,Penta-2,2026-08-25,2,PT2608D,Fixed site,given
C-00397,OPV-2,2026-08-25,2,OP2608D,Fixed site,given
C-00397,PCV-2,2026-08-25,2,PC2608D,Fixed site,given
C-00397,Penta-3,2026-09-22,3,PT2609C,Fixed site,given
C-00397,OPV-3,2026-09-22,3,OP2609C,Fixed site,given
C-00397,PCV-3,2026-09-22,3,PC2609C,Fixed site,given
C-00398,BCG,2026-05-11,1,BC2605B,Fixed site,given
C-00398,OPV-0,2026-05-11,0,OP2605B,Fixed site,given
C-00398,Penta-1,2026-07-07,1,PT2607A,Fixed site,given
C-00398,OPV-1,2026-07-07,1,OP2607A,Fixed site,given
C-00398,PCV-1,2026-07-07,1,PC2607A,Fixed site,given
C-00398,Rota-1,2026-07-07,1,RT2607A,Fixed site,given
C-00399,BCG,2024-07-13,1,BC2407B,Fixed site,given
C-00399,Penta-1,2024-07-30,1,PT2407D,Fixed site,given
C-00399,OPV-1,2024-07-30,1,OP2407D,Fixed site,given
C-00399,PCV-1,2024-07-30,1,PC2407D,Fixed site,given
C-00399,Rota-1,2024-07-30,1,RT2407D,Fixed site,given
C-00399,Penta-2,2024-09-29,2,PT2409D,Fixed site,given
C-00399,OPV-2,2024-09-29,2,OP2409D,Fixed site,given
C-00399,PCV-2,2024-09-29,2,PC2409D,Fixed site,given
C-00399,Rota-2,2024-09-29,2,RT2409D,Fixed site,given
C-00399,Measles-1,2025-04-29,1,MR2504D,Fixed site,given
C-00399,Penta-3,2025-05-19,3,PT2505C,Fixed site,given
C-00399,OPV-3,2025-05-19,3,OP2505C,Fixed site,given
C-00399,PCV-3,2025-05-19,3,PC2505C,Fixed site,given
C-00399,Measles-2,2026-02-17,2,MR2602C,Fixed site,given
C-00400,BCG,2026-07-09,1,BC2607B,Fixed site,given
C-00400,Penta-1,2026-08-06,1,PT2608A,Fixed site,given
C-00400,OPV-1,2026-08-06,1,OP2608A,Fixed site,given
C-00400,PCV-1,2026-08-06,1,PC2608A,Fixed site,given
C-00400,Rota-1,2026-08-06,1,RT2608A,Fixed site,given
C-00401,BCG,2024-10-11,1,BC2410B,Fixed site,given
C-00401,Penta-1,2024-11-07,1,PT2411A,Fixed site,given
C-00401,OPV-1,2024-11-07,1,OP2411A,Fixed site,given
C-00401,PCV-1,2024-11-07,1,PC2411A,Fixed site,given
C-00401,Rota-1,2024-11-07,1,RT2411A,Fixed site,given
C-00401,Penta-2,2025-01-27,2,PT2501D,Fixed site,given
C-00401,OPV-2,2025-01-27,2,OP2501D,Fixed site,given
C-00401,PCV-2,2025-01-27,2,PC2501D,Fixed site,given
C-00401,Rota-2,2025-01-27,2,RT2501D,Fixed site,given
C-00401,Penta-3,2025-02-24,3,PT2502C,Fixed site,given
C-00401,OPV-3,2025-02-24,3,OP2502C,Fixed site,given
C-00401,PCV-3,2025-02-24,3,PC2502C,Fixed site,given
C-00401,Measles-1,2025-07-11,1,MR2507B,Fixed site,given
C-00401,Yellow Fever,2025-07-11,1,YF2507B,Fixed site,given
C-00402,BCG,2026-02-20,1,BC2602C,Fixed site,given
C-00402,OPV-0,2026-02-20,0,OP2602C,Fixed site,given
C-00402,Penta-1,2026-04-07,1,PT2604A,Fixed site,given
C-00402,OPV-1,2026-04-07,1,OP2604A,Fixed site,given
C-00402,Rota-1,2026-04-07,1,RT2604A,Fixed site,given
C-00402,Penta-2,2026-05-05,2,PT2605A,Fixed site,given
C-00402,OPV-2,2026-05-05,2,OP2605A,Fixed site,given
C-00402,PCV-2,2026-05-05,2,PC2605A,Fixed site,given
C-00402,Penta-3,2026-06-04,3,PT2606A,Fixed site,given
C-00402,OPV-3,2026-06-04,3,OP2606A,Fixed site,given
C-00402,PCV-3,2026-06-04,3,PC2606A,Fixed site,given
C-00403,BCG,2026-06-13,1,BC2606B,Fixed site,given
C-00403,Penta-1,2026-06-22,1,PT2606C,Fixed site,given
C-00403,Penta-2,2026-07-20,2,PT2607C,Fixed site,given
C-00403,OPV-2,2026-07-20,2,OP2607C,Fixed site,given
C-00403,PCV-2,2026-07-20,2,PC2607C,Fixed site,given
C-00403,Rota-2,2026-07-20,2,RT2607C,Fixed site,given
C-00403,PCV-1,2026-09-24,1,PC2609C,Fixed site,given
C-00403,Rota-1,2026-09-24,1,RT2609C,Fixed site,given
C-00403,Penta-3,2026-09-24,3,PT2609C,Fixed site,given
C-00403,OPV-3,2026-09-24,3,OP2609C,Fixed site,given
C-00403,PCV-3,2026-09-24,3,PC2609C,Fixed site,given
C-00404,BCG,2025-07-27,1,BC2507D,Fixed site,given
C-00404,OPV-0,2025-07-27,0,OP2507D,Fixed site,given
C-00404,Penta-1,2025-11-13,1,PT2511B,Fixed site,given
C-00404,OPV-1,2025-11-13,1,OP2511B,Fixed site,given
C-00404,PCV-1,2025-11-13,1,PC2511B,Fixed site,given
C-00404,Rota-1,2025-11-13,1,RT2511B,Fixed site,given
C-00404,Penta-2,2025-12-11,2,PT2512B,Fixed site,given
C-00404,OPV-2,2025-12-11,2,OP2512B,Fixed site,given
C-00404,PCV-2,2025-12-11,2,PC2512B,Fixed site,given
C-00404,Rota-2,2025-12-11,2,RT2512B,Fixed site,given
C-00404,Penta-3,2026-02-02,3,PT2602A,Fixed site,given
C-00404,OPV-3,2026-02-02,3,OP2602A,Fixed site,given
C-00404,PCV-3,2026-02-02,3,PC2602A,Fixed site,given
C-00404,Measles-1,2026-08-12,1,MR2608B,Fixed site,given
C-00404,Yellow Fever,2026-08-12,1,YF2608B,Fixed site,given
C-00405,BCG,2024-11-07,1,BC2411A,Outreach,given
C-00405,Penta-1,2025-01-06,1,PT2501A,Fixed site,given
C-00405,OPV-1,2025-01-06,1,OP2501A,Fixed site,given
C-00405,PCV-1,2025-01-06,1,PC2501A,Fixed site,given
C-00405,Rota-1,2025-01-06,1,RT2501A,Fixed site,given
C-00405,Penta-2,2025-05-01,2,PT2505A,Fixed site,given
C-00405,OPV-2,2025-05-01,2,OP2505A,Fixed site,given
C-00405,PCV-2,2025-05-01,2,PC2505A,Fixed site,given
C-00405,Rota-2,2025-05-01,2,RT2505A,Fixed site,given
C-00405,Penta-3,2025-06-02,3,PT2506A,Fixed site,given
C-00405,OPV-3,2025-06-02,3,OP2506A,Fixed site,given
C-00405,PCV-3,2025-06-02,3,PC2506A,Fixed site,given
C-00405,Measles-1,2026-02-26,1,MR2602D,Fixed site,given
C-00406,BCG,2025-11-14,1,BC2511B,Fixed site,given
C-00406,Penta-1,2025-12-29,1,PT2512D,Fixed site,given
C-00406,OPV-1,2025-12-29,1,OP2512D,Fixed site,given
C-00406,PCV-1,2025-12-29,1,PC2512D,Fixed site,given
C-00406,Rota-1,2025-12-29,1,RT2512D,Fixed site,given
C-00406,Penta-2,2026-01-26,2,PT2601D,Fixed site,given
C-00406,OPV-2,2026-01-26,2,OP2601D,Fixed site,given
C-00406,PCV-2,2026-01-26,2,PC2601D,Fixed site,given
C-00406,Rota-2,2026-01-26,2,RT2601D,Fixed site,given
C-00406,Penta-3,2026-02-23,3,PT2602C,Fixed site,given
C-00406,OPV-3,2026-02-23,3,OP2602C,Fixed site,given
C-00406,PCV-3,2026-02-23,3,PC2602C,Fixed site,given
C-00406,Measles-1,2026-09-24,1,MR2609C,Fixed site,given
C-00407,BCG,2026-01-29,1,BC2601D,Fixed site,given
C-00407,Penta-1,2026-02-20,1,PT2602C,Fixed site,given
C-00407,OPV-1,2026-02-20,1,OP2602C,Fixed site,given
C-00407,PCV-1,2026-02-20,1,PC2602C,Fixed site,given
C-00407,Rota-1,2026-02-20,1,RT2602C,Fixed site,given
C-00407,Penta-2,2026-04-21,2,PT2604C,Fixed site,given
C-00407,OPV-2,2026-04-21,2,OP2604C,Fixed site,given
C-00407,PCV-2,2026-04-21,2,PC2604C,Fixed site,given
C-00407,Rota-2,2026-04-21,2,RT2604C,Fixed site,given
C-00407,Penta-3,2026-09-24,3,PT2609C,Fixed site,given
C-00407,OPV-3,2026-09-24,3,OP2609C,Fixed site,given
C-00407,PCV-3,2026-09-24,3,PC2609C,Fixed site,given
C-00407,Measles-1,2026-09-24,1,MR2609C,Fixed site,given
C-00407,Yellow Fever,2026-09-24,1,YF2609C,Fixed site,given
C-00408,Penta-1,2025-11-15,1,PT2511B,Fixed site,given
C-00408,OPV-1,2025-11-15,1,OP2511B,Fixed site,given
C-00408,PCV-1,2025-11-15,1,PC2511B,Fixed site,given
C-00408,BCG,2025-11-21,1,BC2511C,Outreach,given
C-00408,Penta-2,2026-05-29,2,PT2605D,Fixed site,given
C-00408,OPV-2,2026-05-29,2,OP2605D,Fixed site,given
C-00408,PCV-2,2026-05-29,2,PC2605D,Fixed site,given
C-00408,Rota-2,2026-05-29,2,RT2605D,Fixed site,given
C-00408,Penta-3,2026-06-26,3,PT2606D,Fixed site,given
C-00408,OPV-3,2026-06-26,3,OP2606D,Fixed site,given
C-00408,PCV-3,2026-06-26,3,PC2606D,Fixed site,given
C-00408,Measles-1,2026-08-12,1,MR2608B,Fixed site,given
C-00408,Yellow Fever,2026-08-12,1,YF2608B,Fixed site,given
C-00409,Measles-1,2026-01-14,1,MR2601B,Fixed site,given
C-00409,Yellow Fever,2026-01-14,1,YF2601B,Fixed site,given
C-00410,BCG,2024-11-02,1,BC2411A,Fixed site,given
C-00410,OPV-0,2024-11-02,0,OP2411A,Fixed site,given
C-00410,Penta-1,2025-03-14,1,PT2503B,Fixed site,given
C-00410,OPV-1,2025-03-14,1,OP2503B,Fixed site,given
C-00410,PCV-1,2025-03-14,1,PC2503B,Fixed site,given
C-00410,Rota-1,2025-03-14,1,RT2503B,Fixed site,given
C-00410,Penta-2,2025-04-11,2,PT2504B,Fixed site,given
C-00410,OPV-2,2025-04-11,2,OP2504B,Fixed site,given
C-00410,PCV-2,2025-04-11,2,PC2504B,Fixed site,given
C-00410,Rota-2,2025-04-11,2,RT2504B,Fixed site,given
C-00410,Penta-3,2025-05-09,3,PT2505B,Fixed site,given
C-00410,PCV-3,2025-05-09,3,PC2505B,Fixed site,given
C-00410,Measles-1,2025-11-23,1,MR2511C,Outreach,given
C-00410,Yellow Fever,2025-11-23,1,YF2511C,Outreach,given
C-00411,Penta-1,2026-06-08,1,PT2606A,Outreach,given
C-00411,OPV-1,2026-06-08,1,OP2606A,Outreach,given
C-00411,PCV-1,2026-06-08,1,PC2606A,Outreach,given
C-00411,Rota-1,2026-06-08,1,RT2606A,Outreach,given
C-00411,BCG,2026-06-10,1,BC2606B,Fixed site,given
C-00411,Penta-2,2026-07-06,2,PT2607A,Fixed site,given
C-00411,OPV-2,2026-07-06,2,OP2607A,Fixed site,given
C-00411,PCV-2,2026-07-06,2,PC2607A,Fixed site,given
C-00411,Rota-2,2026-07-06,2,RT2607A,Fixed site,given
C-00411,Penta-3,2026-08-03,3,PT2608A,Fixed site,given
C-00411,OPV-3,2026-08-03,3,OP2608A,Fixed site,given
C-00411,PCV-3,2026-08-03,3,PC2608A,Fixed site,given
C-00412,BCG,2025-07-26,1,BC2507D,Fixed site,given
C-00412,Penta-1,2025-12-22,1,PT2512C,Fixed site,given
C-00412,OPV-1,2025-12-22,1,OP2512C,Fixed site,given
C-00412,PCV-1,2025-12-22,1,PC2512C,Fixed site,given
C-00412,Rota-1,2025-12-22,1,RT2512C,Fixed site,given
C-00412,Penta-2,2026-03-16,2,PT2603B,Fixed site,given
C-00412,OPV-2,2026-03-16,2,OP2603B,Fixed site,given
C-00412,PCV-2,2026-03-16,2,PC2603B,Fixed site,given
C-00412,Rota-2,2026-03-16,2,RT2603B,Fixed site,given
C-00412,Penta-3,2026-04-13,3,PT2604B,Fixed site,given
C-00412,OPV-3,2026-04-13,3,OP2604B,Fixed site,given
C-00412,PCV-3,2026-04-13,3,PC2604B,Fixed site,given
C-00412,Measles-1,2026-06-10,1,MR2606B,Fixed site,given
C-00412,Yellow Fever,2026-06-10,1,YF2606B,Fixed site,given
C-00413,BCG,2025-01-04,1,BC2501A,Fixed site,given
C-00413,Penta-1,2025-01-11,1,PT2501B,Fixed site,given
C-00413,PCV-1,2025-01-11,1,PC2501B,Fixed site,given
C-00413,Rota-1,2025-01-11,1,RT2501B,Fixed site,given
C-00413,Penta-2,2025-03-24,2,PT2503C,Fixed site,given
C-00413,OPV-2,2025-03-24,2,OP2503C,Fixed site,given
C-00413,PCV-2,2025-03-24,2,PC2503C,Fixed site,given
C-00413,Rota-2,2025-03-24,2,RT2503C,Fixed site,given
C-00413,Penta-3,2025-04-21,3,PT2504C,Fixed site,given
C-00413,OPV-3,2025-04-21,3,OP2504C,Fixed site,given
C-00413,PCV-3,2025-04-21,3,PC2504C,Fixed site,given
C-00413,Measles-1,2025-10-29,1,MR2510D,Fixed site,given
C-00413,Yellow Fever,2025-10-29,1,YF2510D,Fixed site,given
C-00414,BCG,2026-05-31,1,BC2605D,Fixed site,given
C-00414,OPV-0,2026-05-31,0,OP2605D,Fixed site,given
C-00414,Penta-1,2026-07-12,1,PT2607B,Outreach,given
C-00414,OPV-1,2026-07-12,1,OP2607B,Outreach,given
C-00414,PCV-1,2026-07-12,1,PC2607B,Outreach,given
C-00414,Rota-1,2026-07-12,1,RT2607B,Outreach,given
C-00414,Penta-2,2026-08-09,2,PT2608B,Fixed site,given
C-00414,OPV-2,2026-08-09,2,OP2608B,Fixed site,given
C-00414,Rota-2,2026-08-09,2,RT2608B,Fixed site,given
C-00414,Penta-3,2026-09-06,3,PT2609A,Fixed site,given
C-00414,OPV-3,2026-09-06,3,OP2609A,Fixed site,given
C-00414,PCV-3,2026-09-06,3,PC2609A,Fixed site,given
C-00415,Penta-1,2024-10-30,1,PT2410D,Fixed site,given
C-00415,OPV-1,2024-10-30,1,OP2410D,Fixed site,given
C-00415,PCV-1,2024-10-30,1,PC2410D,Fixed site,given
C-00415,Rota-1,2024-10-30,1,RT2410D,Fixed site,given
C-00415,BCG,2024-11-22,1,BC2411C,Fixed site,given
C-00415,Penta-2,2025-01-29,2,PT2501D,Fixed site,given
C-00415,OPV-2,2025-01-29,2,OP2501D,Fixed site,given
C-00415,PCV-2,2025-01-29,2,PC2501D,Fixed site,given
C-00415,Rota-2,2025-01-29,2,RT2501D,Fixed site,given
C-00415,Penta-3,2025-05-11,3,PT2505B,Fixed site,given
C-00415,OPV-3,2025-05-11,3,OP2505B,Fixed site,given
C-00415,PCV-3,2025-05-11,3,PC2505B,Fixed site,given
C-00415,Measles-1,2025-09-07,1,MR2509A,Fixed site,given
C-00415,Yellow Fever,2025-09-07,1,YF2509A,Fixed site,given
C-00415,Measles-2,2026-08-26,2,MR2608D,Fixed site,given
C-00416,BCG,2025-01-16,1,BC2501B,Fixed site,given
C-00416,Penta-1,2025-04-17,1,PT2504C,Fixed site,given
C-00416,OPV-1,2025-04-17,1,OP2504C,Fixed site,given
C-00416,PCV-1,2025-04-17,1,PC2504C,Fixed site,given
C-00416,Rota-1,2025-04-17,1,RT2504C,Fixed site,given
C-00416,Penta-2,2025-09-24,2,PT2509C,Fixed site,given
C-00416,OPV-2,2025-09-24,2,OP2509C,Fixed site,given
C-00416,PCV-2,2025-09-24,2,PC2509C,Fixed site,given
C-00416,Rota-2,2025-09-24,2,RT2509C,Fixed site,given
C-00416,Penta-3,2025-10-22,3,PT2510C,Fixed site,given
C-00416,OPV-3,2025-10-22,3,OP2510C,Fixed site,given
C-00416,PCV-3,2025-10-22,3,PC2510C,Fixed site,given
C-00416,Measles-1,2025-11-12,1,MR2511B,Fixed site,given
C-00417,BCG,2026-05-24,1,BC2605C,Fixed site,given
C-00417,OPV-0,2026-05-24,0,OP2605C,Fixed site,given
C-00417,Penta-1,2026-07-05,1,PT2607A,Fixed site,given
C-00417,Penta-2,2026-08-02,2,PT2608A,Fixed site,given
C-00417,OPV-2,2026-08-02,2,OP2608A,Fixed site,given
C-00417,PCV-2,2026-08-02,2,PC2608A,Fixed site,given
C-00417,Rota-2,2026-08-02,2,RT2608A,Fixed site,given
C-00417,Penta-3,2026-09-08,3,PT2609A,Fixed site,given
C-00417,OPV-3,2026-09-08,3,OP2609A,Fixed site,given
C-00417,PCV-3,2026-09-08,3,PC2609A,Fixed site,given
C-00417,OPV-1,2026-09-11,1,OP2609B,Fixed site,given
C-00417,PCV-1,2026-09-11,1,PC2609B,Fixed site,given
C-00417,Rota-1,2026-09-11,1,RT2609B,Fixed site,given
C-00418,BCG,2026-07-23,1,BC2607C,Fixed site,given
C-00418,Penta-1,2026-08-24,1,PT2608C,Fixed site,given
C-00418,OPV-1,2026-08-24,1,OP2608C,Fixed site,given
C-00418,PCV-1,2026-08-24,1,PC2608C,Fixed site,given
C-00418,Rota-1,2026-08-24,1,RT2608C,Fixed site,given
C-00418,Penta-2,2026-09-24,2,PT2609C,Fixed site,given
C-00418,OPV-2,2026-09-24,2,OP2609C,Fixed site,given
C-00418,PCV-2,2026-09-24,2,PC2609C,Fixed site,given
C-00418,Rota-2,2026-09-24,2,RT2609C,Fixed site,given
C-00419,BCG,2026-04-05,1,BC2604A,Fixed site,given
C-00419,Penta-1,2026-04-12,1,PT2604B,Fixed site,given
C-00419,OPV-1,2026-04-12,1,OP2604B,Fixed site,given
C-00419,PCV-1,2026-04-12,1,PC2604B,Fixed site,given
C-00419,Rota-1,2026-04-12,1,RT2604B,Fixed site,given
C-00419,Penta-2,2026-05-24,2,PT2605C,Fixed site,given
C-00419,PCV-2,2026-05-24,2,PC2605C,Fixed site,given
C-00419,Rota-2,2026-05-24,2,RT2605C,Fixed site,given
C-00420,BCG,2025-12-03,1,BC2512A,Fixed site,given
C-00420,OPV-0,2025-12-03,0,OP2512A,Fixed site,given
C-00420,Penta-1,2026-02-26,1,PT2602D,Fixed site,given
C-00420,OPV-1,2026-02-26,1,OP2602D,Fixed site,given
C-00420,PCV-1,2026-02-26,1,PC2602D,Fixed site,given
C-00420,Rota-1,2026-02-26,1,RT2602D,Fixed site,given
C-00420,Penta-2,2026-03-26,2,PT2603D,Fixed site,given
C-00420,OPV-2,2026-03-26,2,OP2603D,Fixed site,given
C-00420,PCV-2,2026-03-26,2,PC2603D,Fixed site,given
C-00420,Rota-2,2026-03-26,2,RT2603D,Fixed site,given
C-00420,Penta-3,2026-07-03,3,PT2607A,Fixed site,given
C-00420,PCV-3,2026-07-03,3,PC2607A,Fixed site,given
C-00421,BCG,2026-05-25,1,BC2605D,Fixed site,given
C-00421,OPV-0,2026-05-25,0,OP2605D,Fixed site,given
C-00421,Penta-1,2026-07-06,1,PT2607A,Fixed site,given
C-00421,OPV-1,2026-07-06,1,OP2607A,Fixed site,given
C-00421,PCV-1,2026-07-06,1,PC2607A,Fixed site,given
C-00421,Rota-1,2026-07-06,1,RT2607A,Fixed site,given
C-00421,Penta-2,2026-08-03,2,PT2608A,Fixed site,given
C-00421,OPV-2,2026-08-03,2,OP2608A,Fixed site,given
C-00421,PCV-2,2026-08-03,2,PC2608A,Fixed site,given
C-00421,Rota-2,2026-08-03,2,RT2608A,Fixed site,given
C-00421,Penta-3,2026-08-31,3,PT2608D,Fixed site,given
C-00421,OPV-3,2026-08-31,3,OP2608D,Fixed site,given
C-00421,PCV-3,2026-08-31,3,PC2608D,Fixed site,given
C-00422,BCG,2026-05-26,1,BC2605D,Fixed site,given
C-00422,OPV-0,2026-05-26,0,OP2605D,Fixed site,given
C-00422,Penta-1,2026-07-23,1,PT2607C,Fixed site,given
C-00422,OPV-1,2026-07-23,1,OP2607C,Fixed site,given
C-00422,PCV-1,2026-07-23,1,PC2607C,Fixed site,given
C-00422,Rota-1,2026-07-23,1,RT2607C,Fixed site,given
C-00422,Penta-2,2026-08-20,2,PT2608C,Fixed site,given
C-00422,OPV-2,2026-08-20,2,OP2608C,Fixed site,given
C-00422,PCV-2,2026-08-20,2,PC2608C,Fixed site,given
C-00422,Rota-2,2026-08-20,2,RT2608C,Fixed site,given
C-00422,OPV-3,2026-09-24,3,OP2609C,Fixed site,given
C-00423,BCG,2024-12-16,1,BC2412B,Fixed site,given
C-00423,OPV-0,2024-12-16,0,OP2412B,Fixed site,given
C-00423,Penta-1,2025-03-26,1,PT2503D,Fixed site,given
C-00423,OPV-1,2025-03-26,1,OP2503D,Fixed site,given
C-00423,PCV-1,2025-03-26,1,PC2503D,Fixed site,given
C-00423,Rota-1,2025-03-26,1,RT2503D,Fixed site,given
C-00423,Penta-2,2025-10-22,2,PT2510C,Fixed site,given
C-00423,OPV-2,2025-10-22,2,OP2510C,Fixed site,given
C-00423,PCV-2,2025-10-22,2,PC2510C,Fixed site,given
C-00423,Penta-3,2025-11-19,3,PT2511C,Fixed site,given
C-00423,OPV-3,2025-11-19,3,OP2511C,Fixed site,given
C-00423,PCV-3,2025-11-19,3,PC2511C,Fixed site,given
C-00423,Measles-1,2025-11-23,1,MR2511C,Fixed site,given
C-00423,Yellow Fever,2025-11-23,1,YF2511C,Fixed site,given
C-00423,Measles-2,2026-08-24,2,MR2608C,Fixed site,given
C-00424,BCG,2025-12-28,1,BC2512D,Fixed site,given
C-00424,OPV-0,2025-12-28,0,OP2512D,Fixed site,given
C-00424,Penta-1,2026-02-06,1,PT2602A,Fixed site,given
C-00424,OPV-1,2026-02-06,1,OP2602A,Fixed site,given
C-00424,PCV-1,2026-02-06,1,PC2602A,Fixed site,given
C-00424,Rota-1,2026-02-06,1,RT2602A,Fixed site,given
C-00424,Penta-2,2026-04-02,2,PT2604A,Fixed site,given
C-00424,PCV-2,2026-04-02,2,PC2604A,Fixed site,given
C-00424,Rota-2,2026-04-02,2,RT2604A,Fixed site,given
C-00424,Penta-3,2026-05-25,3,PT2605D,Fixed site,given
C-00424,OPV-3,2026-05-25,3,OP2605D,Fixed site,given
C-00424,PCV-3,2026-05-25,3,PC2605D,Fixed site,given
C-00424,Measles-1,2026-09-24,1,MR2609C,Fixed site,given
C-00424,Yellow Fever,2026-09-24,1,YF2609C,Fixed site,given
C-00425,BCG,2026-03-25,1,BC2603D,Fixed site,given
C-00425,OPV-0,2026-03-25,0,OP2603D,Fixed site,given
C-00425,Penta-1,2026-05-06,1,PT2605A,Fixed site,given
C-00425,OPV-1,2026-05-06,1,OP2605A,Fixed site,given
C-00425,PCV-1,2026-05-06,1,PC2605A,Fixed site,given
C-00425,Rota-1,2026-05-06,1,RT2605A,Fixed site,given
C-00425,Penta-2,2026-06-03,2,PT2606A,Fixed site,given
C-00425,OPV-2,2026-06-03,2,OP2606A,Fixed site,given
C-00425,PCV-2,2026-06-03,2,PC2606A,Fixed site,given
C-00425,Rota-2,2026-06-03,2,RT2606A,Fixed site,given
C-00425,Penta-3,2026-07-01,3,PT2607A,Fixed site,given
C-00425,OPV-3,2026-07-01,3,OP2607A,Fixed site,given
C-00425,PCV-3,2026-07-01,3,PC2607A,Fixed site,given
C-00426,BCG,2025-01-10,1,BC2501B,Fixed site,given
C-00426,Penta-1,2025-02-04,1,PT2502A,Fixed site,given
C-00426,OPV-1,2025-02-04,1,OP2502A,Fixed site,given
C-00426,PCV-1,2025-02-04,1,PC2502A,Fixed site,given
C-00426,Rota-1,2025-02-04,1,RT2502A,Fixed site,given
C-00426,Penta-2,2025-03-04,2,PT2503A,Fixed site,given
C-00426,OPV-2,2025-03-04,2,OP2503A,Fixed site,given
C-00426,PCV-2,2025-03-04,2,PC2503A,Fixed site,given
C-00426,Rota-2,2025-03-04,2,RT2503A,Fixed site,given
C-00426,Penta-3,2025-07-15,3,PT2507B,Fixed site,given
C-00426,OPV-3,2025-07-15,3,OP2507B,Fixed site,given
C-00426,PCV-3,2025-07-15,3,PC2507B,Fixed site,given
C-00426,Measles-1,2025-08-30,1,MR2508D,Fixed site,given
C-00426,Yellow Fever,2025-08-30,1,YF2508D,Fixed site,given
C-00427,BCG,2025-10-05,1,BC2510A,Fixed site,given
C-00427,Penta-1,2026-02-26,1,PT2602D,Fixed site,given
C-00427,OPV-1,2026-02-26,1,OP2602D,Fixed site,given
C-00427,PCV-1,2026-02-26,1,PC2602D,Fixed site,given
C-00427,Rota-1,2026-02-26,1,RT2602D,Fixed site,given
C-00427,Penta-2,2026-03-26,2,PT2603D,Fixed site,given
C-00427,OPV-2,2026-03-26,2,OP2603D,Fixed site,given
C-00427,PCV-2,2026-03-26,2,PC2603D,Fixed site,given
C-00427,Rota-2,2026-03-26,2,RT2603D,Fixed site,given
C-00427,Penta-3,2026-04-23,3,PT2604C,Fixed site,given
C-00427,OPV-3,2026-04-23,3,OP2604C,Fixed site,given
C-00427,PCV-3,2026-04-23,3,PC2604C,Fixed site,given
C-00427,Measles-1,2026-06-04,1,MR2606A,Fixed site,given
C-00427,Yellow Fever,2026-06-04,1,YF2606A,Fixed site,given
C-00428,BCG,2025-08-18,1,BC2508C,Fixed site,given
C-00428,Penta-1,2025-10-19,1,PT2510C,Fixed site,given
C-00428,OPV-1,2025-10-19,1,OP2510C,Fixed site,given
C-00428,PCV-1,2025-10-19,1,PC2510C,Fixed site,given
C-00428,Rota-1,2025-10-19,1,RT2510C,Fixed site,given
C-00428,Penta-2,2025-11-25,2,PT2511D,Fixed site,given
C-00428,OPV-2,2025-11-25,2,OP2511D,Fixed site,given
C-00428,PCV-2,2025-11-25,2,PC2511D,Fixed site,given
C-00428,Rota-2,2025-11-25,2,RT2511D,Fixed site,given
C-00428,Penta-3,2026-02-24,3,PT2602C,Fixed site,given
C-00428,OPV-3,2026-02-24,3,OP2602C,Fixed site,given
C-00428,PCV-3,2026-02-24,3,PC2602C,Fixed site,given
C-00428,Measles-1,2026-04-26,1,MR2604D,Fixed site,given
C-00428,Yellow Fever,2026-04-26,1,YF2604D,Fixed site,given
C-00429,BCG,2025-08-14,1,BC2508B,Fixed site,given
C-00429,OPV-0,2025-08-14,0,OP2508B,Fixed site,given
C-00429,Penta-1,2026-05-10,1,PT2605B,Fixed site,given
C-00429,OPV-1,2026-05-10,1,OP2605B,Fixed site,given
C-00429,PCV-1,2026-05-10,1,PC2605B,Fixed site,given
C-00429,Rota-1,2026-05-10,1,RT2605B,Fixed site,given
C-00429,Penta-2,2026-06-07,2,PT2606A,Fixed site,given
C-00429,OPV-2,2026-06-07,2,OP2606A,Fixed site,given
C-00429,PCV-2,2026-06-07,2,PC2606A,Fixed site,given
C-00429,Rota-2,2026-06-07,2,RT2606A,Fixed site,given
C-00429,Penta-3,2026-07-05,3,PT2607A,Outreach,given
C-00429,OPV-3,2026-07-05,3,OP2607A,Outreach,given
C-00429,PCV-3,2026-07-05,3,PC2607A,Outreach,given
C-00430,Penta-1,2026-04-05,1,PT2604A,Fixed site,given
C-00430,OPV-1,2026-04-05,1,OP2604A,Fixed site,given
C-00430,PCV-1,2026-04-05,1,PC2604A,Fixed site,given
C-00430,Rota-1,2026-04-05,1,RT2604A,Fixed site,given
C-00430,Penta-2,2026-06-17,2,PT2606C,Fixed site,given
C-00430,OPV-2,2026-06-17,2,OP2606C,Fixed site,given
C-00430,Rota-2,2026-06-17,2,RT2606C,Fixed site,given
C-00430,Penta-3,2026-07-15,3,PT2607B,Fixed site,given
C-00430,OPV-3,2026-07-15,3,OP2607B,Fixed site,given
C-00430,PCV-3,2026-07-15,3,PC2607B,Fixed site,given
C-00431,BCG,2025-11-16,1,BC2511B,Fixed site,given
C-00431,OPV-0,2025-11-16,0,OP2511B,Fixed site,given
C-00431,Penta-1,2026-01-08,1,PT2601A,Fixed site,given
C-00431,OPV-1,2026-01-08,1,OP2601A,Fixed site,given
C-00431,PCV-1,2026-01-08,1,PC2601A,Fixed site,given
C-00431,Rota-1,2026-01-08,1,RT2601A,Fixed site,given
C-00431,Penta-2,2026-02-05,2,PT2602A,Fixed site,given
C-00431,OPV-2,2026-02-05,2,OP2602A,Fixed site,given
C-00431,PCV-2,2026-02-05,2,PC2602A,Fixed site,given
C-00431,Rota-2,2026-02-05,2,RT2602A,Fixed site,given
C-00431,Penta-3,2026-03-23,3,PT2603C,Fixed site,given
C-00431,OPV-3,2026-03-23,3,OP2603C,Fixed site,given
C-00431,PCV-3,2026-03-23,3,PC2603C,Fixed site,given
C-00431,Measles-1,2026-09-24,1,MR2609C,Fixed site,given
C-00432,BCG,2025-05-01,1,BC2505A,Fixed site,given
C-00432,Penta-1,2025-11-27,1,PT2511D,Fixed site,given
C-00432,OPV-1,2025-11-27,1,OP2511D,Fixed site,given
C-00432,PCV-1,2025-11-27,1,PC2511D,Fixed site,given
C-00432,Rota-1,2025-11-27,1,RT2511D,Fixed site,given
C-00432,Penta-2,2025-12-25,2,PT2512D,Fixed site,given
C-00432,OPV-2,2025-12-25,2,OP2512D,Fixed site,given
C-00432,PCV-2,2025-12-25,2,PC2512D,Fixed site,given
C-00432,Rota-2,2025-12-25,2,RT2512D,Fixed site,given
C-00432,Penta-3,2026-01-22,3,PT2601C,Outreach,given
C-00432,OPV-3,2026-01-22,3,OP2601C,Outreach,given
C-00432,PCV-3,2026-01-22,3,PC2601C,Outreach,given
C-00432,Measles-1,2026-02-04,1,MR2602A,Fixed site,given
C-00432,Yellow Fever,2026-02-04,1,YF2602A,Fixed site,given
C-00433,BCG,2025-11-08,1,BC2511A,Fixed site,given
C-00433,OPV-0,2025-11-08,0,OP2511A,Fixed site,given
C-00433,Penta-1,2026-03-21,1,PT2603C,Fixed site,given
C-00433,OPV-1,2026-03-21,1,OP2603C,Fixed site,given
C-00433,PCV-1,2026-03-21,1,PC2603C,Fixed site,given
C-00433,Rota-1,2026-03-21,1,RT2603C,Fixed site,given
C-00433,Penta-2,2026-04-18,2,PT2604C,Fixed site,given
C-00433,OPV-2,2026-04-18,2,OP2604C,Fixed site,given
C-00433,PCV-2,2026-04-18,2,PC2604C,Fixed site,given
C-00433,Rota-2,2026-04-18,2,RT2604C,Fixed site,given
C-00433,Penta-3,2026-05-16,3,PT2605B,Fixed site,given
C-00433,OPV-3,2026-05-16,3,OP2605B,Fixed site,given
C-00433,PCV-3,2026-05-16,3,PC2605B,Fixed site,given
C-00433,Measles-1,2026-09-24,1,MR2609C,Fixed site,given
C-00433,Yellow Fever,2026-09-24,1,YF2609C,Fixed site,given
C-00434,BCG,2025-12-01,1,BC2512A,Fixed site,given
C-00434,OPV-0,2025-12-01,0,OP2512A,Fixed site,given
C-00434,Penta-1,2026-01-25,1,PT2601D,Fixed site,given
C-00434,OPV-1,2026-01-25,1,OP2601D,Fixed site,given
C-00434,PCV-1,2026-01-25,1,PC2601D,Fixed site,given
C-00434,Rota-1,2026-01-25,1,RT2601D,Fixed site,given
C-00434,Penta-2,2026-02-27,2,PT2602D,Outreach,given
C-00434,OPV-2,2026-02-27,2,OP2602D,Outreach,given
C-00434,PCV-2,2026-02-27,2,PC2602D,Outreach,given
C-00434,Rota-2,2026-02-27,2,RT2602D,Outreach,given
C-00434,Penta-3,2026-04-14,3,PT2604B,Fixed site,given
C-00434,OPV-3,2026-04-14,3,OP2604B,Fixed site,given
C-00434,Measles-1,2026-09-18,1,MR2609C,Fixed site,given
C-00434,Yellow Fever,2026-09-18,1,YF2609C,Fixed site,given
C-00435,BCG,2025-04-24,1,BC2504C,Fixed site,given
C-00435,Penta-1,2025-05-16,1,PT2505B,Fixed site,given
C-00435,OPV-1,2025-05-16,1,OP2505B,Fixed site,given
C-00435,PCV-1,2025-05-16,1,PC2505B,Fixed site,given
C-00435,Rota-1,2025-05-16,1,RT2505B,Fixed site,given
C-00435,Penta-2,2025-06-13,2,PT2506B,Fixed site,given
C-00435,OPV-2,2025-06-13,2,OP2506B,Fixed site,given
C-00435,PCV-2,2025-06-13,2,PC2506B,Fixed site,given
C-00435,Penta-3,2025-12-28,3,PT2512D,Fixed site,given
C-00435,OPV-3,2025-12-28,3,OP2512D,Fixed site,given
C-00435,PCV-3,2025-12-28,3,PC2512D,Fixed site,given
C-00436,BCG,2026-05-26,1,BC2605D,Fixed site,given
C-00436,OPV-0,2026-05-26,0,OP2605D,Fixed site,given
C-00436,Penta-1,2026-07-07,1,PT2607A,Fixed site,given
C-00436,Penta-2,2026-08-04,2,PT2608A,Fixed site,given
C-00436,OPV-2,2026-08-04,2,OP2608A,Fixed site,given
C-00436,PCV-2,2026-08-04,2,PC2608A,Fixed site,given
C-00436,Rota-2,2026-08-04,2,RT2608A,Fixed site,given
C-00436,Penta-3,2026-09-18,3,PT2609C,Fixed site,given
C-00436,OPV-3,2026-09-18,3,OP2609C,Fixed site,given
C-00436,PCV-3,2026-09-18,3,PC2609C,Fixed site,given
C-00436,OPV-1,2026-09-24,1,OP2609C,Fixed site,given
C-00436,PCV-1,2026-09-24,1,PC2609C,Fixed site,given
C-00436,Rota-1,2026-09-24,1,RT2609C,Fixed site,given
C-00437,BCG,2025-07-21,1,BC2507C,Fixed site,given
C-00437,OPV-0,2025-07-21,0,OP2507C,Fixed site,given
C-00437,Penta-1,2025-10-18,1,PT2510C,Fixed site,given
C-00437,OPV-1,2025-10-18,1,OP2510C,Fixed site,given
C-00437,PCV-1,2025-10-18,1,PC2510C,Fixed site,given
C-00437,Rota-1,2025-10-18,1,RT2510C,Fixed site,given
C-00437,Penta-2,2025-11-15,2,PT2511B,Fixed site,given
C-00437,PCV-2,2025-11-15,2,PC2511B,Fixed site,given
C-00437,Rota-2,2025-11-15,2,RT2511B,Fixed site,given
C-00437,Penta-3,2025-12-13,3,PT2512B,Fixed site,given
C-00437,OPV-3,2025-12-13,3,OP2512B,Fixed site,given
C-00437,PCV-3,2025-12-13,3,PC2512B,Fixed site,given
C-00437,Measles-1,2026-08-06,1,MR2608A,Fixed site,given
C-00437,Yellow Fever,2026-08-06,1,YF2608A,Fixed site,given
C-00438,BCG,2025-03-29,1,BC2503D,Fixed site,given
C-00438,OPV-0,2025-03-29,0,OP2503D,Fixed site,given
C-00438,Penta-1,2025-04-27,1,PT2504D,Fixed site,given
C-00438,OPV-1,2025-04-27,1,OP2504D,Fixed site,given
C-00438,PCV-1,2025-04-27,1,PC2504D,Fixed site,given
C-00438,Rota-1,2025-04-27,1,RT2504D,Fixed site,given
C-00438,Penta-2,2025-10-31,2,PT2510D,Fixed site,given
C-00438,OPV-2,2025-10-31,2,OP2510D,Fixed site,given
C-00438,PCV-2,2025-10-31,2,PC2510D,Fixed site,given
C-00438,Rota-2,2025-10-31,2,RT2510D,Fixed site,given
C-00438,Penta-3,2025-11-28,3,PT2511D,Fixed site,given
C-00438,OPV-3,2025-11-28,3,OP2511D,Fixed site,given
C-00438,PCV-3,2025-11-28,3,PC2511D,Fixed site,given
C-00439,BCG,2026-02-05,1,BC2602A,Fixed site,given
C-00439,Penta-1,2026-03-01,1,PT2603A,Fixed site,given
C-00439,OPV-1,2026-03-01,1,OP2603A,Fixed site,given
C-00439,PCV-1,2026-03-01,1,PC2603A,Fixed site,given
C-00439,Rota-1,2026-03-01,1,RT2603A,Fixed site,given
C-00439,Penta-2,2026-06-03,2,PT2606A,Fixed site,given
C-00439,OPV-2,2026-06-03,2,OP2606A,Fixed site,given
C-00439,PCV-2,2026-06-03,2,PC2606A,Fixed site,given
C-00439,Rota-2,2026-06-03,2,RT2606A,Fixed site,given
C-00439,Penta-3,2026-07-01,3,PT2607A,Fixed site,given
C-00439,OPV-3,2026-07-01,3,OP2607A,Fixed site,given
C-00439,PCV-3,2026-07-01,3,PC2607A,Fixed site,given
C-00439,Measles-1,2026-09-24,1,MR2609C,Fixed site,given
C-00439,Yellow Fever,2026-09-24,1,YF2609C,Fixed site,given
C-00440,BCG,2026-04-28,1,BC2604D,Fixed site,given
C-00440,OPV-0,2026-04-28,0,OP2604D,Fixed site,given
C-00440,Penta-1,2026-06-14,1,PT2606B,Fixed site,given
C-00440,OPV-1,2026-06-14,1,OP2606B,Fixed site,given
C-00440,PCV-1,2026-06-14,1,PC2606B,Fixed site,given
C-00440,Rota-1,2026-06-14,1,RT2606B,Fixed site,given
C-00440,Penta-2,2026-07-12,2,PT2607B,Fixed site,given
C-00440,OPV-2,2026-07-12,2,OP2607B,Fixed site,given
C-00440,PCV-2,2026-07-12,2,PC2607B,Fixed site,given
C-00440,Rota-2,2026-07-12,2,RT2607B,Fixed site,given
C-00440,Penta-3,2026-09-24,3,PT2609C,Fixed site,given
C-00440,OPV-3,2026-09-24,3,OP2609C,Fixed site,given
C-00440,PCV-3,2026-09-24,3,PC2609C,Fixed site,given
C-00441,Penta-1,2025-12-24,1,PT2512C,Fixed site,given
C-00441,OPV-1,2025-12-24,1,OP2512C,Fixed site,given
C-00441,PCV-1,2025-12-24,1,PC2512C,Fixed site,given
C-00441,Rota-1,2025-12-24,1,RT2512C,Fixed site,given
C-00441,BCG,2026-01-29,1,BC2601D,Outreach,given
C-00441,Penta-2,2026-09-12,2,PT2609B,Fixed site,given
C-00441,OPV-2,2026-09-12,2,OP2609B,Fixed site,given
C-00441,PCV-2,2026-09-12,2,PC2609B,Fixed site,given
C-00441,Rota-2,2026-09-12,2,RT2609B,Fixed site,given
C-00442,BCG,2025-12-11,1,BC2512B,Fixed site,given
C-00442,OPV-0,2025-12-11,0,OP2512B,Fixed site,given
C-00442,Penta-1,2026-01-26,1,PT2601D,Fixed site,given
C-00442,OPV-1,2026-01-26,1,OP2601D,Fixed site,given
C-00442,PCV-1,2026-01-26,1,PC2601D,Fixed site,given
C-00442,Rota-1,2026-01-26,1,RT2601D,Fixed site,given
C-00442,Penta-2,2026-02-23,2,PT2602C,Fixed site,given
C-00442,OPV-2,2026-02-23,2,OP2602C,Fixed site,given
C-00442,PCV-2,2026-02-23,2,PC2602C,Fixed site,given
C-00442,Rota-2,2026-02-23,2,RT2602C,Fixed site,given
C-00442,Penta-3,2026-04-25,3,PT2604D,Fixed site,given
C-00442,OPV-3,2026-04-25,3,OP2604D,Fixed site,given
C-00442,Measles-1,2026-09-24,1,MR2609C,Fixed site,given
C-00442,Yellow Fever,2026-09-24,1,YF2609C,Fixed site,given
C-00443,Penta-1,2025-12-29,1,PT2512D,Fixed site,given
C-00443,OPV-1,2025-12-29,1,OP2512D,Fixed site,given
C-00443,PCV-1,2025-12-29,1,PC2512D,Fixed site,given
C-00443,Rota-1,2025-12-29,1,RT2512D,Fixed site,given
C-00443,BCG,2025-12-31,1,BC2512D,Outreach,given
C-00443,Penta-2,2026-01-26,2,PT2601D,Fixed site,given
C-00443,OPV-2,2026-01-26,2,OP2601D,Fixed site,given
C-00443,PCV-2,2026-01-26,2,PC2601D,Fixed site,given
C-00443,Rota-2,2026-01-26,2,RT2601D,Fixed site,given
C-00443,Penta-3,2026-02-23,3,PT2602C,Fixed site,given
C-00443,OPV-3,2026-02-23,3,OP2602C,Fixed site,given
C-00443,PCV-3,2026-02-23,3,PC2602C,Fixed site,given
C-00444,BCG,2025-09-30,1,BC2509D,Fixed site,given
C-00444,Penta-1,2025-11-27,1,PT2511D,Fixed site,given
C-00444,OPV-1,2025-11-27,1,OP2511D,Fixed site,given
C-00444,PCV-1,2025-11-27,1,PC2511D,Fixed site,given
C-00444,Rota-1,2025-11-27,1,RT2511D,Fixed site,given
C-00444,Penta-2,2026-03-28,2,PT2603D,Fixed site,given
C-00444,OPV-2,2026-03-28,2,OP2603D,Fixed site,given
C-00444,PCV-2,2026-03-28,2,PC2603D,Fixed site,given
C-00444,Rota-2,2026-03-28,2,RT2603D,Fixed site,given
C-00444,Measles-1,2026-07-11,1,MR2607B,Fixed site,given
C-00444,Yellow Fever,2026-07-11,1,YF2607B,Fixed site,given
C-00444,Penta-3,2026-08-14,3,PT2608B,Fixed site,given
C-00444,OPV-3,2026-08-14,3,OP2608B,Fixed site,given
C-00444,PCV-3,2026-08-14,3,PC2608B,Fixed site,given
C-00445,BCG,2025-11-25,1,BC2511D,Fixed site,given
C-00445,Penta-1,2025-12-13,1,PT2512B,Fixed site,given
C-00445,OPV-1,2025-12-13,1,OP2512B,Fixed site,given
C-00445,PCV-1,2025-12-13,1,PC2512B,Fixed site,given
C-00445,Rota-1,2025-12-13,1,RT2512B,Fixed site,given
C-00445,Penta-2,2026-01-10,2,PT2601B,Fixed site,given
C-00445,OPV-2,2026-01-10,2,OP2601B,Fixed site,given
C-00445,PCV-2,2026-01-10,2,PC2601B,Fixed site,given
C-00445,Rota-2,2026-01-10,2,RT2601B,Fixed site,given
C-00445,Penta-3,2026-08-19,3,PT2608C,Outreach,given
C-00445,OPV-3,2026-08-19,3,OP2608C,Outreach,given
C-00445,PCV-3,2026-08-19,3,PC2608C,Outreach,given
C-00445,Measles-1,2026-09-24,1,MR2609C,Fixed site,given
C-00445,Yellow Fever,2026-09-24,1,YF2609C,Fixed site,given
C-00446,BCG,2025-08-29,1,BC2508D,Fixed site,given
C-00446,OPV-0,2025-08-29,0,OP2508D,Fixed site,given
C-00446,Penta-1,2025-12-28,1,PT2512D,Fixed site,given
C-00446,OPV-1,2025-12-28,1,OP2512D,Fixed site,given
C-00446,PCV-1,2025-12-28,1,PC2512D,Fixed site,given
C-00446,Rota-1,2025-12-28,1,RT2512D,Fixed site,given
C-00446,Penta-2,2026-01-25,2,PT2601D,Fixed site,given
C-00446,OPV-2,2026-01-25,2,OP2601D,Fixed site,given
C-00446,PCV-2,2026-01-25,2,PC2601D,Fixed site,given
C-00446,Rota-2,2026-01-25,2,RT2601D,Fixed site,given
C-00446,Penta-3,2026-02-22,3,PT2602C,Fixed site,given
C-00446,OPV-3,2026-02-22,3,OP2602C,Fixed site,given
C-00446,PCV-3,2026-02-22,3,PC2602C,Fixed site,given
C-00446,Measles-1,2026-08-30,1,MR2608D,Fixed site,given
C-00446,Yellow Fever,2026-08-30,1,YF2608D,Fixed site,given
C-00447,BCG,2025-02-14,1,BC2502B,Fixed site,given
C-00447,OPV-0,2025-02-14,0,OP2502B,Fixed site,given
C-00447,Penta-1,2025-07-14,1,PT2507B,Fixed site,given
C-00447,OPV-1,2025-07-14,1,OP2507B,Fixed site,given
C-00447,PCV-1,2025-07-14,1,PC2507B,Fixed site,given
C-00447,Rota-1,2025-07-14,1,RT2507B,Fixed site,given
C-00447,Penta-2,2025-08-11,2,PT2508B,Fixed site,given
C-00447,OPV-2,2025-08-11,2,OP2508B,Fixed site,given
C-00447,PCV-2,2025-08-11,2,PC2508B,Fixed site,given
C-00447,Rota-2,2025-08-11,2,RT2508B,Fixed site,given
C-00447,Measles-1,2025-11-27,1,MR2511D,Fixed site,given
C-00447,Yellow Fever,2025-11-27,1,YF2511D,Fixed site,given
C-00447,Penta-3,2026-01-07,3,PT2601A,Fixed site,given
C-00447,OPV-3,2026-01-07,3,OP2601A,Fixed site,given
C-00447,PCV-3,2026-01-07,3,PC2601A,Fixed site,given
C-00448,BCG,2025-09-10,1,BC2509B,Fixed site,given
C-00448,OPV-0,2025-09-10,0,OP2509B,Fixed site,given
C-00448,Penta-1,2026-03-09,1,PT2603B,Fixed site,given
C-00448,PCV-1,2026-03-09,1,PC2603B,Fixed site,given
C-00448,Rota-1,2026-03-09,1,RT2603B,Fixed site,given
C-00448,Penta-2,2026-04-06,2,PT2604A,Fixed site,given
C-00448,OPV-2,2026-04-06,2,OP2604A,Fixed site,given
C-00448,PCV-2,2026-04-06,2,PC2604A,Fixed site,given
C-00448,Rota-2,2026-04-06,2,RT2604A,Fixed site,given
C-00448,Penta-3,2026-05-04,3,PT2605A,Fixed site,given
C-00448,OPV-3,2026-05-04,3,OP2605A,Fixed site,given
C-00448,PCV-3,2026-05-04,3,PC2605A,Fixed site,given
C-00448,Measles-1,2026-07-12,1,MR2607B,Fixed site,given
C-00448,Yellow Fever,2026-07-12,1,YF2607B,Fixed site,given
C-00449,Penta-1,2025-10-12,1,PT2510B,Fixed site,given
C-00449,OPV-1,2025-10-12,1,OP2510B,Fixed site,given
C-00449,PCV-1,2025-10-12,1,PC2510B,Fixed site,given
C-00449,Rota-1,2025-10-12,1,RT2510B,Fixed site,given
C-00449,Penta-2,2025-12-17,2,PT2512C,Fixed site,given
C-00449,PCV-2,2025-12-17,2,PC2512C,Fixed site,given
C-00449,Rota-2,2025-12-17,2,RT2512C,Fixed site,given
C-00449,Measles-1,2026-06-18,1,MR2606C,Fixed site,given
C-00449,Yellow Fever,2026-06-18,1,YF2606C,Fixed site,given
C-00449,Penta-3,2026-07-15,3,PT2607B,Fixed site,given
C-00449,OPV-3,2026-07-15,3,OP2607B,Fixed site,given
C-00449,PCV-3,2026-07-15,3,PC2607B,Fixed site,given
C-00450,BCG,2025-06-06,1,BC2506A,Fixed site,given
C-00450,Penta-1,2025-06-30,1,PT2506D,Fixed site,given
C-00450,OPV-1,2025-06-30,1,OP2506D,Fixed site,given
C-00450,PCV-1,2025-06-30,1,PC2506D,Fixed site,given
C-00450,Rota-1,2025-06-30,1,RT2506D,Fixed site,given
C-00450,Penta-2,2025-07-28,2,PT2507D,Fixed site,given
C-00450,OPV-2,2025-07-28,2,OP2507D,Fixed site,given
C-00450,PCV-2,2025-07-28,2,PC2507D,Fixed site,given
C-00450,Rota-2,2025-07-28,2,RT2507D,Fixed site,given
C-00450,Penta-3,2025-09-01,3,PT2509A,Fixed site,given
C-00450,OPV-3,2025-09-01,3,OP2509A,Fixed site,given
C-00450,PCV-3,2025-09-01,3,PC2509A,Fixed site,given
C-00450,Measles-1,2026-06-02,1,MR2606A,Fixed site,given
C-00450,Yellow Fever,2026-06-02,1,YF2606A,Fixed site,given
C-00451,BCG,2025-02-07,1,BC2502A,Fixed site,given
C-00451,OPV-0,2025-02-07,0,OP2502A,Fixed site,given
C-00451,Penta-1,2025-04-03,1,PT2504A,Fixed site,given
C-00451,OPV-1,2025-04-03,1,OP2504A,Fixed site,given
C-00451,PCV-1,2025-04-03,1,PC2504A,Fixed site,given
C-00451,Rota-1,2025-04-03,1,RT2504A,Fixed site,given
C-00451,Measles-1,2025-11-13,1,MR2511B,Fixed site,given
C-00451,Yellow Fever,2025-11-13,1,YF2511B,Fixed site,given
C-00451,Penta-2,2025-11-30,2,PT2511D,Fixed site,given
C-00451,PCV-2,2025-11-30,2,PC2511D,Fixed site,given
C-00451,Rota-2,2025-11-30,2,RT2511D,Fixed site,given
C-00451,Penta-3,2025-12-28,3,PT2512D,Fixed site,given
C-00451,OPV-3,2025-12-28,3,OP2512D,Fixed site,given
C-00451,PCV-3,2025-12-28,3,PC2512D,Fixed site,given
C-00451,Measles-2,2026-08-13,2,MR2608B,Fixed site,given
C-00452,BCG,2026-05-13,1,BC2605B,Fixed site,given
C-00452,Penta-1,2026-05-24,1,PT2605C,Fixed site,given
C-00452,Penta-2,2026-06-21,2,PT2606C,Fixed site,given
C-00452,OPV-2,2026-06-21,2,OP2606C,Fixed site,given
C-00452,PCV-2,2026-06-21,2,PC2606C,Fixed site,given
C-00452,Rota-2,2026-06-21,2,RT2606C,Fixed site,given
C-00452,Penta-3,2026-09-10,3,PT2609B,Fixed site,given
C-00452,OPV-3,2026-09-10,3,OP2609B,Fixed site,given
C-00452,PCV-3,2026-09-10,3,PC2609B,Fixed site,given
C-00452,PCV-1,2026-09-24,1,PC2609C,Fixed site,given
C-00452,Rota-1,2026-09-24,1,RT2609C,Fixed site,given
C-00453,BCG,2024-10-10,1,BC2410B,Fixed site,given
C-00453,OPV-0,2024-10-10,0,OP2410B,Fixed site,given
C-00453,Penta-1,2025-01-04,1,PT2501A,Fixed site,given
C-00453,OPV-1,2025-01-04,1,OP2501A,Fixed site,given
C-00453,PCV-1,2025-01-04,1,PC2501A,Fixed site,given
C-00453,Rota-1,2025-01-04,1,RT2501A,Fixed site,given
C-00453,Penta-2,2025-02-01,2,PT2502A,Fixed site,given
C-00453,OPV-2,2025-02-01,2,OP2502A,Fixed site,given
C-00453,Rota-2,2025-02-01,2,RT2502A,Fixed site,given
C-00453,Penta-3,2025-05-09,3,PT2505B,Fixed site,given
C-00453,OPV-3,2025-05-09,3,OP2505B,Fixed site,given
C-00453,PCV-3,2025-05-09,3,PC2505B,Fixed site,given
C-00453,Measles-1,2025-09-07,1,MR2509A,Fixed site,given
C-00453,Yellow Fever,2025-09-07,1,YF2509A,Fixed site,given
C-00453,Measles-2,2026-09-24,2,MR2609C,Fixed site,given
C-00454,BCG,2025-12-12,1,BC2512B,Fixed site,given
C-00454,Penta-1,2025-12-31,1,PT2512D,Fixed site,given
C-00454,Penta-2,2026-01-28,2,PT2601D,Fixed site,given
C-00454,OPV-2,2026-01-28,2,OP2601D,Fixed site,given
C-00454,PCV-2,2026-01-28,2,PC2601D,Fixed site,given
C-00454,Rota-2,2026-01-28,2,RT2601D,Fixed site,given
C-00454,Penta-3,2026-04-18,3,PT2604C,Fixed site,given
C-00454,OPV-3,2026-04-18,3,OP2604C,Fixed site,given
C-00454,PCV-3,2026-04-18,3,PC2604C,Fixed site,given
C-00454,OPV-1,2026-08-28,1,OP2608D,Fixed site,given
C-00454,PCV-1,2026-08-28,1,PC2608D,Fixed site,given
C-00454,Rota-1,2026-08-28,1,RT2608D,Fixed site,given
C-00454,Measles-1,2026-09-01,1,MR2609A,Fixed site,given
C-00454,Yellow Fever,2026-09-01,1,YF2609A,Fixed site,given
C-00455,BCG,2026-05-10,1,BC2605B,Fixed site,given
C-00455,OPV-0,2026-05-10,0,OP2605B,Fixed site,given
C-00455,Penta-1,2026-07-25,1,PT2607D,Fixed site,given
C-00455,OPV-1,2026-07-25,1,OP2607D,Fixed site,given
C-00455,PCV-1,2026-07-25,1,PC2607D,Fixed site,given
C-00455,Rota-1,2026-07-25,1,RT2607D,Fixed site,given
C-00455,Penta-2,2026-08-22,2,PT2608C,Fixed site,given
C-00455,OPV-2,2026-08-22,2,OP2608C,Fixed site,given
C-00455,PCV-2,2026-08-22,2,PC2608C,Fixed site,given
C-00455,Rota-2,2026-08-22,2,RT2608C,Fixed site,given
C-00455,Penta-3,2026-09-19,3,PT2609C,Fixed site,given
C-00455,OPV-3,2026-09-19,3,OP2609C,Fixed site,given
C-00455,PCV-3,2026-09-19,3,PC2609C,Fixed site,given
C-00456,BCG,2026-06-17,1,BC2606C,Fixed site,given
C-00456,Penta-1,2026-07-08,1,PT2607A,Fixed site,given
C-00456,OPV-1,2026-07-08,1,OP2607A,Fixed site,given
C-00456,PCV-1,2026-07-08,1,PC2607A,Fixed site,given
C-00456,Rota-1,2026-07-08,1,RT2607A,Fixed site,given
C-00456,Penta-2,2026-08-05,2,PT2608A,Fixed site,given
C-00456,OPV-2,2026-08-05,2,OP2608A,Fixed site,given
C-00456,PCV-2,2026-08-05,2,PC2608A,Fixed site,given
C-00456,Rota-2,2026-08-05,2,RT2608A,Fixed site,given
C-00456,Penta-3,2026-09-02,3,PT2609A,Fixed site,given
C-00456,OPV-3,2026-09-02,3,OP2609A,Fixed site,given
C-00457,BCG,2025-10-21,1,BC2510C,Fixed site,given
C-00457,Penta-1,2025-12-18,1,PT2512C,Fixed site,given
C-00457,OPV-1,2025-12-18,1,OP2512C,Fixed site,given
C-00457,PCV-1,2025-12-18,1,PC2512C,Fixed site,given
C-00457,Rota-1,2025-12-18,1,RT2512C,Fixed site,given
C-00457,Penta-2,2026-01-15,2,PT2601B,Fixed site,given
C-00457,OPV-2,2026-01-15,2,OP2601B,Fixed site,given
C-00457,PCV-2,2026-01-15,2,PC2601B,Fixed site,given
C-00457,Rota-2,2026-01-15,2,RT2601B,Fixed site,given
C-00457,Measles-1,2026-07-15,1,MR2607B,Fixed site,given
C-00457,Yellow Fever,2026-07-15,1,YF2607B,Fixed site,given
C-00457,Penta-3,2026-08-26,3,PT2608D,Fixed site,given
C-00457,OPV-3,2026-08-26,3,OP2608D,Fixed site,given
C-00457,PCV-3,2026-08-26,3,PC2608D,Fixed site,given
C-00458,BCG,2024-12-14,1,BC2412B,Fixed site,given
C-00458,OPV-0,2024-12-14,0,OP2412B,Fixed site,given
C-00458,Penta-1,2025-02-18,1,PT2502C,Fixed site,given
C-00458,PCV-1,2025-02-18,1,PC2502C,Fixed site,given
C-00458,Rota-1,2025-02-18,1,RT2502C,Fixed site,given
C-00458,Penta-2,2025-03-18,2,PT2503C,Fixed site,given
C-00458,OPV-2,2025-03-18,2,OP2503C,Fixed site,given
C-00458,PCV-2,2025-03-18,2,PC2503C,Fixed site,given
C-00458,Penta-3,2025-04-24,3,PT2504C,Fixed site,given
C-00458,OPV-3,2025-04-24,3,OP2504C,Fixed site,given
C-00458,PCV-3,2025-04-24,3,PC2504C,Fixed site,given
C-00458,Measles-1,2025-11-08,1,MR2511A,Fixed site,given
C-00458,Yellow Fever,2025-11-08,1,YF2511A,Fixed site,given
C-00459,BCG,2024-10-07,1,BC2410A,Fixed site,given
C-00459,Penta-1,2024-11-07,1,PT2411A,Fixed site,given
C-00459,OPV-1,2024-11-07,1,OP2411A,Fixed site,given
C-00459,PCV-1,2024-11-07,1,PC2411A,Fixed site,given
C-00459,Rota-1,2024-11-07,1,RT2411A,Fixed site,given
C-00459,Penta-2,2025-01-01,2,PT2501A,Fixed site,given
C-00459,OPV-2,2025-01-01,2,OP2501A,Fixed site,given
C-00459,PCV-2,2025-01-01,2,PC2501A,Fixed site,given
C-00459,Rota-2,2025-01-01,2,RT2501A,Fixed site,given
C-00459,Penta-3,2025-05-08,3,PT2505A,Fixed site,given
C-00459,OPV-3,2025-05-08,3,OP2505A,Fixed site,given
C-00459,PCV-3,2025-05-08,3,PC2505A,Fixed site,given
C-00459,Measles-1,2025-10-27,1,MR2510D,Fixed site,given
C-00459,Yellow Fever,2025-10-27,1,YF2510D,Fixed site,given
C-00460,BCG,2023-08-31,1,BC2308D,Fixed site,given
C-00460,Penta-1,2023-10-05,1,PT2310A,Fixed site,given
C-00460,OPV-1,2023-10-05,1,OP2310A,Fixed site,given
C-00460,PCV-1,2023-10-05,1,PC2310A,Fixed site,given
C-00460,Rota-1,2023-10-05,1,RT2310A,Fixed site,given
C-00460,Penta-2,2023-11-22,2,PT2311C,Fixed site,given
C-00460,OPV-2,2023-11-22,2,OP2311C,Fixed site,given
C-00460,PCV-2,2023-11-22,2,PC2311C,Fixed site,given
C-00460,Rota-2,2023-11-22,2,RT2311C,Fixed site,given
C-00460,Penta-3,2024-03-15,3,PT2403B,Fixed site,given
C-00460,OPV-3,2024-03-15,3,OP2403B,Fixed site,given
C-00460,PCV-3,2024-03-15,3,PC2403B,Fixed site,given
C-00460,Measles-1,2025-01-10,1,MR2501B,Fixed site,given
C-00460,Yellow Fever,2025-01-10,1,YF2501B,Fixed site,given
C-00461,BCG,2025-01-29,1,BC2501D,Fixed site,given
C-00461,Penta-1,2025-02-13,1,PT2502B,Fixed site,given
C-00461,OPV-1,2025-02-13,1,OP2502B,Fixed site,given
C-00461,PCV-1,2025-02-13,1,PC2502B,Fixed site,given
C-00461,Rota-1,2025-02-13,1,RT2502B,Fixed site,given
C-00461,Penta-2,2025-03-13,2,PT2503B,Fixed site,given
C-00461,OPV-2,2025-03-13,2,OP2503B,Fixed site,given
C-00461,PCV-2,2025-03-13,2,PC2503B,Fixed site,given
C-00461,Rota-2,2025-03-13,2,RT2503B,Fixed site,given
C-00461,Penta-3,2025-05-27,3,PT2505D,Fixed site,given
C-00461,PCV-3,2025-05-27,3,PC2505D,Fixed site,given
C-00461,Measles-1,2026-05-10,1,MR2605B,Fixed site,given
C-00461,Yellow Fever,2026-05-10,1,YF2605B,Fixed site,given
C-00462,BCG,2023-06-27,1,BC2306D,Fixed site,given
C-00462,OPV-0,2023-06-27,0,OP2306D,Fixed site,given
C-00462,Penta-1,2023-09-07,1,PT2309A,Fixed site,given
C-00462,OPV-1,2023-09-07,1,OP2309A,Fixed site,given
C-00462,Rota-1,2023-09-07,1,RT2309A,Fixed site,given
C-00462,Penta-2,2023-10-05,2,PT2310A,Fixed site,given
C-00462,OPV-2,2023-10-05,2,OP2310A,Fixed site,given
C-00462,PCV-2,2023-10-05,2,PC2310A,Fixed site,given
C-00462,Rota-2,2023-10-05,2,RT2310A,Fixed site,given
C-00462,Penta-3,2023-11-02,3,PT2311A,Fixed site,given
C-00462,OPV-3,2023-11-02,3,OP2311A,Fixed site,given
C-00462,PCV-3,2023-11-02,3,PC2311A,Fixed site,given
C-00462,Measles-1,2024-04-03,1,MR2404A,Fixed site,given
C-00462,Yellow Fever,2024-04-03,1,YF2404A,Fixed site,given
C-00462,Measles-2,2025-04-20,2,MR2504C,Fixed site,given
C-00463,BCG,2024-11-19,1,BC2411C,Fixed site,given
C-00463,OPV-0,2024-11-19,0,OP2411C,Fixed site,given
C-00463,Penta-1,2024-12-28,1,PT2412D,Fixed site,given
C-00463,OPV-1,2024-12-28,1,OP2412D,Fixed site,given
C-00463,PCV-1,2024-12-28,1,PC2412D,Fixed site,given
C-00463,Rota-1,2024-12-28,1,RT2412D,Fixed site,given
C-00463,Penta-2,2025-03-06,2,PT2503A,Fixed site,given
C-00463,OPV-2,2025-03-06,2,OP2503A,Fixed site,given
C-00463,PCV-2,2025-03-06,2,PC2503A,Fixed site,given
C-00463,Rota-2,2025-03-06,2,RT2503A,Fixed site,given
C-00464,Penta-1,2025-10-20,1,PT2510C,Fixed site,given
C-00464,OPV-1,2025-10-20,1,OP2510C,Fixed site,given
C-00464,PCV-1,2025-10-20,1,PC2510C,Fixed site,given
C-00464,Rota-1,2025-10-20,1,RT2510C,Fixed site,given
C-00464,Penta-2,2026-01-17,2,PT2601C,Fixed site,given
C-00464,OPV-2,2026-01-17,2,OP2601C,Fixed site,given
C-00464,PCV-2,2026-01-17,2,PC2601C,Fixed site,given
C-00464,Rota-2,2026-01-17,2,RT2601C,Fixed site,given
C-00464,Penta-3,2026-02-14,3,PT2602B,Fixed site,given
C-00464,OPV-3,2026-02-14,3,OP2602B,Fixed site,given
C-00464,PCV-3,2026-02-14,3,PC2602B,Fixed site,given
C-00464,Measles-1,2026-06-25,1,MR2606D,Fixed site,given
C-00465,BCG,2025-12-27,1,BC2512D,Fixed site,given
C-00465,Penta-1,2026-01-30,1,PT2601D,Fixed site,given
C-00465,OPV-1,2026-01-30,1,OP2601D,Fixed site,given
C-00465,PCV-1,2026-01-30,1,PC2601D,Fixed site,given
C-00465,Rota-1,2026-01-30,1,RT2601D,Fixed site,given
C-00465,Penta-2,2026-03-27,2,PT2603D,Fixed site,given
C-00465,OPV-2,2026-03-27,2,OP2603D,Fixed site,given
C-00465,PCV-2,2026-03-27,2,PC2603D,Fixed site,given
C-00465,Penta-3,2026-04-24,3,PT2604C,Fixed site,given
C-00465,OPV-3,2026-04-24,3,OP2604C,Fixed site,given
C-00465,PCV-3,2026-04-24,3,PC2604C,Fixed site,given
C-00465,Measles-1,2026-09-24,1,MR2609C,Fixed site,given
C-00466,BCG,2024-12-27,1,BC2412D,Fixed site,given
C-00466,OPV-0,2024-12-27,0,OP2412D,Fixed site,given
C-00466,Penta-1,2025-09-22,1,PT2509C,Fixed site,given
C-00466,OPV-1,2025-09-22,1,OP2509C,Fixed site,given
C-00466,PCV-1,2025-09-22,1,PC2509C,Fixed site,given
C-00466,Rota-1,2025-09-22,1,RT2509C,Fixed site,given
C-00466,OPV-3,2025-11-10,3,OP2511B,Fixed site,given
C-00467,BCG,2025-04-08,1,BC2504A,Fixed site,given
C-00467,Penta-1,2025-07-09,1,PT2507B,Fixed site,given
C-00467,OPV-1,2025-07-09,1,OP2507B,Fixed site,given
C-00467,PCV-1,2025-07-09,1,PC2507B,Fixed site,given
C-00467,Rota-1,2025-07-09,1,RT2507B,Fixed site,given
C-00467,Penta-2,2025-08-06,2,PT2508A,Fixed site,given
C-00467,OPV-2,2025-08-06,2,OP2508A,Fixed site,given
C-00467,PCV-2,2025-08-06,2,PC2508A,Fixed site,given
C-00467,Rota-2,2025-08-06,2,RT2508A,Fixed site,given
C-00467,Penta-3,2025-09-03,3,PT2509A,Fixed site,given
C-00467,OPV-3,2025-09-03,3,OP2509A,Fixed site,given
C-00467,PCV-3,2025-09-03,3,PC2509A,Fixed site,given
C-00467,Measles-1,2026-03-17,1,MR2603C,Fixed site,given
C-00467,Yellow Fever,2026-03-17,1,YF2603C,Fixed site,given
C-00467,Measles-2,2026-09-18,2,MR2609C,Fixed site,given
C-00468,OPV-3,2026-08-06,3,OP2608A,Fixed site,given
C-00468,BCG,2026-09-24,1,BC2609C,Fixed site,given
C-00469,Penta-1,2025-11-17,1,PT2511C,Fixed site,given
C-00469,PCV-1,2025-11-17,1,PC2511C,Fixed site,given
C-00469,Rota-1,2025-11-17,1,RT2511C,Fixed site,given
C-00469,Penta-2,2026-01-01,2,PT2601A,Fixed site,given
C-00469,OPV-2,2026-01-01,2,OP2601A,Fixed site,given
C-00469,Rota-2,2026-01-01,2,RT2601A,Fixed site,given
C-00469,BCG,2026-01-13,1,BC2601B,Fixed site,given
C-00469,Penta-3,2026-01-29,3,PT2601D,Fixed site,given
C-00469,OPV-3,2026-01-29,3,OP2601D,Fixed site,given
C-00469,PCV-3,2026-01-29,3,PC2601D,Fixed site,given
C-00469,Measles-1,2026-09-24,1,MR2609C,Fixed site,given
C-00469,Yellow Fever,2026-09-24,1,YF2609C,Fixed site,given
C-00470,BCG,2026-09-02,1,BC2609A,Fixed site,given
C-00470,OPV-0,2026-09-02,0,OP2609A,Fixed site,given
C-00471,BCG,2025-01-09,1,BC2501B,Fixed site,given
C-00471,Penta-1,2025-01-25,1,PT2501D,Fixed site,given
C-00471,OPV-1,2025-01-25,1,OP2501D,Fixed site,given
C-00471,PCV-1,2025-01-25,1,PC2501D,Fixed site,given
C-00471,Rota-1,2025-01-25,1,RT2501D,Fixed site,given
C-00471,Penta-2,2025-04-01,2,PT2504A,Fixed site,given
C-00471,OPV-2,2025-04-01,2,OP2504A,Fixed site,given
C-00471,PCV-2,2025-04-01,2,PC2504A,Fixed site,given
C-00471,Rota-2,2025-04-01,2,RT2504A,Fixed site,given
C-00471,Penta-3,2025-04-29,3,PT2504D,Fixed site,given
C-00471,OPV-3,2025-04-29,3,OP2504D,Fixed site,given
C-00471,PCV-3,2025-04-29,3,PC2504D,Fixed site,given
C-00471,Measles-1,2026-01-24,1,MR2601C,Fixed site,given
C-00471,Yellow Fever,2026-01-24,1,YF2601C,Fixed site,given
C-00472,BCG,2025-07-20,1,BC2507C,Fixed site,given
C-00472,Penta-1,2026-04-08,1,PT2604A,Fixed site,given
C-00472,OPV-1,2026-04-08,1,OP2604A,Fixed site,given
C-00472,PCV-1,2026-04-08,1,PC2604A,Fixed site,given
C-00472,Rota-1,2026-04-08,1,RT2604A,Fixed site,given
C-00472,Penta-2,2026-05-06,2,PT2605A,Fixed site,given
C-00472,OPV-2,2026-05-06,2,OP2605A,Fixed site,given
C-00472,PCV-2,2026-05-06,2,PC2605A,Fixed site,given
C-00472,Rota-2,2026-05-06,2,RT2605A,Fixed site,given
C-00472,Penta-3,2026-06-03,3,PT2606A,Fixed site,given
C-00472,OPV-3,2026-06-03,3,OP2606A,Fixed site,given
C-00472,PCV-3,2026-06-03,3,PC2606A,Fixed site,given
C-00472,Measles-1,2026-08-03,1,MR2608A,Fixed site,given
C-00472,Yellow Fever,2026-08-03,1,YF2608A,Fixed site,given
C-00473,BCG,2024-11-14,1,BC2411B,Fixed site,given
C-00473,OPV-0,2024-11-14,0,OP2411B,Fixed site,given
C-00473,Penta-1,2024-12-19,1,PT2412C,Fixed site,given
C-00473,OPV-1,2024-12-19,1,OP2412C,Fixed site,given
C-00473,PCV-1,2024-12-19,1,PC2412C,Fixed site,given
C-00473,Rota-1,2024-12-19,1,RT2412C,Fixed site,given
C-00473,Measles-1,2026-03-28,1,MR2603D,Fixed site,given
C-00473,Yellow Fever,2026-03-28,1,YF2603D,Fixed site,given
C-00473,Measles-2,2026-07-30,2,MR2607D,Fixed site,given
C-00474,BCG,2025-07-20,1,BC2507C,Fixed site,given
C-00474,Penta-1,2026-04-04,1,PT2604A,Fixed site,given
C-00474,OPV-1,2026-04-04,1,OP2604A,Fixed site,given
C-00474,PCV-1,2026-04-04,1,PC2604A,Fixed site,given
C-00474,Rota-1,2026-04-04,1,RT2604A,Fixed site,given
C-00474,Penta-2,2026-05-02,2,PT2605A,Fixed site,given
C-00474,OPV-2,2026-05-02,2,OP2605A,Fixed site,given
C-00474,PCV-2,2026-05-02,2,PC2605A,Fixed site,given
C-00474,Rota-2,2026-05-02,2,RT2605A,Fixed site,given
C-00474,Penta-3,2026-05-30,3,PT2605D,Fixed site,given
C-00474,OPV-3,2026-05-30,3,OP2605D,Fixed site,given
C-00474,PCV-3,2026-05-30,3,PC2605D,Fixed site,given
C-00474,Measles-1,2026-06-07,1,MR2606A,Fixed site,given
C-00474,Yellow Fever,2026-06-07,1,YF2606A,Fixed site,given
C-00475,BCG,2026-06-26,1,BC2606D,Fixed site,given
C-00475,Penta-1,2026-07-05,1,PT2607A,Fixed site,given
C-00475,Penta-2,2026-08-02,2,PT2608A,Fixed site,given
C-00475,OPV-2,2026-08-02,2,OP2608A,Fixed site,given
C-00475,PCV-2,2026-08-02,2,PC2608A,Fixed site,given
C-00475,Rota-2,2026-08-02,2,RT2608A,Fixed site,given
C-00475,OPV-1,2026-09-05,1,OP2609A,Fixed site,given
C-00475,PCV-1,2026-09-05,1,PC2609A,Fixed site,given
C-00475,Rota-1,2026-09-05,1,RT2609A,Fixed site,given
C-00475,Penta-3,2026-09-24,3,PT2609C,Fixed site,given
C-00475,OPV-3,2026-09-24,3,OP2609C,Fixed site,given
C-00476,BCG,2026-01-05,1,BC2601A,Fixed site,given
C-00476,OPV-0,2026-01-05,0,OP2601A,Fixed site,given
C-00476,Penta-1,2026-03-03,1,PT2603A,Fixed site,given
C-00476,PCV-1,2026-03-03,1,PC2603A,Fixed site,given
C-00476,Rota-1,2026-03-03,1,RT2603A,Fixed site,given
C-00476,Penta-2,2026-03-31,2,PT2603D,Fixed site,given
C-00476,OPV-2,2026-03-31,2,OP2603D,Fixed site,given
C-00476,PCV-2,2026-03-31,2,PC2603D,Fixed site,given
C-00476,Rota-2,2026-03-31,2,RT2603D,Fixed site,given
C-00476,Penta-3,2026-05-16,3,PT2605B,Fixed site,given
C-00476,OPV-3,2026-05-16,3,OP2605B,Fixed site,given
C-00476,PCV-3,2026-05-16,3,PC2605B,Fixed site,given
C-00476,Measles-1,2026-09-24,1,MR2609C,Fixed site,given
C-00477,BCG,2026-04-30,1,BC2604D,Fixed site,given
C-00477,Penta-1,2026-06-15,1,PT2606B,Fixed site,given
C-00477,OPV-1,2026-06-15,1,OP2606B,Fixed site,given
C-00477,PCV-1,2026-06-15,1,PC2606B,Fixed site,given
C-00477,Rota-1,2026-06-15,1,RT2606B,Fixed site,given
C-00477,Penta-2,2026-07-28,2,PT2607D,Fixed site,given
C-00477,OPV-2,2026-07-28,2,OP2607D,Fixed site,given
C-00477,PCV-2,2026-07-28,2,PC2607D,Fixed site,given
C-00477,Rota-2,2026-07-28,2,RT2607D,Fixed site,given
C-00477,Penta-3,2026-09-24,3,PT2609C,Fixed site,given
C-00477,PCV-3,2026-09-24,3,PC2609C,Fixed site,given
C-00478,BCG,2025-01-17,1,BC2501C,Fixed site,given
C-00478,Penta-1,2025-03-01,1,PT2503A,Fixed site,given
C-00478,OPV-1,2025-03-01,1,OP2503A,Fixed site,given
C-00478,PCV-1,2025-03-01,1,PC2503A,Fixed site,given
C-00478,Rota-1,2025-03-01,1,RT2503A,Fixed site,given
C-00478,Penta-2,2025-05-10,2,PT2505B,Fixed site,given
C-00478,OPV-2,2025-05-10,2,OP2505B,Fixed site,given
C-00478,PCV-2,2025-05-10,2,PC2505B,Fixed site,given
C-00478,Rota-2,2025-05-10,2,RT2505B,Fixed site,given
C-00478,Penta-3,2025-09-18,3,PT2509C,Fixed site,given
C-00478,OPV-3,2025-09-18,3,OP2509C,Fixed site,given
C-00478,PCV-3,2025-09-18,3,PC2509C,Fixed site,given
C-00478,Measles-1,2025-10-24,1,MR2510C,Fixed site,given
C-00478,Yellow Fever,2025-10-24,1,YF2510C,Fixed site,given
C-00479,BCG,2025-01-26,1,BC2501D,Fixed site,given
C-00479,OPV-0,2025-01-26,0,OP2501D,Fixed site,given
C-00479,Penta-1,2025-03-17,1,PT2503C,Fixed site,given
C-00479,PCV-1,2025-03-17,1,PC2503C,Fixed site,given
C-00479,Penta-2,2025-04-14,2,PT2504B,Fixed site,given
C-00479,OPV-2,2025-04-14,2,OP2504B,Fixed site,given
C-00479,PCV-2,2025-04-14,2,PC2504B,Fixed site,given
C-00479,Rota-2,2025-04-14,2,RT2504B,Fixed site,given
C-00479,Penta-3,2025-08-26,3,PT2508D,Fixed site,given
C-00479,OPV-3,2025-08-26,3,OP2508D,Fixed site,given
C-00479,PCV-3,2025-08-26,3,PC2508D,Fixed site,given
C-00479,Measles-1,2026-06-23,1,MR2606C,Fixed site,given
C-00480,BCG,2025-02-05,1,BC2502A,Fixed site,given
C-00480,OPV-0,2025-02-05,0,OP2502A,Fixed site,given
C-00480,Penta-1,2025-10-08,1,PT2510A,Fixed site,given
C-00480,OPV-1,2025-10-08,1,OP2510A,Fixed site,given
C-00480,PCV-1,2025-10-08,1,PC2510A,Fixed site,given
C-00480,Rota-1,2025-10-08,1,RT2510A,Fixed site,given
C-00480,Penta-2,2025-11-05,2,PT2511A,Fixed site,given
C-00480,OPV-2,2025-11-05,2,OP2511A,Fixed site,given
C-00480,PCV-2,2025-11-05,2,PC2511A,Fixed site,given
C-00480,Rota-2,2025-11-05,2,RT2511A,Fixed site,given
C-00480,Penta-3,2025-12-03,3,PT2512A,Fixed site,given
C-00480,OPV-3,2025-12-03,3,OP2512A,Fixed site,given
C-00480,PCV-3,2025-12-03,3,PC2512A,Fixed site,given
C-00480,Measles-1,2026-07-02,1,MR2607A,Fixed site,given
C-00480,Yellow Fever,2026-07-02,1,YF2607A,Fixed site,given
C-00481,BCG,2025-10-29,1,BC2510D,Fixed site,given
C-00481,OPV-0,2025-10-29,0,OP2510D,Fixed site,given
C-00481,Penta-1,2026-01-20,1,PT2601C,Fixed site,given
C-00481,PCV-1,2026-01-20,1,PC2601C,Fixed site,given
C-00481,Rota-1,2026-01-20,1,RT2601C,Fixed site,given
C-00481,Penta-2,2026-02-17,2,PT2602C,Fixed site,given
C-00481,OPV-2,2026-02-17,2,OP2602C,Fixed site,given
C-00481,PCV-2,2026-02-17,2,PC2602C,Fixed site,given
C-00481,Rota-2,2026-02-17,2,RT2602C,Fixed site,given
C-00481,Penta-3,2026-03-17,3,PT2603C,Fixed site,given
C-00481,OPV-3,2026-03-17,3,OP2603C,Fixed site,given
C-00481,PCV-3,2026-03-17,3,PC2603C,Fixed site,given
C-00481,Measles-1,2026-09-16,1,MR2609B,Fixed site,given
C-00482,BCG,2024-11-17,1,BC2411C,Fixed site,given
C-00482,OPV-0,2024-11-17,0,OP2411C,Fixed site,given
C-00482,Penta-1,2025-01-14,1,PT2501B,Fixed site,given
C-00482,OPV-1,2025-01-14,1,OP2501B,Fixed site,given
C-00482,PCV-1,2025-01-14,1,PC2501B,Fixed site,given
C-00482,Rota-1,2025-01-14,1,RT2501B,Fixed site,given
C-00482,Penta-2,2025-09-22,2,PT2509C,Fixed site,given
C-00482,OPV-2,2025-09-22,2,OP2509C,Fixed site,given
C-00482,PCV-2,2025-09-22,2,PC2509C,Fixed site,given
C-00482,Rota-2,2025-09-22,2,RT2509C,Fixed site,given
C-00482,Penta-3,2025-10-20,3,PT2510C,Fixed site,given
C-00482,OPV-3,2025-10-20,3,OP2510C,Fixed site,given
C-00482,PCV-3,2025-10-20,3,PC2510C,Fixed site,given
C-00482,Measles-1,2025-10-25,1,MR2510D,Fixed site,given
C-00482,Yellow Fever,2025-10-25,1,YF2510D,Fixed site,given
C-00483,BCG,2024-10-28,1,BC2410D,Fixed site,given
C-00483,OPV-0,2024-10-28,0,OP2410D,Fixed site,given
C-00483,Penta-1,2025-01-01,1,PT2501A,Fixed site,given
C-00483,OPV-1,2025-01-01,1,OP2501A,Fixed site,given
C-00483,Rota-1,2025-01-01,1,RT2501A,Fixed site,given
C-00483,Penta-2,2025-03-10,2,PT2503B,Fixed site,given
C-00483,OPV-2,2025-03-10,2,OP2503B,Fixed site,given
C-00483,Rota-2,2025-03-10,2,RT2503B,Fixed site,given
C-00483,Penta-3,2025-04-07,3,PT2504A,Fixed site,given
C-00483,Measles-1,2025-09-22,1,MR2509C,Fixed site,given
C-00483,Yellow Fever,2025-09-22,1,YF2509C,Fixed site,given
C-00483,Measles-2,2026-05-27,2,MR2605D,Fixed site,given
C-00484,BCG,2024-03-26,1,BC2403D,Fixed site,given
C-00484,OPV-0,2024-03-26,0,OP2403D,Fixed site,given
C-00484,Penta-1,2024-07-24,1,PT2407C,Fixed site,given
C-00484,OPV-1,2024-07-24,1,OP2407C,Fixed site,given
C-00484,PCV-1,2024-07-24,1,PC2407C,Fixed site,given
C-00484,Rota-1,2024-07-24,1,RT2407C,Fixed site,given
C-00484,Penta-2,2024-08-21,2,PT2408C,Fixed site,given
C-00484,OPV-2,2024-08-21,2,OP2408C,Fixed site,given
C-00484,PCV-2,2024-08-21,2,PC2408C,Fixed site,given
C-00484,Rota-2,2024-08-21,2,RT2408C,Fixed site,given
C-00484,Penta-3,2024-10-24,3,PT2410C,Fixed site,given
C-00484,OPV-3,2024-10-24,3,OP2410C,Fixed site,given
C-00484,PCV-3,2024-10-24,3,PC2410C,Fixed site,given
C-00484,Measles-1,2025-02-04,1,MR2502A,Fixed site,given
C-00484,Measles-2,2026-05-05,2,MR2605A,Fixed site,given
C-00485,Penta-1,2025-10-26,1,PT2510D,Fixed site,given
C-00485,OPV-1,2025-10-26,1,OP2510D,Fixed site,given
C-00485,PCV-1,2025-10-26,1,PC2510D,Fixed site,given
C-00485,Rota-1,2025-10-26,1,RT2510D,Fixed site,given
C-00485,Penta-2,2025-12-01,2,PT2512A,Fixed site,given
C-00485,OPV-2,2025-12-01,2,OP2512A,Fixed site,given
C-00485,PCV-2,2025-12-01,2,PC2512A,Fixed site,given
C-00485,Rota-2,2025-12-01,2,RT2512A,Fixed site,given
C-00485,Measles-1,2026-06-17,1,MR2606C,Fixed site,given
C-00485,Penta-3,2026-08-14,3,PT2608B,Fixed site,given
C-00485,OPV-3,2026-08-14,3,OP2608B,Fixed site,given
C-00485,PCV-3,2026-08-14,3,PC2608B,Fixed site,given
C-00486,Penta-1,2026-05-21,1,PT2605C,Fixed site,given
C-00486,OPV-1,2026-05-21,1,OP2605C,Fixed site,given
C-00486,PCV-1,2026-05-21,1,PC2605C,Fixed site,given
C-00487,BCG,2025-02-01,1,BC2502A,Fixed site,given
C-00487,Penta-1,2025-02-27,1,PT2502D,Fixed site,given
C-00487,OPV-1,2025-02-27,1,OP2502D,Fixed site,given
C-00487,PCV-1,2025-02-27,1,PC2502D,Fixed site,given
C-00487,Rota-1,2025-02-27,1,RT2502D,Fixed site,given
C-00487,Penta-2,2025-04-15,2,PT2504B,Fixed site,given
C-00487,OPV-2,2025-04-15,2,OP2504B,Fixed site,given
C-00487,PCV-2,2025-04-15,2,PC2504B,Fixed site,given
C-00487,Rota-2,2025-04-15,2,RT2504B,Fixed site,given
C-00487,Penta-3,2025-07-31,3,PT2507D,Fixed site,given
C-00487,OPV-3,2025-07-31,3,OP2507D,Fixed site,given
C-00487,PCV-3,2025-07-31,3,PC2507D,Fixed site,given
C-00487,Measles-1,2025-12-06,1,MR2512A,Fixed site,given
C-00487,Yellow Fever,2025-12-06,1,YF2512A,Fixed site,given
C-00487,Measles-2,2026-08-21,2,MR2608C,Fixed site,given
C-00488,BCG,2025-04-14,1,BC2504B,Fixed site,given
C-00488,Penta-1,2025-06-01,1,PT2506A,Fixed site,given
C-00488,OPV-1,2025-06-01,1,OP2506A,Fixed site,given
C-00488,PCV-1,2025-06-01,1,PC2506A,Fixed site,given
C-00488,Rota-1,2025-06-01,1,RT2506A,Fixed site,given
C-00488,Penta-2,2025-07-08,2,PT2507A,Fixed site,given
C-00488,OPV-2,2025-07-08,2,OP2507A,Fixed site,given
C-00488,PCV-2,2025-07-08,2,PC2507A,Fixed site,given
C-00488,Rota-2,2025-07-08,2,RT2507A,Fixed site,given
C-00488,Measles-1,2025-11-16,1,MR2511B,Outreach,given
C-00488,Penta-3,2026-01-14,3,PT2601B,Fixed site,given
C-00488,OPV-3,2026-01-14,3,OP2601B,Fixed site,given
C-00488,PCV-3,2026-01-14,3,PC2601B,Fixed site,given
C-00489,BCG,2026-05-31,1,BC2605D,Outreach,given
C-00489,OPV-0,2026-05-31,0,OP2605D,Outreach,given
C-00489,Penta-1,2026-06-30,1,PT2606D,Fixed site,given
C-00489,OPV-1,2026-06-30,1,OP2606D,Fixed site,given
C-00489,PCV-1,2026-06-30,1,PC2606D,Fixed site,given
C-00489,Rota-1,2026-06-30,1,RT2606D,Fixed site,given
C-00489,Penta-2,2026-07-28,2,PT2607D,Fixed site,given
C-00489,OPV-2,2026-07-28,2,OP2607D,Fixed site,given
C-00489,PCV-2,2026-07-28,2,PC2607D,Fixed site,given
C-00489,Rota-2,2026-07-28,2,RT2607D,Fixed site,given
C-00489,Penta-3,2026-08-25,3,PT2608D,Fixed site,given
C-00489,PCV-3,2026-08-25,3,PC2608D,Fixed site,given
C-00490,BCG,2025-04-17,1,BC2504C,Fixed site,given
C-00490,Penta-1,2025-06-30,1,PT2506D,Fixed site,given
C-00490,OPV-1,2025-06-30,1,OP2506D,Fixed site,given
C-00490,PCV-1,2025-06-30,1,PC2506D,Fixed site,given
C-00490,Rota-1,2025-06-30,1,RT2506D,Fixed site,given
C-00490,Penta-2,2025-07-28,2,PT2507D,Fixed site,given
C-00490,OPV-2,2025-07-28,2,OP2507D,Fixed site,given
C-00490,PCV-2,2025-07-28,2,PC2507D,Fixed site,given
C-00490,Rota-2,2025-07-28,2,RT2507D,Fixed site,given
C-00490,Penta-3,2025-08-25,3,PT2508D,Fixed site,given
C-00490,OPV-3,2025-08-25,3,OP2508D,Fixed site,given
C-00490,PCV-3,2025-08-25,3,PC2508D,Fixed site,given
C-00491,BCG,2026-02-14,1,BC2602B,Fixed site,given
C-00491,OPV-0,2026-02-14,0,OP2602B,Fixed site,given
C-00491,Penta-1,2026-03-27,1,PT2603D,Fixed site,given
C-00491,OPV-1,2026-03-27,1,OP2603D,Fixed site,given
C-00491,PCV-1,2026-03-27,1,PC2603D,Fixed site,given
C-00491,Rota-1,2026-03-27,1,RT2603D,Fixed site,given
C-00491,Penta-2,2026-06-02,2,PT2606A,Fixed site,given
C-00491,OPV-2,2026-06-02,2,OP2606A,Fixed site,given
C-00491,PCV-2,2026-06-02,2,PC2606A,Fixed site,given
C-00491,Rota-2,2026-06-02,2,RT2606A,Fixed site,given
C-00492,Penta-1,2026-08-07,1,PT2608A,Fixed site,given
C-00492,BCG,2026-08-17,1,BC2608C,Fixed site,given
C-00492,Penta-2,2026-09-04,2,PT2609A,Fixed site,given
C-00492,OPV-2,2026-09-04,2,OP2609A,Fixed site,given
C-00492,PCV-2,2026-09-04,2,PC2609A,Fixed site,given
C-00492,Rota-2,2026-09-04,2,RT2609A,Fixed site,given
C-00492,OPV-1,2026-09-24,1,OP2609C,Fixed site,given
C-00492,PCV-1,2026-09-24,1,PC2609C,Fixed site,given
C-00492,Rota-1,2026-09-24,1,RT2609C,Fixed site,given
C-00493,BCG,2025-04-08,1,BC2504A,Fixed site,given
C-00493,OPV-0,2025-04-08,0,OP2504A,Fixed site,given
C-00493,Penta-1,2025-06-03,1,PT2506A,Fixed site,given
C-00493,OPV-1,2025-06-03,1,OP2506A,Fixed site,given
C-00493,PCV-1,2025-06-03,1,PC2506A,Fixed site,given
C-00493,Rota-1,2025-06-03,1,RT2506A,Fixed site,given
C-00493,Penta-2,2025-08-22,2,PT2508C,Fixed site,given
C-00493,OPV-2,2025-08-22,2,OP2508C,Fixed site,given
C-00493,PCV-2,2025-08-22,2,PC2508C,Fixed site,given
C-00493,Rota-2,2025-08-22,2,RT2508C,Fixed site,given
C-00493,Penta-3,2025-09-19,3,PT2509C,Fixed site,given
C-00493,OPV-3,2025-09-19,3,OP2509C,Fixed site,given
C-00493,PCV-3,2025-09-19,3,PC2509C,Fixed site,given
C-00493,Measles-1,2026-08-30,1,MR2608D,Fixed site,given
C-00493,Yellow Fever,2026-08-30,1,YF2608D,Fixed site,given
C-00494,BCG,2025-12-16,1,BC2512B,Fixed site,given
C-00494,Penta-1,2025-12-21,1,PT2512C,Fixed site,given
C-00494,OPV-1,2025-12-21,1,OP2512C,Fixed site,given
C-00494,PCV-1,2025-12-21,1,PC2512C,Fixed site,given
C-00494,Rota-1,2025-12-21,1,RT2512C,Fixed site,given
C-00494,Penta-2,2026-01-18,2,PT2601C,Fixed site,given
C-00494,OPV-2,2026-01-18,2,OP2601C,Fixed site,given
C-00494,PCV-2,2026-01-18,2,PC2601C,Fixed site,given
C-00494,Rota-2,2026-01-18,2,RT2601C,Fixed site,given
C-00494,Penta-3,2026-02-15,3,PT2602B,Fixed site,given
C-00494,OPV-3,2026-02-15,3,OP2602B,Fixed site,given
C-00494,PCV-3,2026-02-15,3,PC2602B,Fixed site,given
C-00494,Measles-1,2026-09-24,1,MR2609C,Fixed site,given
C-00494,Yellow Fever,2026-09-24,1,YF2609C,Fixed site,given
C-00495,Penta-1,2026-03-10,1,PT2603B,Fixed site,given
C-00495,OPV-1,2026-03-10,1,OP2603B,Fixed site,given
C-00495,PCV-1,2026-03-10,1,PC2603B,Fixed site,given
C-00495,Rota-1,2026-03-10,1,RT2603B,Fixed site,given
C-00495,Penta-2,2026-04-07,2,PT2604A,Fixed site,given
C-00495,OPV-2,2026-04-07,2,OP2604A,Fixed site,given
C-00495,Rota-2,2026-04-07,2,RT2604A,Fixed site,given
C-00495,BCG,2026-04-21,1,BC2604C,Outreach,given
C-00495,Penta-3,2026-05-05,3,PT2605A,Fixed site,given
C-00495,OPV-3,2026-05-05,3,OP2605A,Fixed site,given
C-00495,PCV-3,2026-05-05,3,PC2605A,Fixed site,given
C-00496,BCG,2025-01-03,1,BC2501A,Fixed site,given
C-00496,OPV-0,2025-01-03,0,OP2501A,Fixed site,given
C-00496,Penta-1,2025-02-17,1,PT2502C,Fixed site,given
C-00496,OPV-1,2025-02-17,1,OP2502C,Fixed site,given
C-00496,PCV-1,2025-02-17,1,PC2502C,Fixed site,given
C-00496,Rota-1,2025-02-17,1,RT2502C,Fixed site,given
C-00496,Penta-2,2025-09-03,2,PT2509A,Fixed site,given
C-00496,OPV-2,2025-09-03,2,OP2509A,Fixed site,given
C-00496,PCV-2,2025-09-03,2,PC2509A,Fixed site,given
C-00496,Rota-2,2025-09-03,2,RT2509A,Fixed site,given
C-00496,Penta-3,2025-10-01,3,PT2510A,Fixed site,given
C-00496,OPV-3,2025-10-01,3,OP2510A,Fixed site,given
C-00496,PCV-3,2025-10-01,3,PC2510A,Fixed site,given
C-00496,Measles-1,2026-01-06,1,MR2601A,Fixed site,given
C-00497,BCG,2026-07-11,1,BC2607B,Fixed site,given
C-00497,Penta-1,2026-07-13,1,PT2607B,Fixed site,given
C-00497,OPV-1,2026-07-13,1,OP2607B,Fixed site,given
C-00497,PCV-1,2026-07-13,1,PC2607B,Fixed site,given
C-00497,Rota-1,2026-07-13,1,RT2607B,Fixed site,given
C-00497,Penta-2,2026-08-10,2,PT2608B,Outreach,given
C-00497,OPV-2,2026-08-10,2,OP2608B,Outreach,given
C-00497,PCV-2,2026-08-10,2,PC2608B,Outreach,given
C-00497,Rota-2,2026-08-10,2,RT2608B,Outreach,given
C-00497,Penta-3,2026-09-07,3,PT2609A,Outreach,given
C-00497,OPV-3,2026-09-07,3,OP2609A,Outreach,given
C-00497,PCV-3,2026-09-07,3,PC2609A,Outreach,given
C-00498,BCG,2025-08-08,1,BC2508A,Fixed site,given
C-00498,Penta-1,2025-09-07,1,PT2509A,Fixed site,given
C-00498,OPV-1,2025-09-07,1,OP2509A,Fixed site,given
C-00498,PCV-1,2025-09-07,1,PC2509A,Fixed site,given
C-00498,Rota-1,2025-09-07,1,RT2509A,Fixed site,given
C-00498,Penta-2,2025-10-16,2,PT2510B,Fixed site,given
C-00498,OPV-2,2025-10-16,2,OP2510B,Fixed site,given
C-00498,Rota-2,2025-10-16,2,RT2510B,Fixed site,given
C-00498,Penta-3,2025-11-13,3,PT2511B,Fixed site,given
C-00498,OPV-3,2025-11-13,3,OP2511B,Fixed site,given
C-00498,PCV-3,2025-11-13,3,PC2511B,Fixed site,given
C-00498,Measles-1,2026-08-27,1,MR2608D,Outreach,given
C-00499,BCG,2024-05-28,1,BC2405D,Outreach,given
C-00499,Penta-1,2024-05-29,1,PT2405D,Fixed site,given
C-00499,OPV-1,2024-05-29,1,OP2405D,Fixed site,given
C-00499,PCV-1,2024-05-29,1,PC2405D,Fixed site,given
C-00499,Rota-1,2024-05-29,1,RT2405D,Fixed site,given
C-00499,Penta-2,2024-11-15,2,PT2411B,Fixed site,given
C-00499,OPV-2,2024-11-15,2,OP2411B,Fixed site,given
C-00499,PCV-2,2024-11-15,2,PC2411B,Fixed site,given
C-00499,Rota-2,2024-11-15,2,RT2411B,Fixed site,given
C-00499,Penta-3,2024-12-13,3,PT2412B,Fixed site,given
C-00499,OPV-3,2024-12-13,3,OP2412B,Fixed site,given
C-00499,PCV-3,2024-12-13,3,PC2412B,Fixed site,given
C-00499,Measles-1,2024-12-16,1,MR2412B,Fixed site,given
C-00499,Yellow Fever,2024-12-16,1,YF2412B,Fixed site,given
C-00499,Measles-2,2025-10-21,2,MR2510C,Fixed site,given
C-00500,BCG,2025-08-19,1,BC2508C,Fixed site,given
C-00500,OPV-0,2025-08-19,0,OP2508C,Fixed site,given
C-00500,Penta-1,2025-11-07,1,PT2511A,Fixed site,given
C-00500,PCV-1,2025-11-07,1,PC2511A,Fixed site,given
C-00500,Rota-1,2025-11-07,1,RT2511A,Fixed site,given
C-00500,Penta-2,2025-12-05,2,PT2512A,Fixed site,given
C-00500,OPV-2,2025-12-05,2,OP2512A,Fixed site,given
C-00500,PCV-2,2025-12-05,2,PC2512A,Fixed site,given
C-00500,Penta-3,2026-01-02,3,PT2601A,Fixed site,given
C-00500,OPV-3,2026-01-02,3,OP2601A,Fixed site,given
C-00501,BCG,2025-01-08,1,BC2501A,Fixed site,given
C-00501,OPV-0,2025-01-08,0,OP2501A,Fixed site,given
C-00501,Penta-1,2025-04-23,1,PT2504C,Fixed site,given
C-00501,OPV-1,2025-04-23,1,OP2504C,Fixed site,given
C-00501,PCV-1,2025-04-23,1,PC2504C,Fixed site,given
C-00501,Rota-1,2025-04-23,1,RT2504C,Fixed site,given
C-00501,Penta-2,2025-05-21,2,PT2505C,Fixed site,given
C-00501,OPV-2,2025-05-21,2,OP2505C,Fixed site,given
C-00501,PCV-2,2025-05-21,2,PC2505C,Fixed site,given
C-00501,Rota-2,2025-05-21,2,RT2505C,Fixed site,given
C-00501,Penta-3,2025-06-18,3,PT2506C,Fixed site,given
C-00501,OPV-3,2025-06-18,3,OP2506C,Fixed site,given
C-00501,PCV-3,2025-06-18,3,PC2506C,Fixed site,given
C-00502,BCG,2026-04-25,1,BC2604D,Outreach,given
C-00502,OPV-0,2026-04-25,0,OP2604D,Outreach,given
C-00502,Penta-1,2026-05-27,1,PT2605D,Fixed site,given
C-00502,PCV-1,2026-05-27,1,PC2605D,Fixed site,given
C-00502,Penta-2,2026-06-24,2,PT2606C,Fixed site,given
C-00502,OPV-2,2026-06-24,2,OP2606C,Fixed site,given
C-00502,PCV-2,2026-06-24,2,PC2606C,Fixed site,given
C-00502,Rota-2,2026-06-24,2,RT2606C,Fixed site,given
C-00502,Penta-3,2026-07-22,3,PT2607C,Fixed site,given
C-00502,OPV-3,2026-07-22,3,OP2607C,Fixed site,given
C-00502,PCV-3,2026-07-22,3,PC2607C,Fixed site,given
C-00503,BCG,2026-06-03,1,BC2606A,Fixed site,given
C-00503,Penta-1,2026-07-19,1,PT2607C,Fixed site,given
C-00503,OPV-1,2026-07-19,1,OP2607C,Fixed site,given
C-00503,PCV-1,2026-07-19,1,PC2607C,Fixed site,given
C-00503,Penta-2,2026-08-16,2,PT2608B,Fixed site,given
C-00503,OPV-2,2026-08-16,2,OP2608B,Fixed site,given
C-00503,PCV-2,2026-08-16,2,PC2608B,Fixed site,given
C-00503,Rota-2,2026-08-16,2,RT2608B,Fixed site,given
C-00503,Penta-3,2026-09-24,3,PT2609C,Fixed site,given
C-00503,OPV-3,2026-09-24,3,OP2609C,Fixed site,given
C-00503,PCV-3,2026-09-24,3,PC2609C,Fixed site,given
C-00504,BCG,2026-03-14,1,BC2603B,Fixed site,given
C-00504,Penta-1,2026-05-12,1,PT2605B,Outreach,given
C-00504,OPV-1,2026-05-12,1,OP2605B,Outreach,given
C-00504,PCV-1,2026-05-12,1,PC2605B,Outreach,given
C-00504,Rota-1,2026-05-12,1,RT2605B,Outreach,given
C-00504,Penta-2,2026-06-09,2,PT2606B,Fixed site,given
C-00504,OPV-2,2026-06-09,2,OP2606B,Fixed site,given
C-00504,PCV-2,2026-06-09,2,PC2606B,Fixed site,given
C-00504,Rota-2,2026-06-09,2,RT2606B,Fixed site,given
C-00504,Penta-3,2026-07-07,3,PT2607A,Fixed site,given
C-00504,OPV-3,2026-07-07,3,OP2607A,Fixed site,given
C-00504,PCV-3,2026-07-07,3,PC2607A,Fixed site,given
C-00505,BCG,2026-08-19,1,BC2608C,Outreach,given
C-00505,Penta-1,2026-09-03,1,PT2609A,Fixed site,given
C-00505,OPV-1,2026-09-03,1,OP2609A,Fixed site,given
C-00505,PCV-1,2026-09-03,1,PC2609A,Fixed site,given
C-00505,Rota-1,2026-09-03,1,RT2609A,Fixed site,given
C-00506,BCG,2026-07-22,1,BC2607C,Fixed site,given
C-00506,Penta-1,2026-07-28,1,PT2607D,Fixed site,given
C-00506,Penta-2,2026-08-25,2,PT2608D,Fixed site,given
C-00506,OPV-2,2026-08-25,2,OP2608D,Fixed site,given
C-00506,PCV-2,2026-08-25,2,PC2608D,Fixed site,given
C-00506,Rota-2,2026-08-25,2,RT2608D,Fixed site,given
C-00506,OPV-1,2026-09-20,1,OP2609C,Fixed site,given
C-00506,PCV-1,2026-09-20,1,PC2609C,Fixed site,given
C-00506,Rota-1,2026-09-20,1,RT2609C,Fixed site,given
C-00506,Penta-3,2026-09-24,3,PT2609C,Fixed site,given
C-00506,OPV-3,2026-09-24,3,OP2609C,Fixed site,given
C-00506,PCV-3,2026-09-24,3,PC2609C,Fixed site,given
C-00507,BCG,2026-07-22,1,BC2607C,Fixed site,given
C-00507,OPV-0,2026-07-22,0,OP2607C,Fixed site,given
C-00507,Penta-1,2026-09-13,1,PT2609B,Fixed site,given
C-00507,OPV-1,2026-09-13,1,OP2609B,Fixed site,given
C-00507,PCV-1,2026-09-13,1,PC2609B,Fixed site,given
C-00508,BCG,2025-10-28,1,BC2510D,Fixed site,given
C-00508,OPV-0,2025-10-28,0,OP2510D,Fixed site,given
C-00508,Penta-1,2025-12-29,1,PT2512D,Fixed site,given
C-00508,OPV-1,2025-12-29,1,OP2512D,Fixed site,given
C-00508,PCV-1,2025-12-29,1,PC2512D,Fixed site,given
C-00508,Rota-1,2025-12-29,1,RT2512D,Fixed site,given
C-00508,Penta-2,2026-02-18,2,PT2602C,Fixed site,given
C-00508,OPV-2,2026-02-18,2,OP2602C,Fixed site,given
C-00508,PCV-2,2026-02-18,2,PC2602C,Fixed site,given
C-00508,Rota-2,2026-02-18,2,RT2602C,Fixed site,given
C-00508,Penta-3,2026-03-18,3,PT2603C,Fixed site,given
C-00508,OPV-3,2026-03-18,3,OP2603C,Fixed site,given
C-00508,PCV-3,2026-03-18,3,PC2603C,Fixed site,given
C-00508,Measles-1,2026-08-05,1,MR2608A,Fixed site,given
C-00508,Yellow Fever,2026-08-05,1,YF2608A,Fixed site,given
C-00509,Penta-1,2025-06-25,1,PT2506D,Fixed site,given
C-00509,OPV-1,2025-06-25,1,OP2506D,Fixed site,given
C-00509,PCV-1,2025-06-25,1,PC2506D,Fixed site,given
C-00509,Rota-1,2025-06-25,1,RT2506D,Fixed site,given
C-00509,Penta-2,2025-12-26,2,PT2512D,Fixed site,given
C-00509,OPV-2,2025-12-26,2,OP2512D,Fixed site,given
C-00509,PCV-2,2025-12-26,2,PC2512D,Fixed site,given
C-00509,Rota-2,2025-12-26,2,RT2512D,Fixed site,given
C-00509,Penta-3,2026-01-23,3,PT2601C,Fixed site,given
C-00509,PCV-3,2026-01-23,3,PC2601C,Fixed site,given
C-00509,Measles-1,2026-07-03,1,MR2607A,Fixed site,given
C-00509,Yellow Fever,2026-07-03,1,YF2607A,Fixed site,given
C-00510,BCG,2025-11-20,1,BC2511C,Fixed site,given
C-00510,Penta-1,2025-11-20,1,PT2511C,Fixed site,given
C-00510,OPV-1,2025-11-20,1,OP2511C,Fixed site,given
C-00510,PCV-1,2025-11-20,1,PC2511C,Fixed site,given
C-00510,Rota-1,2025-11-20,1,RT2511C,Fixed site,given
C-00510,Penta-2,2025-12-18,2,PT2512C,Fixed site,given
C-00510,OPV-2,2025-12-18,2,OP2512C,Fixed site,given
C-00510,Rota-2,2025-12-18,2,RT2512C,Fixed site,given
C-00510,Penta-3,2026-01-15,3,PT2601B,Fixed site,given
C-00510,OPV-3,2026-01-15,3,OP2601B,Fixed site,given
C-00510,PCV-3,2026-01-15,3,PC2601B,Fixed site,given
C-00510,Measles-1,2026-09-24,1,MR2609C,Fixed site,given
C-00510,Yellow Fever,2026-09-24,1,YF2609C,Fixed site,given
C-00511,BCG,2026-05-30,1,BC2605D,Fixed site,given
C-00511,OPV-0,2026-05-30,0,OP2605D,Fixed site,given
C-00511,Penta-1,2026-09-24,1,PT2609C,Fixed site,given
C-00511,OPV-1,2026-09-24,1,OP2609C,Fixed site,given
C-00511,PCV-1,2026-09-24,1,PC2609C,Fixed site,given
C-00511,Rota-1,2026-09-24,1,RT2609C,Fixed site,given
C-00512,Penta-1,2026-01-20,1,PT2601C,Fixed site,given
C-00512,OPV-1,2026-01-20,1,OP2601C,Fixed site,given
C-00512,PCV-1,2026-01-20,1,PC2601C,Fixed site,given
C-00512,Rota-1,2026-01-20,1,RT2601C,Fixed site,given
C-00512,Penta-2,2026-02-17,2,PT2602C,Fixed site,given
C-00512,OPV-2,2026-02-17,2,OP2602C,Fixed site,given
C-00512,PCV-2,2026-02-17,2,PC2602C,Fixed site,given
C-00512,Rota-2,2026-02-17,2,RT2602C,Fixed site,given
C-00512,Penta-3,2026-04-01,3,PT2604A,Fixed site,given
C-00512,OPV-3,2026-04-01,3,OP2604A,Fixed site,given
C-00512,PCV-3,2026-04-01,3,PC2604A,Fixed site,given
C-00512,Measles-1,2026-08-27,1,MR2608D,Fixed site,given
C-00512,Yellow Fever,2026-08-27,1,YF2608D,Fixed site,given
C-00513,BCG,2025-09-05,1,BC2509A,Fixed site,given
C-00513,OPV-0,2025-09-05,0,OP2509A,Fixed site,given
C-00513,Penta-1,2025-10-15,1,PT2510B,Fixed site,given
C-00513,OPV-1,2025-10-15,1,OP2510B,Fixed site,given
C-00513,PCV-1,2025-10-15,1,PC2510B,Fixed site,given
C-00513,Penta-2,2025-12-02,2,PT2512A,Fixed site,given
C-00513,OPV-2,2025-12-02,2,OP2512A,Fixed site,given
C-00513,PCV-2,2025-12-02,2,PC2512A,Fixed site,given
C-00513,Rota-2,2025-12-02,2,RT2512A,Fixed site,given
C-00513,Penta-3,2026-01-13,3,PT2601B,Fixed site,given
C-00513,OPV-3,2026-01-13,3,OP2601B,Fixed site,given
C-00513,Measles-1,2026-06-02,1,MR2606A,Fixed site,given
C-00513,Yellow Fever,2026-06-02,1,YF2606A,Fixed site,given
C-00514,BCG,2025-03-12,1,BC2503B,Fixed site,given
C-00514,OPV-0,2025-03-12,0,OP2503B,Fixed site,given
C-00514,Penta-1,2025-08-15,1,PT2508B,Fixed site,given
C-00514,OPV-1,2025-08-15,1,OP2508B,Fixed site,given
C-00514,PCV-1,2025-08-15,1,PC2508B,Fixed site,given
C-00514,Rota-1,2025-08-15,1,RT2508B,Fixed site,given
C-00514,Penta-2,2025-09-12,2,PT2509B,Fixed site,given
C-00514,OPV-2,2025-09-12,2,OP2509B,Fixed site,given
C-00514,PCV-2,2025-09-12,2,PC2509B,Fixed site,given
C-00514,Rota-2,2025-09-12,2,RT2509B,Fixed site,given
C-00514,Penta-3,2025-10-11,3,PT2510B,Fixed site,given
C-00514,OPV-3,2025-10-11,3,OP2510B,Fixed site,given
C-00514,Measles-1,2025-12-18,1,MR2512C,Fixed site,given
C-00514,Yellow Fever,2025-12-18,1,YF2512C,Fixed site,given
C-00515,BCG,2026-03-05,1,BC2603A,Fixed site,given
C-00515,Penta-1,2026-03-18,1,PT2603C,Fixed site,given
C-00515,OPV-1,2026-03-18,1,OP2603C,Fixed site,given
C-00515,PCV-1,2026-03-18,1,PC2603C,Fixed site,given
C-00515,Rota-1,2026-03-18,1,RT2603C,Fixed site,given
C-00515,Penta-2,2026-04-15,2,PT2604B,Fixed site,given
C-00515,OPV-2,2026-04-15,2,OP2604B,Fixed site,given
C-00515,PCV-2,2026-04-15,2,PC2604B,Fixed site,given
C-00515,Rota-2,2026-04-15,2,RT2604B,Fixed site,given
C-00515,Penta-3,2026-08-09,3,PT2608B,Fixed site,given
C-00515,OPV-3,2026-08-09,3,OP2608B,Fixed site,given
C-00515,Measles-1,2026-09-24,1,MR2609C,Fixed site,given
C-00515,Yellow Fever,2026-09-24,1,YF2609C,Fixed site,given
C-00516,BCG,2024-11-11,1,BC2411B,Fixed site,given
C-00516,OPV-0,2024-11-11,0,OP2411B,Fixed site,given
C-00516,Penta-1,2025-02-16,1,PT2502B,Fixed site,given
C-00516,OPV-1,2025-02-16,1,OP2502B,Fixed site,given
C-00516,PCV-1,2025-02-16,1,PC2502B,Fixed site,given
C-00516,Rota-1,2025-02-16,1,RT2502B,Fixed site,given
C-00516,Penta-2,2025-03-16,2,PT2503B,Fixed site,given
C-00516,OPV-2,2025-03-16,2,OP2503B,Fixed site,given
C-00516,PCV-2,2025-03-16,2,PC2503B,Fixed site,given
C-00516,Rota-2,2025-03-16,2,RT2503B,Fixed site,given
C-00517,BCG,2026-07-29,1,BC2607D,Fixed site,given
C-00517,Penta-1,2026-08-01,1,PT2608A,Fixed site,given
C-00517,Penta-2,2026-08-29,2,PT2608D,Fixed site,given
C-00517,OPV-2,2026-08-29,2,OP2608D,Fixed site,given
C-00517,PCV-2,2026-08-29,2,PC2608D,Fixed site,given
C-00517,Rota-2,2026-08-29,2,RT2608D,Fixed site,given
C-00517,OPV-1,2026-09-15,1,OP2609B,Fixed site,given
C-00517,PCV-1,2026-09-15,1,PC2609B,Fixed site,given
C-00517,Rota-1,2026-09-15,1,RT2609B,Fixed site,given
C-00518,Penta-1,2026-06-07,1,PT2606A,Fixed site,given
C-00518,OPV-1,2026-06-07,1,OP2606A,Fixed site,given
C-00518,PCV-1,2026-06-07,1,PC2606A,Fixed site,given
C-00518,Rota-1,2026-06-07,1,RT2606A,Fixed site,given
C-00518,Penta-2,2026-07-05,2,PT2607A,Fixed site,given
C-00518,OPV-2,2026-07-05,2,OP2607A,Fixed site,given
C-00518,PCV-2,2026-07-05,2,PC2607A,Fixed site,given
C-00518,Rota-2,2026-07-05,2,RT2607A,Fixed site,given
C-00518,Penta-3,2026-08-02,3,PT2608A,Fixed site,given
C-00518,PCV-3,2026-08-02,3,PC2608A,Fixed site,given
C-00519,BCG,2026-06-29,1,BC2606D,Fixed site,given
C-00519,OPV-0,2026-06-29,0,OP2606D,Fixed site,given
C-00519,Penta-1,2026-09-24,1,PT2609C,Fixed site,given
C-00519,OPV-1,2026-09-24,1,OP2609C,Fixed site,given
C-00519,PCV-1,2026-09-24,1,PC2609C,Fixed site,given
C-00519,Rota-1,2026-09-24,1,RT2609C,Fixed site,given
C-00520,BCG,2026-04-07,1,BC2604A,Fixed site,given
C-00520,Penta-1,2026-06-24,1,PT2606C,Fixed site,given
C-00520,OPV-1,2026-06-24,1,OP2606C,Fixed site,given
C-00520,PCV-1,2026-06-24,1,PC2606C,Fixed site,given
C-00520,Rota-1,2026-06-24,1,RT2606C,Fixed site,given
C-00520,Penta-2,2026-07-22,2,PT2607C,Fixed site,given
C-00520,OPV-2,2026-07-22,2,OP2607C,Fixed site,given
C-00520,PCV-2,2026-07-22,2,PC2607C,Fixed site,given
C-00520,Rota-2,2026-07-22,2,RT2607C,Fixed site,given
C-00520,OPV-3,2026-09-24,3,OP2609C,Fixed site,given
C-00521,BCG,2025-09-03,1,BC2509A,Fixed site,given
C-00521,Penta-1,2025-10-21,1,PT2510C,Fixed site,given
C-00521,OPV-1,2025-10-21,1,OP2510C,Fixed site,given
C-00521,PCV-1,2025-10-21,1,PC2510C,Fixed site,given
C-00521,Rota-1,2025-10-21,1,RT2510C,Fixed site,given
C-00521,Penta-2,2025-11-18,2,PT2511C,Fixed site,given
C-00521,PCV-2,2025-11-18,2,PC2511C,Fixed site,given
C-00521,Rota-2,2025-11-18,2,RT2511C,Fixed site,given
C-00521,Penta-3,2025-12-16,3,PT2512B,Fixed site,given
C-00521,OPV-3,2025-12-16,3,OP2512B,Fixed site,given
C-00521,PCV-3,2025-12-16,3,PC2512B,Fixed site,given
C-00521,Measles-1,2026-09-24,1,MR2609C,Fixed site,given
C-00521,Yellow Fever,2026-09-24,1,YF2609C,Fixed site,given
C-00522,BCG,2025-01-02,1,BC2501A,Fixed site,given
C-00522,OPV-0,2025-01-02,0,OP2501A,Fixed site,given
C-00522,Penta-1,2025-03-28,1,PT2503D,Fixed site,given
C-00522,OPV-1,2025-03-28,1,OP2503D,Fixed site,given
C-00522,PCV-1,2025-03-28,1,PC2503D,Fixed site,given
C-00522,Rota-1,2025-03-28,1,RT2503D,Fixed site,given
C-00522,Penta-2,2025-04-25,2,PT2504D,Fixed site,given
C-00522,OPV-2,2025-04-25,2,OP2504D,Fixed site,given
C-00522,PCV-2,2025-04-25,2,PC2504D,Fixed site,given
C-00522,Penta-3,2025-07-28,3,PT2507D,Fixed site,given
C-00522,OPV-3,2025-07-28,3,OP2507D,Fixed site,given
C-00522,PCV-3,2025-07-28,3,PC2507D,Fixed site,given
C-00522,Measles-1,2025-11-10,1,MR2511B,Fixed site,given
C-00522,Yellow Fever,2025-11-10,1,YF2511B,Fixed site,given
C-00522,Measles-2,2026-09-24,2,MR2609C,Fixed site,given
C-00523,BCG,2025-04-28,1,BC2504D,Fixed site,given
C-00523,OPV-0,2025-04-28,0,OP2504D,Fixed site,given
C-00523,Penta-1,2025-07-31,1,PT2507D,Fixed site,given
C-00523,OPV-1,2025-07-31,1,OP2507D,Fixed site,given
C-00523,PCV-1,2025-07-31,1,PC2507D,Fixed site,given
C-00523,Rota-1,2025-07-31,1,RT2507D,Fixed site,given
C-00523,Penta-2,2025-08-28,2,PT2508D,Outreach,given
C-00523,OPV-2,2025-08-28,2,OP2508D,Outreach,given
C-00523,PCV-2,2025-08-28,2,PC2508D,Outreach,given
C-00523,Rota-2,2025-08-28,2,RT2508D,Outreach,given
C-00523,Penta-3,2025-11-29,3,PT2511D,Fixed site,given
C-00523,OPV-3,2025-11-29,3,OP2511D,Fixed site,given
C-00523,Measles-1,2026-05-14,1,MR2605B,Fixed site,given
C-00524,BCG,2026-02-15,1,BC2602B,Fixed site,given
C-00524,Penta-1,2026-02-28,1,PT2602D,Fixed site,given
C-00524,OPV-1,2026-02-28,1,OP2602D,Fixed site,given
C-00524,PCV-1,2026-02-28,1,PC2602D,Fixed site,given
C-00524,Rota-1,2026-02-28,1,RT2602D,Fixed site,given
C-00524,Penta-2,2026-03-28,2,PT2603D,Fixed site,given
C-00524,OPV-2,2026-03-28,2,OP2603D,Fixed site,given
C-00524,Rota-2,2026-03-28,2,RT2603D,Fixed site,given
C-00524,Penta-3,2026-04-25,3,PT2604D,Fixed site,given
C-00524,PCV-3,2026-04-25,3,PC2604D,Fixed site,given
C-00525,BCG,2025-06-27,1,BC2506D,Fixed site,given
C-00525,Penta-1,2025-07-26,1,PT2507D,Fixed site,given
C-00525,OPV-1,2025-07-26,1,OP2507D,Fixed site,given
C-00525,PCV-1,2025-07-26,1,PC2507D,Fixed site,given
C-00525,Rota-1,2025-07-26,1,RT2507D,Fixed site,given
C-00525,Penta-2,2025-09-22,2,PT2509C,Fixed site,given
C-00525,OPV-2,2025-09-22,2,OP2509C,Fixed site,given
C-00525,PCV-2,2025-09-22,2,PC2509C,Fixed site,given
C-00525,Rota-2,2025-09-22,2,RT2509C,Fixed site,given
C-00525,Penta-3,2025-10-20,3,PT2510C,Fixed site,given
C-00525,OPV-3,2025-10-20,3,OP2510C,Fixed site,given
C-00525,PCV-3,2025-10-20,3,PC2510C,Fixed site,given
C-00526,BCG,2024-09-28,1,BC2409D,Fixed site,given
C-00526,Penta-1,2025-01-01,1,PT2501A,Fixed site,given
C-00526,OPV-1,2025-01-01,1,OP2501A,Fixed site,given
C-00526,PCV-1,2025-01-01,1,PC2501A,Fixed site,given
C-00526,Rota-1,2025-01-01,1,RT2501A,Fixed site,given
C-00526,Penta-2,2025-01-29,2,PT2501D,Fixed site,given
C-00526,OPV-2,2025-01-29,2,OP2501D,Fixed site,given
C-00526,PCV-2,2025-01-29,2,PC2501D,Fixed site,given
C-00526,Rota-2,2025-01-29,2,RT2501D,Fixed site,given
C-00526,Penta-3,2025-02-26,3,PT2502D,Fixed site,given
C-00526,OPV-3,2025-02-26,3,OP2502D,Fixed site,given
C-00526,PCV-3,2025-02-26,3,PC2502D,Fixed site,given
C-00526,Measles-1,2025-07-30,1,MR2507D,Fixed site,given
C-00526,Measles-2,2026-06-04,2,MR2606A,Fixed site,given
C-00527,BCG,2026-05-15,1,BC2605B,Fixed site,given
C-00527,OPV-0,2026-05-15,0,OP2605B,Fixed site,given
C-00527,Penta-1,2026-06-26,1,PT2606D,Fixed site,given
C-00527,Penta-2,2026-07-24,2,PT2607C,Outreach,given
C-00527,OPV-2,2026-07-24,2,OP2607C,Outreach,given
C-00527,PCV-2,2026-07-24,2,PC2607C,Outreach,given
C-00527,Rota-2,2026-07-24,2,RT2607C,Outreach,given
C-00527,Penta-3,2026-09-11,3,PT2609B,Fixed site,given
C-00527,OPV-3,2026-09-11,3,OP2609B,Fixed site,given
C-00527,PCV-3,2026-09-11,3,PC2609B,Fixed site,given
C-00527,OPV-1,2026-09-12,1,OP2609B,Fixed site,given
C-00527,PCV-1,2026-09-12,1,PC2609B,Fixed site,given
C-00527,Rota-1,2026-09-12,1,RT2609B,Fixed site,given
C-00528,BCG,2026-04-09,1,BC2604B,Fixed site,given
C-00528,OPV-0,2026-04-09,0,OP2604B,Fixed site,given
C-00528,Penta-1,2026-05-09,1,PT2605B,Fixed site,given
C-00528,Penta-2,2026-06-06,2,PT2606A,Fixed site,given
C-00528,OPV-2,2026-06-06,2,OP2606A,Fixed site,given
C-00528,PCV-2,2026-06-06,2,PC2606A,Fixed site,given
C-00528,Rota-2,2026-06-06,2,RT2606A,Fixed site,given
C-00528,Penta-3,2026-08-27,3,PT2608D,Fixed site,given
C-00528,OPV-3,2026-08-27,3,OP2608D,Fixed site,given
C-00528,PCV-3,2026-08-27,3,PC2608D,Fixed site,given
C-00528,OPV-1,2026-09-02,1,OP2609A,Fixed site,given
C-00528,PCV-1,2026-09-02,1,PC2609A,Fixed site,given
C-00528,Rota-1,2026-09-02,1,RT2609A,Fixed site,given
C-00529,BCG,2026-06-18,1,BC2606C,Fixed site,given
C-00529,OPV-0,2026-06-18,0,OP2606C,Fixed site,given
C-00529,Penta-1,2026-07-16,1,PT2607B,Fixed site,given
C-00529,OPV-1,2026-07-16,1,OP2607B,Fixed site,given
C-00529,PCV-1,2026-07-16,1,PC2607B,Fixed site,given
C-00529,Rota-1,2026-07-16,1,RT2607B,Fixed site,given
C-00529,Penta-2,2026-08-13,2,PT2608B,Fixed site,given
C-00529,OPV-2,2026-08-13,2,OP2608B,Fixed site,given
C-00529,PCV-2,2026-08-13,2,PC2608B,Fixed site,given
C-00529,Rota-2,2026-08-13,2,RT2608B,Fixed site,given
C-00529,Penta-3,2026-09-10,3,PT2609B,Fixed site,given
C-00529,OPV-3,2026-09-10,3,OP2609B,Fixed site,given
C-00529,PCV-3,2026-09-10,3,PC2609B,Fixed site,given
C-00530,BCG,2025-10-24,1,BC2510C,Fixed site,given
C-00530,Penta-1,2025-12-02,1,PT2512A,Fixed site,given
C-00530,PCV-1,2025-12-02,1,PC2512A,Fixed site,given
C-00530,Rota-1,2025-12-02,1,RT2512A,Fixed site,given
C-00530,Penta-2,2025-12-31,2,PT2512D,Fixed site,given
C-00530,OPV-2,2025-12-31,2,OP2512D,Fixed site,given
C-00530,PCV-2,2025-12-31,2,PC2512D,Fixed site,given
C-00530,Rota-2,2025-12-31,2,RT2512D,Fixed site,given
C-00530,Measles-1,2026-08-25,1,MR2608D,Fixed site,given
C-00530,Yellow Fever,2026-08-25,1,YF2608D,Fixed site,given
C-00530,Penta-3,2026-09-06,3,PT2609A,Fixed site,given
C-00530,OPV-3,2026-09-06,3,OP2609A,Fixed site,given
C-00530,PCV-3,2026-09-06,3,PC2609A,Fixed site,given
C-00531,BCG,2026-06-10,1,BC2606B,Fixed site,given
C-00531,Penta-1,2026-07-03,1,PT2607A,Outreach,given
C-00531,OPV-1,2026-07-03,1,OP2607A,Outreach,given
C-00531,PCV-1,2026-07-03,1,PC2607A,Outreach,given
C-00531,Rota-1,2026-07-03,1,RT2607A,Outreach,given
C-00531,Penta-2,2026-07-31,2,PT2607D,Fixed site,given
C-00531,OPV-2,2026-07-31,2,OP2607D,Fixed site,given
C-00531,PCV-2,2026-07-31,2,PC2607D,Fixed site,given
C-00531,Penta-3,2026-08-28,3,PT2608D,Fixed site,given
C-00531,PCV-3,2026-08-28,3,PC2608D,Fixed site,given
C-00532,BCG,2025-08-26,1,BC2508D,Fixed site,given
C-00532,Penta-1,2025-09-06,1,PT2509A,Fixed site,given
C-00532,OPV-1,2025-09-06,1,OP2509A,Fixed site,given
C-00532,PCV-1,2025-09-06,1,PC2509A,Fixed site,given
C-00532,Rota-1,2025-09-06,1,RT2509A,Fixed site,given
C-00532,Penta-2,2025-10-04,2,PT2510A,Fixed site,given
C-00532,OPV-2,2025-10-04,2,OP2510A,Fixed site,given
C-00532,PCV-2,2025-10-04,2,PC2510A,Fixed site,given
C-00532,Rota-2,2025-10-04,2,RT2510A,Fixed site,given
C-00532,Penta-3,2026-02-06,3,PT2602A,Fixed site,given
C-00532,OPV-3,2026-02-06,3,OP2602A,Fixed site,given
C-00532,PCV-3,2026-02-06,3,PC2602A,Fixed site,given
C-00533,BCG,2025-06-14,1,BC2506B,Fixed site,given
C-00533,Penta-1,2025-10-12,1,PT2510B,Fixed site,given
C-00533,PCV-1,2025-10-12,1,PC2510B,Fixed site,given
C-00533,Rota-1,2025-10-12,1,RT2510B,Fixed site,given
C-00533,Penta-2,2025-11-09,2,PT2511B,Fixed site,given
C-00533,OPV-2,2025-11-09,2,OP2511B,Fixed site,given
C-00533,Rota-2,2025-11-09,2,RT2511B,Fixed site,given
C-00533,Penta-3,2026-01-18,3,PT2601C,Fixed site,given
C-00533,OPV-3,2026-01-18,3,OP2601C,Fixed site,given
C-00533,PCV-3,2026-01-18,3,PC2601C,Fixed site,given
C-00533,Measles-1,2026-03-11,1,MR2603B,Fixed site,given
C-00533,Yellow Fever,2026-03-11,1,YF2603B,Fixed site,given
C-00534,BCG,2024-03-08,1,BC2403A,Fixed site,given
C-00534,OPV-0,2024-03-08,0,OP2403A,Fixed site,given
C-00534,Penta-1,2024-12-14,1,PT2412B,Fixed site,given
C-00534,OPV-1,2024-12-14,1,OP2412B,Fixed site,given
C-00534,PCV-1,2024-12-14,1,PC2412B,Fixed site,given
C-00534,Penta-2,2025-01-11,2,PT2501B,Fixed site,given
C-00534,OPV-2,2025-01-11,2,OP2501B,Fixed site,given
C-00534,PCV-2,2025-01-11,2,PC2501B,Fixed site,given
C-00534,Rota-2,2025-01-11,2,RT2501B,Fixed site,given
C-00534,Penta-3,2025-02-08,3,PT2502A,Fixed site,given
C-00534,OPV-3,2025-02-08,3,OP2502A,Fixed site,given
C-00534,Measles-1,2025-02-28,1,MR2502D,Fixed site,given
C-00534,Yellow Fever,2025-02-28,1,YF2502D,Fixed site,given
C-00534,Measles-2,2025-10-06,2,MR2510A,Fixed site,given
C-00535,Penta-1,2025-11-03,1,PT2511A,Fixed site,given
C-00535,OPV-1,2025-11-03,1,OP2511A,Fixed site,given
C-00535,PCV-1,2025-11-03,1,PC2511A,Fixed site,given
C-00535,Rota-1,2025-11-03,1,RT2511A,Fixed site,given
C-00535,Penta-2,2026-01-27,2,PT2601D,Fixed site,given
C-00535,OPV-2,2026-01-27,2,OP2601D,Fixed site,given
C-00535,PCV-2,2026-01-27,2,PC2601D,Fixed site,given
C-00535,Rota-2,2026-01-27,2,RT2601D,Fixed site,given
C-00535,Penta-3,2026-05-12,3,PT2605B,Fixed site,given
C-00535,OPV-3,2026-05-12,3,OP2605B,Fixed site,given
C-00535,PCV-3,2026-05-12,3,PC2605B,Fixed site,given
C-00535,Measles-1,2026-09-24,1,MR2609C,Fixed site,given
C-00535,Yellow Fever,2026-09-24,1,YF2609C,Fixed site,given
C-00536,Penta-1,2026-01-29,1,PT2601D,Fixed site,given
C-00536,OPV-1,2026-01-29,1,OP2601D,Fixed site,given
C-00536,PCV-1,2026-01-29,1,PC2601D,Fixed site,given
C-00536,Rota-1,2026-01-29,1,RT2601D,Fixed site,given
C-00536,BCG,2026-02-05,1,BC2602A,Fixed site,given
C-00536,Penta-2,2026-04-05,2,PT2604A,Fixed site,given
C-00536,OPV-2,2026-04-05,2,OP2604A,Fixed site,given
C-00536,PCV-2,2026-04-05,2,PC2604A,Fixed site,given
C-00536,Rota-2,2026-04-05,2,RT2604A,Fixed site,given
C-00536,Penta-3,2026-05-03,3,PT2605A,Fixed site,given
C-00536,OPV-3,2026-05-03,3,OP2605A,Fixed site,given
C-00536,PCV-3,2026-05-03,3,PC2605A,Fixed site,given
C-00536,Measles-1,2026-09-24,1,MR2609C,Fixed site,given
C-00536,Yellow Fever,2026-09-24,1,YF2609C,Fixed site,given
C-00537,BCG,2025-10-03,1,BC2510A,Fixed site,given
C-00537,Penta-1,2025-10-11,1,PT2510B,Fixed site,given
C-00537,OPV-1,2025-10-11,1,OP2510B,Fixed site,given
C-00537,PCV-1,2025-10-11,1,PC2510B,Fixed site,given
C-00537,Rota-1,2025-10-11,1,RT2510B,Fixed site,given
C-00537,Penta-2,2025-11-08,2,PT2511A,Fixed site,given
C-00537,OPV-2,2025-11-08,2,OP2511A,Fixed site,given
C-00537,PCV-2,2025-11-08,2,PC2511A,Fixed site,given
C-00537,Rota-2,2025-11-08,2,RT2511A,Fixed site,given
C-00537,Penta-3,2026-03-29,3,PT2603D,Fixed site,given
C-00537,OPV-3,2026-03-29,3,OP2603D,Fixed site,given
C-00537,PCV-3,2026-03-29,3,PC2603D,Fixed site,given
C-00537,Measles-1,2026-05-25,1,MR2605D,Fixed site,given
C-00537,Yellow Fever,2026-05-25,1,YF2605D,Fixed site,given
C-00538,BCG,2025-04-25,1,BC2504D,Fixed site,given
C-00538,Penta-1,2025-09-07,1,PT2509A,Fixed site,given
C-00538,OPV-1,2025-09-07,1,OP2509A,Fixed site,given
C-00538,Rota-1,2025-09-07,1,RT2509A,Fixed site,given
C-00538,Penta-2,2025-10-05,2,PT2510A,Fixed site,given
C-00538,OPV-2,2025-10-05,2,OP2510A,Fixed site,given
C-00538,PCV-2,2025-10-05,2,PC2510A,Fixed site,given
C-00538,Rota-2,2025-10-05,2,RT2510A,Fixed site,given
C-00538,Penta-3,2025-11-02,3,PT2511A,Fixed site,given
C-00538,OPV-3,2025-11-02,3,OP2511A,Fixed site,given
C-00538,Measles-1,2026-08-27,1,MR2608D,Fixed site,given
C-00538,Yellow Fever,2026-08-27,1,YF2608D,Fixed site,given
C-00539,BCG,2026-07-15,1,BC2607B,Outreach,given
C-00539,Penta-1,2026-08-06,1,PT2608A,Fixed site,given
C-00539,OPV-1,2026-08-06,1,OP2608A,Fixed site,given
C-00539,PCV-1,2026-08-06,1,PC2608A,Fixed site,given
C-00539,Rota-1,2026-08-06,1,RT2608A,Fixed site,given
C-00539,Penta-2,2026-09-03,2,PT2609A,Fixed site,given
C-00539,OPV-2,2026-09-03,2,OP2609A,Fixed site,given
C-00539,PCV-2,2026-09-03,2,PC2609A,Fixed site,given
C-00539,Rota-2,2026-09-03,2,RT2609A,Fixed site,given
C-00539,OPV-3,2026-09-24,3,OP2609C,Fixed site,given
C-00540,BCG,2024-11-22,1,BC2411C,Fixed site,given
C-00540,OPV-0,2024-11-22,0,OP2411C,Fixed site,given
C-00540,Penta-1,2025-01-03,1,PT2501A,Fixed site,given
C-00540,OPV-1,2025-01-03,1,OP2501A,Fixed site,given
C-00540,PCV-1,2025-01-03,1,PC2501A,Fixed site,given
C-00540,Rota-1,2025-01-03,1,RT2501A,Fixed site,given
C-00540,Penta-2,2025-06-30,2,PT2506D,Fixed site,given
C-00540,OPV-2,2025-06-30,2,OP2506D,Fixed site,given
C-00540,PCV-2,2025-06-30,2,PC2506D,Fixed site,given
C-00540,Rota-2,2025-06-30,2,RT2506D,Fixed site,given
C-00540,Penta-3,2025-07-28,3,PT2507D,Fixed site,given
C-00540,OPV-3,2025-07-28,3,OP2507D,Fixed site,given
C-00540,PCV-3,2025-07-28,3,PC2507D,Fixed site,given
C-00540,Measles-1,2025-09-24,1,MR2509C,Fixed site,given
C-00540,Yellow Fever,2025-09-24,1,YF2509C,Fixed site,given
C-00541,BCG,2025-06-14,1,BC2506B,Fixed site,given
C-00541,Penta-1,2025-06-28,1,PT2506D,Fixed site,given
C-00541,OPV-1,2025-06-28,1,OP2506D,Fixed site,given
C-00541,PCV-1,2025-06-28,1,PC2506D,Fixed site,given
C-00541,Rota-1,2025-06-28,1,RT2506D,Fixed site,given
C-00541,Penta-2,2025-07-26,2,PT2507D,Fixed site,given
C-00541,OPV-2,2025-07-26,2,OP2507D,Fixed site,given
C-00541,PCV-2,2025-07-26,2,PC2507D,Fixed site,given
C-00541,Rota-2,2025-07-26,2,RT2507D,Fixed site,given
C-00541,Penta-3,2025-10-21,3,PT2510C,Fixed site,given
C-00541,OPV-3,2025-10-21,3,OP2510C,Fixed site,given
C-00541,PCV-3,2025-10-21,3,PC2510C,Fixed site,given
C-00541,Measles-1,2026-03-20,1,MR2603C,Fixed site,given
C-00541,Yellow Fever,2026-03-20,1,YF2603C,Fixed site,given
C-00542,BCG,2024-09-26,1,BC2409D,Fixed site,given
C-00542,OPV-0,2024-09-26,0,OP2409D,Fixed site,given
C-00542,Penta-1,2025-04-26,1,PT2504D,Fixed site,given
C-00542,OPV-1,2025-04-26,1,OP2504D,Fixed site,given
C-00542,PCV-1,2025-04-26,1,PC2504D,Fixed site,given
C-00542,Rota-1,2025-04-26,1,RT2504D,Fixed site,given
C-00542,Penta-2,2025-05-24,2,PT2505C,Fixed site,given
C-00542,OPV-2,2025-05-24,2,OP2505C,Fixed site,given
C-00542,PCV-2,2025-05-24,2,PC2505C,Fixed site,given
C-00542,Rota-2,2025-05-24,2,RT2505C,Fixed site,given
C-00542,Penta-3,2025-06-21,3,PT2506C,Fixed site,given
C-00542,OPV-3,2025-06-21,3,OP2506C,Fixed site,given
C-00542,PCV-3,2025-06-21,3,PC2506C,Fixed site,given
C-00542,Measles-1,2025-07-07,1,MR2507A,Fixed site,given
C-00542,Yellow Fever,2025-07-07,1,YF2507A,Fixed site,given
C-00542,Measles-2,2026-05-29,2,MR2605D,Fixed site,given
C-00543,BCG,2023-09-05,1,BC2309A,Fixed site,given
C-00543,Penta-1,2023-09-25,1,PT2309D,Fixed site,given
C-00543,OPV-1,2023-09-25,1,OP2309D,Fixed site,given
C-00543,PCV-1,2023-09-25,1,PC2309D,Fixed site,given
C-00543,Rota-1,2023-09-25,1,RT2309D,Fixed site,given
C-00543,Penta-2,2023-10-23,2,PT2310C,Fixed site,given
C-00543,OPV-2,2023-10-23,2,OP2310C,Fixed site,given
C-00543,PCV-2,2023-10-23,2,PC2310C,Fixed site,given
C-00543,Rota-2,2023-10-23,2,RT2310C,Fixed site,given
C-00543,Penta-3,2023-11-21,3,PT2311C,Fixed site,given
C-00543,OPV-3,2023-11-21,3,OP2311C,Fixed site,given
C-00543,PCV-3,2023-11-21,3,PC2311C,Fixed site,given
C-00543,Measles-1,2024-06-14,1,MR2406B,Fixed site,given
C-00543,Yellow Fever,2024-06-14,1,YF2406B,Fixed site,given
C-00543,Measles-2,2025-02-27,2,MR2502D,Fixed site,given
C-00544,Penta-1,2026-07-07,1,PT2607A,Fixed site,given
C-00544,BCG,2026-07-13,1,BC2607B,Fixed site,given
C-00544,Penta-2,2026-08-04,2,PT2608A,Fixed site,given
C-00544,OPV-2,2026-08-04,2,OP2608A,Fixed site,given
C-00544,PCV-2,2026-08-04,2,PC2608A,Fixed site,given
C-00544,Rota-2,2026-08-04,2,RT2608A,Fixed site,given
C-00544,OPV-1,2026-08-29,1,OP2608D,Fixed site,given
C-00544,PCV-1,2026-08-29,1,PC2608D,Fixed site,given
C-00544,Rota-1,2026-08-29,1,RT2608D,Fixed site,given
C-00544,Penta-3,2026-09-24,3,PT2609C,Fixed site,given
C-00544,OPV-3,2026-09-24,3,OP2609C,Fixed site,given
C-00544,PCV-3,2026-09-24,3,PC2609C,Fixed site,given
C-00545,Penta-1,2026-03-25,1,PT2603D,Fixed site,given
C-00545,OPV-1,2026-03-25,1,OP2603D,Fixed site,given
C-00545,PCV-1,2026-03-25,1,PC2603D,Fixed site,given
C-00545,Rota-1,2026-03-25,1,RT2603D,Fixed site,given
C-00545,Penta-2,2026-04-22,2,PT2604C,Fixed site,given
C-00545,OPV-2,2026-04-22,2,OP2604C,Fixed site,given
C-00545,PCV-2,2026-04-22,2,PC2604C,Fixed site,given
C-00545,Rota-2,2026-04-22,2,RT2604C,Fixed site,given
C-00545,Penta-3,2026-07-24,3,PT2607C,Fixed site,given
C-00545,OPV-3,2026-07-24,3,OP2607C,Fixed site,given
C-00545,PCV-3,2026-07-24,3,PC2607C,Fixed site,given
C-00546,BCG,2024-03-09,1,BC2403B,Fixed site,given
C-00546,OPV-0,2024-03-09,0,OP2403B,Fixed site,given
C-00546,OPV-3,2024-07-03,3,OP2407A,Fixed site,given
C-00546,Penta-1,2024-08-31,1,PT2408D,Fixed site,given
C-00546,OPV-1,2024-08-31,1,OP2408D,Fixed site,given
C-00546,PCV-1,2024-08-31,1,PC2408D,Fixed site,given
C-00546,Rota-1,2024-08-31,1,RT2408D,Fixed site,given
C-00546,Measles-1,2025-08-03,1,MR2508A,Fixed site,given
C-00546,Yellow Fever,2025-08-03,1,YF2508A,Fixed site,given
C-00546,Measles-2,2026-05-03,2,MR2605A,Fixed site,given
C-00547,Penta-1,2026-05-22,1,PT2605C,Outreach,given
C-00547,OPV-1,2026-05-22,1,OP2605C,Outreach,given
C-00547,PCV-1,2026-05-22,1,PC2605C,Outreach,given
C-00547,Rota-1,2026-05-22,1,RT2605C,Outreach,given
C-00547,OPV-3,2026-06-21,3,OP2606C,Fixed site,given
C-00548,BCG,2026-05-19,1,BC2605C,Fixed site,given
C-00548,OPV-0,2026-05-19,0,OP2605C,Fixed site,given
C-00548,Penta-1,2026-06-30,1,PT2606D,Fixed site,given
C-00548,OPV-1,2026-06-30,1,OP2606D,Fixed site,given
C-00548,PCV-1,2026-06-30,1,PC2606D,Fixed site,given
C-00548,Penta-2,2026-07-28,2,PT2607D,Fixed site,given
C-00548,PCV-2,2026-07-28,2,PC2607D,Fixed site,given
C-00548,Rota-2,2026-07-28,2,RT2607D,Fixed site,given
C-00548,Penta-3,2026-08-25,3,PT2608D,Fixed site,given
C-00548,PCV-3,2026-08-25,3,PC2608D,Fixed site,given
C-00549,BCG,2026-04-21,1,BC2604C,Fixed site,given
C-00549,OPV-0,2026-04-21,0,OP2604C,Fixed site,given
C-00549,Penta-1,2026-05-27,1,PT2605D,Fixed site,given
C-00549,OPV-1,2026-05-27,1,OP2605D,Fixed site,given
C-00549,Rota-1,2026-05-27,1,RT2605D,Fixed site,given
C-00549,Penta-2,2026-07-17,2,PT2607C,Fixed site,given
C-00549,OPV-2,2026-07-17,2,OP2607C,Fixed site,given
C-00549,PCV-2,2026-07-17,2,PC2607C,Fixed site,given
C-00549,Rota-2,2026-07-17,2,RT2607C,Fixed site,given
C-00549,Penta-3,2026-08-14,3,PT2608B,Fixed site,given
C-00549,OPV-3,2026-08-14,3,OP2608B,Fixed site,given
C-00549,PCV-3,2026-08-14,3,PC2608B,Fixed site,given
C-00550,BCG,2026-06-01,1,BC2606A,Fixed site,given
C-00550,Penta-1,2026-06-27,1,PT2606D,Fixed site,given
C-00550,OPV-1,2026-06-27,1,OP2606D,Fixed site,given
C-00550,PCV-1,2026-06-27,1,PC2606D,Fixed site,given
C-00550,Rota-1,2026-06-27,1,RT2606D,Fixed site,given
C-00550,Penta-2,2026-07-25,2,PT2607D,Fixed site,given
C-00550,OPV-2,2026-07-25,2,OP2607D,Fixed site,given
C-00550,PCV-2,2026-07-25,2,PC2607D,Fixed site,given
C-00550,Rota-2,2026-07-25,2,RT2607D,Fixed site,given
C-00550,Penta-3,2026-08-22,3,PT2608C,Fixed site,given
C-00550,PCV-3,2026-08-22,3,PC2608C,Fixed site,given
C-00551,BCG,2026-02-14,1,BC2602B,Fixed site,given
C-00552,BCG,2026-04-01,1,BC2604A,Fixed site,given
C-00552,OPV-0,2026-04-01,0,OP2604A,Fixed site,given
C-00553,BCG,2025-12-29,1,BC2512D,Fixed site,given
C-00553,OPV-0,2025-12-29,0,OP2512D,Fixed site,given
C-00553,Penta-1,2026-04-26,1,PT2604D,Fixed site,given
C-00553,OPV-1,2026-04-26,1,OP2604D,Fixed site,given
C-00553,PCV-1,2026-04-26,1,PC2604D,Fixed site,given
C-00553,Rota-1,2026-04-26,1,RT2604D,Fixed site,given
C-00553,Penta-2,2026-05-24,2,PT2605C,Fixed site,given
C-00553,OPV-2,2026-05-24,2,OP2605C,Fixed site,given
C-00553,PCV-2,2026-05-24,2,PC2605C,Fixed site,given
C-00553,Rota-2,2026-05-24,2,RT2605C,Fixed site,given
C-00553,Penta-3,2026-09-24,3,PT2609C,Fixed site,given
C-00553,OPV-3,2026-09-24,3,OP2609C,Fixed site,given
C-00553,PCV-3,2026-09-24,3,PC2609C,Fixed site,given
C-00553,Measles-1,2026-09-24,1,MR2609C,Fixed site,given
C-00553,Yellow Fever,2026-09-24,1,YF2609C,Fixed site,given
C-00554,Penta-1,2026-02-26,1,PT2602D,Fixed site,given
C-00554,PCV-1,2026-02-26,1,PC2602D,Fixed site,given
C-00554,Rota-1,2026-02-26,1,RT2602D,Fixed site,given
C-00554,Penta-2,2026-03-26,2,PT2603D,Fixed site,given
C-00554,PCV-2,2026-03-26,2,PC2603D,Fixed site,given
C-00554,Rota-2,2026-03-26,2,RT2603D,Fixed site,given
C-00554,Penta-3,2026-05-26,3,PT2605D,Fixed site,given
C-00554,OPV-3,2026-05-26,3,OP2605D,Fixed site,given
C-00554,PCV-3,2026-05-26,3,PC2605D,Fixed site,given
C-00554,Measles-1,2026-09-24,1,MR2609C,Fixed site,given
C-00554,Yellow Fever,2026-09-24,1,YF2609C,Fixed site,given
C-00555,BCG,2025-10-03,1,BC2510A,Fixed site,given
C-00555,Penta-1,2026-02-05,1,PT2602A,Fixed site,given
C-00555,OPV-1,2026-02-05,1,OP2602A,Fixed site,given
C-00555,PCV-1,2026-02-05,1,PC2602A,Fixed site,given
C-00555,Rota-1,2026-02-05,1,RT2602A,Fixed site,given
C-00555,Penta-2,2026-03-05,2,PT2603A,Fixed site,given
C-00555,OPV-2,2026-03-05,2,OP2603A,Fixed site,given
C-00555,PCV-2,2026-03-05,2,PC2603A,Fixed site,given
C-00555,Rota-2,2026-03-05,2,RT2603A,Fixed site,given
C-00555,Penta-3,2026-04-02,3,PT2604A,Fixed site,given
C-00555,OPV-3,2026-04-02,3,OP2604A,Fixed site,given
C-00555,PCV-3,2026-04-02,3,PC2604A,Fixed site,given
C-00555,Measles-1,2026-09-20,1,MR2609C,Fixed site,given
C-00555,Yellow Fever,2026-09-20,1,YF2609C,Fixed site,given
C-00556,BCG,2025-12-23,1,BC2512C,Fixed site,given
C-00556,OPV-0,2025-12-23,0,OP2512C,Fixed site,given
C-00556,Penta-1,2026-01-30,1,PT2601D,Fixed site,given
C-00556,OPV-1,2026-01-30,1,OP2601D,Fixed site,given
C-00556,PCV-1,2026-01-30,1,PC2601D,Fixed site,given
C-00556,Rota-1,2026-01-30,1,RT2601D,Fixed site,given
C-00556,Penta-2,2026-03-16,2,PT2603B,Fixed site,given
C-00556,PCV-2,2026-03-16,2,PC2603B,Fixed site,given
C-00556,Penta-3,2026-05-01,3,PT2605A,Fixed site,given
C-00556,OPV-3,2026-05-01,3,OP2605A,Fixed site,given
C-00556,PCV-3,2026-05-01,3,PC2605A,Fixed site,given
C-00556,Measles-1,2026-09-24,1,MR2609C,Fixed site,given
C-00556,Yellow Fever,2026-09-24,1,YF2609C,Fixed site,given
C-00557,BCG,2026-02-27,1,BC2602D,Fixed site,given
C-00557,OPV-0,2026-02-27,0,OP2602D,Fixed site,given
C-00557,Penta-1,2026-04-08,1,PT2604A,Fixed site,given
C-00557,OPV-1,2026-04-08,1,OP2604A,Fixed site,given
C-00557,PCV-1,2026-04-08,1,PC2604A,Fixed site,given
C-00557,Rota-1,2026-04-08,1,RT2604A,Fixed site,given
C-00557,Penta-2,2026-05-08,2,PT2605A,Fixed site,given
C-00557,OPV-2,2026-05-08,2,OP2605A,Fixed site,given
C-00557,PCV-2,2026-05-08,2,PC2605A,Fixed site,given
C-00557,Rota-2,2026-05-08,2,RT2605A,Fixed site,given
C-00557,Penta-3,2026-09-24,3,PT2609C,Fixed site,given
C-00557,OPV-3,2026-09-24,3,OP2609C,Fixed site,given
C-00557,PCV-3,2026-09-24,3,PC2609C,Fixed site,given
C-00558,BCG,2025-11-06,1,BC2511A,Fixed site,given
C-00558,Penta-1,2025-11-28,1,PT2511D,Fixed site,given
C-00558,PCV-1,2025-11-28,1,PC2511D,Fixed site,given
C-00558,Rota-1,2025-11-28,1,RT2511D,Fixed site,given
C-00558,Penta-2,2026-04-19,2,PT2604C,Fixed site,given
C-00558,OPV-2,2026-04-19,2,OP2604C,Fixed site,given
C-00558,PCV-2,2026-04-19,2,PC2604C,Fixed site,given
C-00558,Rota-2,2026-04-19,2,RT2604C,Fixed site,given
C-00558,Penta-3,2026-05-17,3,PT2605C,Fixed site,given
C-00558,OPV-3,2026-05-17,3,OP2605C,Fixed site,given
C-00558,PCV-3,2026-05-17,3,PC2605C,Fixed site,given
C-00558,Measles-1,2026-06-12,1,MR2606B,Fixed site,given
C-00558,Yellow Fever,2026-06-12,1,YF2606B,Fixed site,given
C-00559,BCG,2025-03-05,1,BC2503A,Fixed site,given
C-00559,OPV-0,2025-03-05,0,OP2503A,Fixed site,given
C-00559,Penta-1,2025-05-20,1,PT2505C,Fixed site,given
C-00559,OPV-1,2025-05-20,1,OP2505C,Fixed site,given
C-00559,PCV-1,2025-05-20,1,PC2505C,Fixed site,given
C-00559,Rota-1,2025-05-20,1,RT2505C,Fixed site,given
C-00559,Penta-2,2025-06-17,2,PT2506C,Fixed site,given
C-00559,OPV-2,2025-06-17,2,OP2506C,Fixed site,given
C-00559,PCV-2,2025-06-17,2,PC2506C,Fixed site,given
C-00559,Rota-2,2025-06-17,2,RT2506C,Fixed site,given
C-00559,Penta-3,2025-09-20,3,PT2509C,Fixed site,given
C-00559,OPV-3,2025-09-20,3,OP2509C,Fixed site,given
C-00559,PCV-3,2025-09-20,3,PC2509C,Fixed site,given
C-00559,Measles-1,2026-01-06,1,MR2601A,Fixed site,given
C-00559,Yellow Fever,2026-01-06,1,YF2601A,Fixed site,given
C-00560,BCG,2026-09-24,1,BC2609C,Fixed site,given
C-00561,BCG,2024-10-17,1,BC2410C,Fixed site,given
C-00561,Penta-1,2025-03-29,1,PT2503D,Outreach,given
C-00561,OPV-1,2025-03-29,1,OP2503D,Outreach,given
C-00561,PCV-1,2025-03-29,1,PC2503D,Outreach,given
C-00561,Rota-1,2025-03-29,1,RT2503D,Outreach,given
C-00561,Penta-2,2025-04-26,2,PT2504D,Fixed site,given
C-00561,OPV-2,2025-04-26,2,OP2504D,Fixed site,given
C-00561,PCV-2,2025-04-26,2,PC2504D,Fixed site,given
C-00561,Rota-2,2025-04-26,2,RT2504D,Fixed site,given
C-00562,BCG,2025-03-11,1,BC2503B,Fixed site,given
C-00562,Measles-1,2025-12-03,1,MR2512A,Fixed site,given
C-00563,BCG,2025-06-27,1,BC2506D,Fixed site,given
C-00563,OPV-0,2025-06-27,0,OP2506D,Fixed site,given
C-00563,Penta-1,2025-09-05,1,PT2509A,Fixed site,given
C-00563,PCV-1,2025-09-05,1,PC2509A,Fixed site,given
C-00563,Penta-2,2025-10-22,2,PT2510C,Fixed site,given
C-00563,OPV-2,2025-10-22,2,OP2510C,Fixed site,given
C-00563,PCV-2,2025-10-22,2,PC2510C,Fixed site,given
C-00563,Rota-2,2025-10-22,2,RT2510C,Fixed site,given
C-00563,Penta-3,2026-04-17,3,PT2604C,Fixed site,given
C-00563,OPV-3,2026-04-17,3,OP2604C,Fixed site,given
C-00563,PCV-3,2026-04-17,3,PC2604C,Fixed site,given
C-00563,Measles-1,2026-09-24,1,MR2609C,Fixed site,given
C-00563,Yellow Fever,2026-09-24,1,YF2609C,Fixed site,given
C-00564,BCG,2026-02-11,1,BC2602B,Outreach,given
C-00564,Penta-1,2026-03-10,1,PT2603B,Fixed site,given
C-00564,OPV-1,2026-03-10,1,OP2603B,Fixed site,given
C-00564,PCV-1,2026-03-10,1,PC2603B,Fixed site,given
C-00564,Rota-1,2026-03-10,1,RT2603B,Fixed site,given
C-00564,Penta-2,2026-04-07,2,PT2604A,Fixed site,given
C-00564,OPV-2,2026-04-07,2,OP2604A,Fixed site,given
C-00564,PCV-2,2026-04-07,2,PC2604A,Fixed site,given
C-00564,Rota-2,2026-04-07,2,RT2604A,Fixed site,given
C-00564,Penta-3,2026-05-05,3,PT2605A,Fixed site,given
C-00564,OPV-3,2026-05-05,3,OP2605A,Fixed site,given
C-00564,PCV-3,2026-05-05,3,PC2605A,Fixed site,given
C-00565,BCG,2025-12-28,1,BC2512D,Fixed site,given
C-00565,OPV-0,2025-12-28,0,OP2512D,Fixed site,given
C-00565,Penta-1,2026-02-18,1,PT2602C,Fixed site,given
C-00565,OPV-1,2026-02-18,1,OP2602C,Fixed site,given
C-00565,PCV-1,2026-02-18,1,PC2602C,Fixed site,given
C-00565,Rota-1,2026-02-18,1,RT2602C,Fixed site,given
C-00565,Penta-2,2026-04-11,2,PT2604B,Fixed site,given
C-00565,OPV-2,2026-04-11,2,OP2604B,Fixed site,given
C-00565,PCV-2,2026-04-11,2,PC2604B,Fixed site,given
C-00565,Rota-2,2026-04-11,2,RT2604B,Fixed site,given
C-00566,BCG,2026-04-03,1,BC2604A,Fixed site,given
C-00566,Penta-1,2026-04-29,1,PT2604D,Fixed site,given
C-00566,Penta-2,2026-05-27,2,PT2605D,Outreach,given
C-00566,OPV-2,2026-05-27,2,OP2605D,Outreach,given
C-00566,PCV-2,2026-05-27,2,PC2605D,Outreach,given
C-00566,Rota-2,2026-05-27,2,RT2605D,Outreach,given
C-00566,OPV-1,2026-09-24,1,OP2609C,Fixed site,given
C-00566,PCV-1,2026-09-24,1,PC2609C,Fixed site,given
C-00566,Rota-1,2026-09-24,1,RT2609C,Fixed site,given
C-00566,Penta-3,2026-09-24,3,PT2609C,Fixed site,given
C-00566,OPV-3,2026-09-24,3,OP2609C,Fixed site,given
C-00566,PCV-3,2026-09-24,3,PC2609C,Fixed site,given
C-00567,BCG,2026-07-18,1,BC2607C,Fixed site,given
C-00568,BCG,2025-12-30,1,BC2512D,Fixed site,given
C-00568,Penta-1,2026-01-23,1,PT2601C,Outreach,given
C-00568,OPV-1,2026-01-23,1,OP2601C,Outreach,given
C-00568,PCV-1,2026-01-23,1,PC2601C,Outreach,given
C-00568,Rota-1,2026-01-23,1,RT2601C,Outreach,given
C-00568,Penta-2,2026-02-25,2,PT2602D,Fixed site,given
C-00568,OPV-2,2026-02-25,2,OP2602D,Fixed site,given
C-00568,PCV-2,2026-02-25,2,PC2602D,Fixed site,given
C-00568,Rota-2,2026-02-25,2,RT2602D,Fixed site,given
C-00568,Penta-3,2026-07-03,3,PT2607A,Fixed site,given
C-00568,OPV-3,2026-07-03,3,OP2607A,Fixed site,given
C-00568,PCV-3,2026-07-03,3,PC2607A,Fixed site,given
C-00568,Measles-1,2026-09-24,1,MR2609C,Fixed site,given
C-00568,Yellow Fever,2026-09-24,1,YF2609C,Fixed site,given
C-00569,BCG,2025-09-28,1,BC2509D,Fixed site,given
C-00569,Penta-1,2025-10-24,1,PT2510C,Fixed site,given
C-00569,OPV-1,2025-10-24,1,OP2510C,Fixed site,given
C-00569,PCV-1,2025-10-24,1,PC2510C,Fixed site,given
C-00569,Rota-1,2025-10-24,1,RT2510C,Fixed site,given
C-00569,Penta-2,2025-12-17,2,PT2512C,Fixed site,given
C-00569,OPV-2,2025-12-17,2,OP2512C,Fixed site,given
C-00569,PCV-2,2025-12-17,2,PC2512C,Fixed site,given
C-00569,Rota-2,2025-12-17,2,RT2512C,Fixed site,given
C-00569,Penta-3,2026-01-14,3,PT2601B,Fixed site,given
C-00569,OPV-3,2026-01-14,3,OP2601B,Fixed site,given
C-00569,PCV-3,2026-01-14,3,PC2601B,Fixed site,given
C-00569,Measles-1,2026-09-24,1,MR2609C,Outreach,given
C-00569,Yellow Fever,2026-09-24,1,YF2609C,Outreach,given
C-00570,BCG,2026-09-02,1,BC2609A,Fixed site,given
C-00570,OPV-0,2026-09-02,0,OP2609A,Fixed site,given
C-00571,BCG,2025-09-14,1,BC2509B,Fixed site,given
C-00571,OPV-0,2025-09-14,0,OP2509B,Fixed site,given
C-00571,Penta-1,2025-11-13,1,PT2511B,Fixed site,given
C-00571,PCV-1,2025-11-13,1,PC2511B,Fixed site,given
C-00571,Rota-1,2025-11-13,1,RT2511B,Fixed site,given
C-00571,OPV-3,2026-01-07,3,OP2601A,Fixed site,given
C-00571,Measles-1,2026-09-24,1,MR2609C,Fixed site,given
C-00571,Yellow Fever,2026-09-24,1,YF2609C,Fixed site,given
C-00572,Penta-1,2026-07-13,1,PT2607B,Fixed site,given
C-00572,Penta-2,2026-08-10,2,PT2608B,Outreach,given
C-00572,PCV-2,2026-08-10,2,PC2608B,Outreach,given
C-00572,Rota-2,2026-08-10,2,RT2608B,Outreach,given
C-00572,OPV-1,2026-09-17,1,OP2609C,Fixed site,given
C-00572,PCV-1,2026-09-17,1,PC2609C,Fixed site,given
C-00572,Rota-1,2026-09-17,1,RT2609C,Fixed site,given
C-00572,BCG,2026-09-24,1,BC2609C,Fixed site,given
C-00572,Penta-3,2026-09-24,3,PT2609C,Fixed site,given
C-00572,OPV-3,2026-09-24,3,OP2609C,Fixed site,given
C-00572,PCV-3,2026-09-24,3,PC2609C,Fixed site,given
C-00573,BCG,2026-04-02,1,BC2604A,Fixed site,given
C-00573,Penta-1,2026-04-10,1,PT2604B,Fixed site,given
C-00573,Penta-2,2026-05-08,2,PT2605A,Fixed site,given
C-00573,OPV-2,2026-05-08,2,OP2605A,Fixed site,given
C-00573,PCV-2,2026-05-08,2,PC2605A,Fixed site,given
C-00573,Rota-2,2026-05-08,2,RT2605A,Fixed site,given
C-00573,OPV-1,2026-09-24,1,OP2609C,Fixed site,given
C-00573,PCV-1,2026-09-24,1,PC2609C,Fixed site,given
C-00573,Rota-1,2026-09-24,1,RT2609C,Fixed site,given
C-00573,Penta-3,2026-09-24,3,PT2609C,Fixed site,given
C-00573,OPV-3,2026-09-24,3,OP2609C,Fixed site,given
C-00573,PCV-3,2026-09-24,3,PC2609C,Fixed site,given
C-00574,BCG,2026-07-23,1,BC2607C,Fixed site,given
C-00574,Penta-1,2026-09-24,1,PT2609C,Fixed site,given
C-00574,OPV-1,2026-09-24,1,OP2609C,Fixed site,given
C-00574,PCV-1,2026-09-24,1,PC2609C,Fixed site,given
C-00574,Rota-1,2026-09-24,1,RT2609C,Fixed site,given
C-00575,BCG,2026-07-12,1,BC2607B,Fixed site,given
C-00575,Penta-1,2026-09-11,1,PT2609B,Fixed site,given
C-00575,OPV-1,2026-09-11,1,OP2609B,Fixed site,given
C-00575,PCV-1,2026-09-11,1,PC2609B,Fixed site,given
C-00575,Rota-1,2026-09-11,1,RT2609B,Fixed site,given
C-00576,BCG,2025-01-25,1,BC2501D,Fixed site,given
C-00576,OPV-0,2025-01-25,0,OP2501D,Fixed site,given
C-00576,Penta-1,2025-04-30,1,PT2504D,Fixed site,given
C-00576,OPV-1,2025-04-30,1,OP2504D,Fixed site,given
C-00576,PCV-1,2025-04-30,1,PC2504D,Fixed site,given
C-00576,Rota-1,2025-04-30,1,RT2504D,Fixed site,given
C-00577,BCG,2024-12-10,1,BC2412B,Fixed site,given
C-00577,OPV-0,2024-12-10,0,OP2412B,Fixed site,given
C-00577,Measles-1,2025-11-04,1,MR2511A,Fixed site,given
C-00577,Yellow Fever,2025-11-04,1,YF2511A,Fixed site,given
C-00578,BCG,2026-07-05,1,BC2607A,Fixed site,given
C-00578,OPV-0,2026-07-05,0,OP2607A,Fixed site,given
C-00578,Penta-1,2026-09-24,1,PT2609C,Fixed site,given
C-00578,OPV-1,2026-09-24,1,OP2609C,Fixed site,given
C-00578,PCV-1,2026-09-24,1,PC2609C,Fixed site,given
C-00578,Rota-1,2026-09-24,1,RT2609C,Fixed site,given
C-00579,BCG,2025-06-08,1,BC2506A,Fixed site,given
C-00579,OPV-0,2025-06-08,0,OP2506A,Fixed site,given
C-00579,Penta-1,2025-07-25,1,PT2507D,Fixed site,given
C-00579,OPV-1,2025-07-25,1,OP2507D,Fixed site,given
C-00579,PCV-1,2025-07-25,1,PC2507D,Fixed site,given
C-00579,Rota-1,2025-07-25,1,RT2507D,Fixed site,given
C-00579,Penta-2,2025-12-03,2,PT2512A,Fixed site,given
C-00579,OPV-2,2025-12-03,2,OP2512A,Fixed site,given
C-00579,PCV-2,2025-12-03,2,PC2512A,Fixed site,given
C-00579,Rota-2,2025-12-03,2,RT2512A,Fixed site,given
C-00579,Penta-3,2025-12-31,3,PT2512D,Fixed site,given
C-00579,OPV-3,2025-12-31,3,OP2512D,Fixed site,given
C-00579,PCV-3,2025-12-31,3,PC2512D,Fixed site,given
C-00579,Measles-1,2026-03-30,1,MR2603D,Fixed site,given
C-00579,Yellow Fever,2026-03-30,1,YF2603D,Fixed site,given
C-00580,BCG,2025-02-11,1,BC2502B,Fixed site,given
C-00580,Penta-1,2025-03-13,1,PT2503B,Fixed site,given
C-00580,OPV-1,2025-03-13,1,OP2503B,Fixed site,given
C-00580,PCV-1,2025-03-13,1,PC2503B,Fixed site,given
C-00580,Rota-1,2025-03-13,1,RT2503B,Fixed site,given
C-00580,Penta-2,2025-04-24,2,PT2504C,Fixed site,given
C-00580,OPV-2,2025-04-24,2,OP2504C,Fixed site,given
C-00580,PCV-2,2025-04-24,2,PC2504C,Fixed site,given
C-00580,Rota-2,2025-04-24,2,RT2504C,Fixed site,given
C-00580,Penta-3,2025-05-22,3,PT2505C,Fixed site,given
C-00580,OPV-3,2025-05-22,3,OP2505C,Fixed site,given
C-00580,PCV-3,2025-05-22,3,PC2505C,Fixed site,given
C-00580,Measles-1,2025-11-22,1,MR2511C,Fixed site,given
C-00580,Yellow Fever,2025-11-22,1,YF2511C,Fixed site,given
C-00580,Measles-2,2026-09-24,2,MR2609C,Outreach,given
C-00581,BCG,2026-04-03,1,BC2604A,Fixed site,given
C-00581,OPV-0,2026-04-03,0,OP2604A,Fixed site,given
C-00581,Penta-1,2026-05-24,1,PT2605C,Fixed site,given
C-00581,OPV-1,2026-05-24,1,OP2605C,Fixed site,given
C-00581,PCV-1,2026-05-24,1,PC2605C,Fixed site,given
C-00581,Rota-1,2026-05-24,1,RT2605C,Fixed site,given
C-00581,Penta-2,2026-07-02,2,PT2607A,Fixed site,given
C-00581,OPV-2,2026-07-02,2,OP2607A,Fixed site,given
C-00581,PCV-2,2026-07-02,2,PC2607A,Fixed site,given
C-00581,Rota-2,2026-07-02,2,RT2607A,Fixed site,given
C-00581,Penta-3,2026-09-11,3,PT2609B,Fixed site,given
C-00581,OPV-3,2026-09-11,3,OP2609B,Fixed site,given
C-00581,PCV-3,2026-09-11,3,PC2609B,Fixed site,given
C-00582,Penta-1,2025-11-22,1,PT2511C,Fixed site,given
C-00582,OPV-1,2025-11-22,1,OP2511C,Fixed site,given
C-00582,PCV-1,2025-11-22,1,PC2511C,Fixed site,given
C-00582,Rota-1,2025-11-22,1,RT2511C,Fixed site,given
C-00582,Penta-2,2025-12-20,2,PT2512C,Fixed site,given
C-00582,OPV-2,2025-12-20,2,OP2512C,Fixed site,given
C-00582,PCV-2,2025-12-20,2,PC2512C,Fixed site,given
C-00582,Rota-2,2025-12-20,2,RT2512C,Fixed site,given
C-00582,Penta-3,2026-04-13,3,PT2604B,Fixed site,given
C-00582,OPV-3,2026-04-13,3,OP2604B,Fixed site,given
C-00582,PCV-3,2026-04-13,3,PC2604B,Fixed site,given
C-00582,Measles-1,2026-06-24,1,MR2606C,Fixed site,given
C-00582,Yellow Fever,2026-06-24,1,YF2606C,Fixed site,given
C-00583,BCG,2026-07-31,1,BC2607D,Fixed site,given
C-00583,Penta-1,2026-08-06,1,PT2608A,Fixed site,given
C-00583,Penta-2,2026-09-03,2,PT2609A,Fixed site,given
C-00583,OPV-2,2026-09-03,2,OP2609A,Fixed site,given
C-00583,PCV-2,2026-09-03,2,PC2609A,Fixed site,given
C-00583,Rota-2,2026-09-03,2,RT2609A,Fixed site,given
C-00583,OPV-1,2026-09-24,1,OP2609C,Fixed site,given
C-00583,PCV-1,2026-09-24,1,PC2609C,Fixed site,given
C-00583,Rota-1,2026-09-24,1,RT2609C,Fixed site,given
C-00584,BCG,2025-12-20,1,BC2512C,Fixed site,given
C-00584,Penta-1,2026-01-30,1,PT2601D,Fixed site,given
C-00584,OPV-1,2026-01-30,1,OP2601D,Fixed site,given
C-00584,PCV-1,2026-01-30,1,PC2601D,Fixed site,given
C-00584,Rota-1,2026-01-30,1,RT2601D,Fixed site,given
C-00584,Penta-2,2026-02-27,2,PT2602D,Fixed site,given
C-00584,OPV-2,2026-02-27,2,OP2602D,Fixed site,given
C-00584,PCV-2,2026-02-27,2,PC2602D,Fixed site,given
C-00584,Rota-2,2026-02-27,2,RT2602D,Fixed site,given
C-00584,Penta-3,2026-03-27,3,PT2603D,Fixed site,given
C-00584,OPV-3,2026-03-27,3,OP2603D,Fixed site,given
C-00584,PCV-3,2026-03-27,3,PC2603D,Fixed site,given
C-00584,Measles-1,2026-09-24,1,MR2609C,Fixed site,given
C-00585,BCG,2025-02-14,1,BC2502B,Fixed site,given
C-00585,Penta-1,2025-03-19,1,PT2503C,Fixed site,given
C-00585,OPV-1,2025-03-19,1,OP2503C,Fixed site,given
C-00585,PCV-1,2025-03-19,1,PC2503C,Fixed site,given
C-00585,Rota-1,2025-03-19,1,RT2503C,Fixed site,given
C-00585,Penta-2,2025-12-05,2,PT2512A,Fixed site,given
C-00585,OPV-2,2025-12-05,2,OP2512A,Fixed site,given
C-00585,PCV-2,2025-12-05,2,PC2512A,Fixed site,given
C-00585,Rota-2,2025-12-05,2,RT2512A,Fixed site,given
C-00585,Penta-3,2026-01-02,3,PT2601A,Fixed site,given
C-00585,OPV-3,2026-01-02,3,OP2601A,Fixed site,given
C-00585,PCV-3,2026-01-02,3,PC2601A,Fixed site,given
C-00585,Measles-1,2026-02-06,1,MR2602A,Fixed site,given
C-00585,Yellow Fever,2026-02-06,1,YF2602A,Fixed site,given
C-00585,Measles-2,2026-08-14,2,MR2608B,Fixed site,given
C-00586,BCG,2024-12-20,1,BC2412C,Fixed site,given
C-00586,Penta-1,2025-01-02,1,PT2501A,Fixed site,given
C-00586,OPV-1,2025-01-02,1,OP2501A,Fixed site,given
C-00586,PCV-1,2025-01-02,1,PC2501A,Fixed site,given
C-00586,Rota-1,2025-01-02,1,RT2501A,Fixed site,given
C-00587,BCG,2025-10-14,1,BC2510B,Fixed site,given
C-00587,OPV-0,2025-10-14,0,OP2510B,Fixed site,given
C-00587,Penta-1,2025-12-30,1,PT2512D,Fixed site,given
C-00587,OPV-1,2025-12-30,1,OP2512D,Fixed site,given
C-00587,PCV-1,2025-12-30,1,PC2512D,Fixed site,given
C-00587,Rota-1,2025-12-30,1,RT2512D,Fixed site,given
C-00587,Penta-2,2026-01-27,2,PT2601D,Fixed site,given
C-00587,OPV-2,2026-01-27,2,OP2601D,Fixed site,given
C-00587,PCV-2,2026-01-27,2,PC2601D,Fixed site,given
C-00587,Rota-2,2026-01-27,2,RT2601D,Fixed site,given
C-00587,Penta-3,2026-02-24,3,PT2602C,Fixed site,given
C-00587,OPV-3,2026-02-24,3,OP2602C,Fixed site,given
C-00587,PCV-3,2026-02-24,3,PC2602C,Fixed site,given
C-00587,Measles-1,2026-09-24,1,MR2609C,Fixed site,given
C-00587,Yellow Fever,2026-09-24,1,YF2609C,Fixed site,given
C-00588,BCG,2026-07-31,1,BC2607D,Fixed site,given
C-00588,Penta-1,2026-09-24,1,PT2609C,Fixed site,given
C-00588,OPV-1,2026-09-24,1,OP2609C,Fixed site,given
C-00588,PCV-1,2026-09-24,1,PC2609C,Fixed site,given
C-00589,BCG,2025-10-15,1,BC2510B,Fixed site,given
C-00589,Penta-1,2026-02-05,1,PT2602A,Fixed site,given
C-00589,OPV-1,2026-02-05,1,OP2602A,Fixed site,given
C-00589,PCV-1,2026-02-05,1,PC2602A,Fixed site,given
C-00589,Rota-1,2026-02-05,1,RT2602A,Fixed site,given
C-00589,Penta-2,2026-03-05,2,PT2603A,Outreach,given
C-00589,OPV-2,2026-03-05,2,OP2603A,Outreach,given
C-00589,PCV-2,2026-03-05,2,PC2603A,Outreach,given
C-00589,Rota-2,2026-03-05,2,RT2603A,Outreach,given
C-00589,Penta-3,2026-04-02,3,PT2604A,Fixed site,given
C-00589,OPV-3,2026-04-02,3,OP2604A,Fixed site,given
C-00589,Measles-1,2026-09-24,1,MR2609C,Fixed site,given
C-00589,Yellow Fever,2026-09-24,1,YF2609C,Fixed site,given
C-00590,BCG,2026-06-20,1,BC2606C,Fixed site,given
C-00590,Penta-1,2026-07-07,1,PT2607A,Fixed site,given
C-00590,PCV-1,2026-07-07,1,PC2607A,Fixed site,given
C-00590,Rota-1,2026-07-07,1,RT2607A,Fixed site,given
C-00590,Penta-2,2026-08-04,2,PT2608A,Fixed site,given
C-00590,OPV-2,2026-08-04,2,OP2608A,Fixed site,given
C-00590,PCV-2,2026-08-04,2,PC2608A,Fixed site,given
C-00590,Rota-2,2026-08-04,2,RT2608A,Fixed site,given
C-00590,Penta-3,2026-09-01,3,PT2609A,Fixed site,given
C-00590,OPV-3,2026-09-01,3,OP2609A,Fixed site,given
C-00590,PCV-3,2026-09-01,3,PC2609A,Fixed site,given
C-00591,BCG,2026-04-01,1,BC2604A,Fixed site,given
C-00591,Penta-1,2026-07-23,1,PT2607C,Fixed site,given
C-00591,OPV-1,2026-07-23,1,OP2607C,Fixed site,given
C-00591,PCV-1,2026-07-23,1,PC2607C,Fixed site,given
C-00591,Rota-1,2026-07-23,1,RT2607C,Fixed site,given
C-00591,Penta-2,2026-08-20,2,PT2608C,Fixed site,given
C-00591,OPV-2,2026-08-20,2,OP2608C,Fixed site,given
C-00591,PCV-2,2026-08-20,2,PC2608C,Fixed site,given
C-00591,Rota-2,2026-08-20,2,RT2608C,Fixed site,given
C-00592,BCG,2026-01-05,1,BC2601A,Fixed site,given
C-00592,Penta-1,2026-01-09,1,PT2601B,Fixed site,given
C-00592,OPV-1,2026-01-09,1,OP2601B,Fixed site,given
C-00592,PCV-1,2026-01-09,1,PC2601B,Fixed site,given
C-00592,Rota-1,2026-01-09,1,RT2601B,Fixed site,given
C-00592,Penta-2,2026-07-07,2,PT2607A,Fixed site,given
C-00592,OPV-2,2026-07-07,2,OP2607A,Fixed site,given
C-00592,PCV-2,2026-07-07,2,PC2607A,Fixed site,given
C-00592,Rota-2,2026-07-07,2,RT2607A,Fixed site,given
C-00592,Penta-3,2026-08-04,3,PT2608A,Fixed site,given
C-00592,OPV-3,2026-08-04,3,OP2608A,Fixed site,given
C-00592,PCV-3,2026-08-04,3,PC2608A,Fixed site,given
C-00593,Penta-1,2025-11-18,1,PT2511C,Fixed site,given
C-00593,OPV-1,2025-11-18,1,OP2511C,Fixed site,given
C-00593,PCV-1,2025-11-18,1,PC2511C,Fixed site,given
C-00593,Rota-1,2025-11-18,1,RT2511C,Fixed site,given
C-00593,Penta-2,2025-12-16,2,PT2512B,Fixed site,given
C-00593,OPV-2,2025-12-16,2,OP2512B,Fixed site,given
C-00593,PCV-2,2025-12-16,2,PC2512B,Fixed site,given
C-00593,Rota-2,2025-12-16,2,RT2512B,Fixed site,given
C-00593,Penta-3,2026-01-22,3,PT2601C,Fixed site,given
C-00593,OPV-3,2026-01-22,3,OP2601C,Fixed site,given
C-00593,PCV-3,2026-01-22,3,PC2601C,Fixed site,given
C-00593,Measles-1,2026-08-31,1,MR2608D,Fixed site,given
C-00593,Yellow Fever,2026-08-31,1,YF2608D,Fixed site,given
C-00594,BCG,2024-12-22,1,BC2412C,Fixed site,given
C-00594,OPV-0,2024-12-22,0,OP2412C,Fixed site,given
C-00594,Penta-1,2025-03-23,1,PT2503C,Fixed site,given
C-00594,OPV-1,2025-03-23,1,OP2503C,Fixed site,given
C-00594,PCV-1,2025-03-23,1,PC2503C,Fixed site,given
C-00594,Rota-1,2025-03-23,1,RT2503C,Fixed site,given
C-00594,Penta-2,2025-04-20,2,PT2504C,Fixed site,given
C-00594,OPV-2,2025-04-20,2,OP2504C,Fixed site,given
C-00594,PCV-2,2025-04-20,2,PC2504C,Fixed site,given
C-00594,Penta-3,2025-06-01,3,PT2506A,Fixed site,given
C-00594,OPV-3,2025-06-01,3,OP2506A,Fixed site,given
C-00594,PCV-3,2025-06-01,3,PC2506A,Fixed site,given
C-00594,Measles-1,2025-09-22,1,MR2509C,Fixed site,given
C-00594,Yellow Fever,2025-09-22,1,YF2509C,Fixed site,given
C-00594,Measles-2,2026-09-24,2,MR2609C,Fixed site,given
C-00595,BCG,2025-06-07,1,BC2506A,Fixed site,given
C-00595,Penta-1,2025-09-07,1,PT2509A,Fixed site,given
C-00595,OPV-1,2025-09-07,1,OP2509A,Fixed site,given
C-00595,PCV-1,2025-09-07,1,PC2509A,Fixed site,given
C-00595,Rota-1,2025-09-07,1,RT2509A,Fixed site,given
C-00595,Penta-2,2025-11-16,2,PT2511B,Fixed site,given
C-00595,OPV-2,2025-11-16,2,OP2511B,Fixed site,given
C-00595,PCV-2,2025-11-16,2,PC2511B,Fixed site,given
C-00595,Rota-2,2025-11-16,2,RT2511B,Fixed site,given
C-00595,Penta-3,2026-04-21,3,PT2604C,Fixed site,given
C-00595,OPV-3,2026-04-21,3,OP2604C,Fixed site,given
C-00595,PCV-3,2026-04-21,3,PC2604C,Fixed site,given
C-00596,BCG,2024-12-02,1,BC2412A,Fixed site,given
C-00596,OPV-0,2024-12-02,0,OP2412A,Fixed site,given
C-00596,Penta-1,2025-04-08,1,PT2504A,Fixed site,given
C-00596,PCV-1,2025-04-08,1,PC2504A,Fixed site,given
C-00596,Rota-1,2025-04-08,1,RT2504A,Fixed site,given
C-00596,Penta-2,2025-05-06,2,PT2505A,Fixed site,given
C-00596,OPV-2,2025-05-06,2,OP2505A,Fixed site,given
C-00596,PCV-2,2025-05-06,2,PC2505A,Fixed site,given
C-00596,Rota-2,2025-05-06,2,RT2505A,Fixed site,given
C-00596,Penta-3,2025-07-21,3,PT2507C,Fixed site,given
C-00596,PCV-3,2025-07-21,3,PC2507C,Fixed site,given
C-00597,BCG,2025-01-26,1,BC2501D,Fixed site,given
C-00597,OPV-0,2025-01-26,0,OP2501D,Fixed site,given
C-00597,Penta-1,2025-03-21,1,PT2503C,Fixed site,given
C-00597,OPV-1,2025-03-21,1,OP2503C,Fixed site,given
C-00597,PCV-1,2025-03-21,1,PC2503C,Fixed site,given
C-00597,Rota-1,2025-03-21,1,RT2503C,Fixed site,given
C-00597,Penta-2,2025-05-03,2,PT2505A,Fixed site,given
C-00597,OPV-2,2025-05-03,2,OP2505A,Fixed site,given
C-00597,PCV-2,2025-05-03,2,PC2505A,Fixed site,given
C-00597,Rota-2,2025-05-03,2,RT2505A,Fixed site,given
C-00597,Penta-3,2025-05-31,3,PT2505D,Fixed site,given
C-00597,OPV-3,2025-05-31,3,OP2505D,Fixed site,given
C-00597,PCV-3,2025-05-31,3,PC2505D,Fixed site,given
C-00598,BCG,2026-05-26,1,BC2605D,Outreach,given
C-00598,OPV-0,2026-05-26,0,OP2605D,Outreach,given
C-00598,Penta-1,2026-06-29,1,PT2606D,Fixed site,given
C-00598,Penta-2,2026-07-27,2,PT2607D,Fixed site,given
C-00598,OPV-2,2026-07-27,2,OP2607D,Fixed site,given
C-00598,PCV-2,2026-07-27,2,PC2607D,Fixed site,given
C-00598,Rota-2,2026-07-27,2,RT2607D,Fixed site,given
C-00598,Rota-1,2026-08-30,1,RT2608D,Fixed site,given
C-00598,Penta-3,2026-09-24,3,PT2609C,Fixed site,given
C-00598,OPV-3,2026-09-24,3,OP2609C,Fixed site,given
C-00598,PCV-3,2026-09-24,3,PC2609C,Fixed site,given
C-00599,Penta-1,2025-11-14,1,PT2511B,Fixed site,given
C-00599,OPV-1,2025-11-14,1,OP2511B,Fixed site,given
C-00599,PCV-1,2025-11-14,1,PC2511B,Fixed site,given
C-00599,Rota-1,2025-11-14,1,RT2511B,Fixed site,given
C-00599,Penta-2,2026-01-28,2,PT2601D,Fixed site,given
C-00599,OPV-2,2026-01-28,2,OP2601D,Fixed site,given
C-00599,PCV-2,2026-01-28,2,PC2601D,Fixed site,given
C-00599,Rota-2,2026-01-28,2,RT2601D,Fixed site,given
C-00599,Penta-3,2026-04-05,3,PT2604A,Fixed site,given
C-00599,OPV-3,2026-04-05,3,OP2604A,Fixed site,given
C-00599,PCV-3,2026-04-05,3,PC2604A,Fixed site,given
C-00599,Measles-1,2026-07-11,1,MR2607B,Fixed site,given
C-00600,BCG,2025-06-11,1,BC2506B,Fixed site,given
C-00600,Penta-1,2025-06-30,1,PT2506D,Fixed site,given
C-00600,OPV-1,2025-06-30,1,OP2506D,Fixed site,given
C-00600,PCV-1,2025-06-30,1,PC2506D,Fixed site,given
C-00600,Rota-1,2025-06-30,1,RT2506D,Fixed site,given
C-00600,Penta-2,2025-07-28,2,PT2507D,Fixed site,given
C-00600,OPV-2,2025-07-28,2,OP2507D,Fixed site,given
C-00600,PCV-2,2025-07-28,2,PC2507D,Fixed site,given
C-00600,Penta-3,2025-08-25,3,PT2508D,Fixed site,given
C-00600,OPV-3,2025-08-25,3,OP2508D,Fixed site,given
C-00600,PCV-3,2025-08-25,3,PC2508D,Fixed site,given
C-00600,Measles-1,2026-02-07,1,MR2602A,Fixed site,given
C-00600,Yellow Fever,2026-02-07,1,YF2602A,Fixed site,given
C-00601,Penta-1,2025-11-23,1,PT2511C,Fixed site,given
C-00601,OPV-1,2025-11-23,1,OP2511C,Fixed site,given
C-00601,PCV-1,2025-11-23,1,PC2511C,Fixed site,given
C-00601,Rota-1,2025-11-23,1,RT2511C,Fixed site,given
C-00601,Penta-2,2026-04-13,2,PT2604B,Fixed site,given
C-00601,OPV-2,2026-04-13,2,OP2604B,Fixed site,given
C-00601,PCV-2,2026-04-13,2,PC2604B,Fixed site,given
C-00601,Rota-2,2026-04-13,2,RT2604B,Fixed site,given
C-00601,Penta-3,2026-05-11,3,PT2605B,Fixed site,given
C-00601,OPV-3,2026-05-11,3,OP2605B,Fixed site,given
C-00601,PCV-3,2026-05-11,3,PC2605B,Fixed site,given
C-00601,Measles-1,2026-07-28,1,MR2607D,Fixed site,given
C-00602,BCG,2026-04-12,1,BC2604B,Fixed site,given
C-00602,OPV-0,2026-04-12,0,OP2604B,Fixed site,given
C-00602,Penta-1,2026-05-20,1,PT2605C,Fixed site,given
C-00602,OPV-1,2026-05-20,1,OP2605C,Fixed site,given
C-00602,PCV-1,2026-05-20,1,PC2605C,Fixed site,given
C-00602,Rota-1,2026-05-20,1,RT2605C,Fixed site,given
C-00602,Penta-2,2026-06-17,2,PT2606C,Fixed site,given
C-00602,OPV-2,2026-06-17,2,OP2606C,Fixed site,given
C-00602,PCV-2,2026-06-17,2,PC2606C,Fixed site,given
C-00602,Rota-2,2026-06-17,2,RT2606C,Fixed site,given
C-00602,Penta-3,2026-07-15,3,PT2607B,Fixed site,given
C-00602,OPV-3,2026-07-15,3,OP2607B,Fixed site,given
C-00602,PCV-3,2026-07-15,3,PC2607B,Fixed site,given
C-00603,Penta-1,2026-07-08,1,PT2607A,Fixed site,given
C-00603,OPV-1,2026-07-08,1,OP2607A,Fixed site,given
C-00603,PCV-1,2026-07-08,1,PC2607A,Fixed site,given
C-00603,Rota-1,2026-07-08,1,RT2607A,Fixed site,given
C-00603,Penta-2,2026-08-05,2,PT2608A,Fixed site,given
C-00603,OPV-2,2026-08-05,2,OP2608A,Fixed site,given
C-00603,PCV-2,2026-08-05,2,PC2608A,Fixed site,given
C-00603,Rota-2,2026-08-05,2,RT2608A,Fixed site,given
C-00603,Penta-3,2026-09-02,3,PT2609A,Fixed site,given
C-00603,PCV-3,2026-09-02,3,PC2609A,Fixed site,given
C-00603,BCG,2026-09-22,1,BC2609C,Fixed site,given
C-00604,BCG,2026-05-14,1,BC2605B,Fixed site,given
C-00604,OPV-0,2026-05-14,0,OP2605B,Fixed site,given
C-00604,Penta-1,2026-06-16,1,PT2606B,Fixed site,given
C-00604,Penta-2,2026-07-14,2,PT2607B,Outreach,given
C-00604,PCV-2,2026-07-14,2,PC2607B,Outreach,given
C-00604,Rota-2,2026-07-14,2,RT2607B,Outreach,given
C-00604,OPV-1,2026-09-24,1,OP2609C,Fixed site,given
C-00604,PCV-1,2026-09-24,1,PC2609C,Fixed site,given
C-00604,Rota-1,2026-09-24,1,RT2609C,Fixed site,given
C-00604,Penta-3,2026-09-24,3,PT2609C,Fixed site,given
C-00604,OPV-3,2026-09-24,3,OP2609C,Fixed site,given
C-00604,PCV-3,2026-09-24,3,PC2609C,Fixed site,given
C-00605,BCG,2024-03-09,1,BC2403B,Fixed site,given
C-00605,OPV-0,2024-03-09,0,OP2403B,Fixed site,given
C-00605,Penta-1,2024-06-08,1,PT2406A,Fixed site,given
C-00605,OPV-1,2024-06-08,1,OP2406A,Fixed site,given
C-00605,PCV-1,2024-06-08,1,PC2406A,Fixed site,given
C-00605,Rota-1,2024-06-08,1,RT2406A,Fixed site,given
C-00605,Penta-2,2024-07-06,2,PT2407A,Fixed site,given
C-00605,OPV-2,2024-07-06,2,OP2407A,Fixed site,given
C-00605,Rota-2,2024-07-06,2,RT2407A,Fixed site,given
C-00605,Penta-3,2024-10-03,3,PT2410A,Fixed site,given
C-00605,OPV-3,2024-10-03,3,OP2410A,Fixed site,given
C-00605,PCV-3,2024-10-03,3,PC2410A,Fixed site,given
C-00605,Measles-1,2025-03-04,1,MR2503A,Fixed site,given
C-00605,Yellow Fever,2025-03-04,1,YF2503A,Fixed site,given
C-00605,Measles-2,2025-09-03,2,MR2509A,Outreach,given
C-00606,Penta-1,2026-07-07,1,PT2607A,Fixed site,given
C-00606,OPV-1,2026-07-07,1,OP2607A,Fixed site,given
C-00606,PCV-1,2026-07-07,1,PC2607A,Fixed site,given
C-00606,Rota-1,2026-07-07,1,RT2607A,Fixed site,given
C-00606,Penta-2,2026-08-04,2,PT2608A,Fixed site,given
C-00606,OPV-2,2026-08-04,2,OP2608A,Fixed site,given
C-00606,PCV-2,2026-08-04,2,PC2608A,Fixed site,given
C-00606,Rota-2,2026-08-04,2,RT2608A,Fixed site,given
C-00606,BCG,2026-09-24,1,BC2609C,Fixed site,given
C-00606,Penta-3,2026-09-24,3,PT2609C,Fixed site,given
C-00606,OPV-3,2026-09-24,3,OP2609C,Fixed site,given
C-00606,PCV-3,2026-09-24,3,PC2609C,Fixed site,given
C-00607,BCG,2026-06-06,1,BC2606A,Fixed site,given
C-00607,OPV-0,2026-06-06,0,OP2606A,Fixed site,given
C-00607,Penta-1,2026-08-14,1,PT2608B,Fixed site,given
C-00607,OPV-1,2026-08-14,1,OP2608B,Fixed site,given
C-00607,PCV-1,2026-08-14,1,PC2608B,Fixed site,given
C-00607,Rota-1,2026-08-14,1,RT2608B,Fixed site,given
C-00607,Penta-2,2026-09-24,2,PT2609C,Fixed site,given
C-00607,OPV-2,2026-09-24,2,OP2609C,Fixed site,given
C-00607,PCV-2,2026-09-24,2,PC2609C,Fixed site,given
C-00607,Rota-2,2026-09-24,2,RT2609C,Fixed site,given
C-00608,BCG,2025-10-30,1,BC2510D,Fixed site,given
C-00608,OPV-0,2025-10-30,0,OP2510D,Fixed site,given
C-00608,Penta-1,2025-12-11,1,PT2512B,Fixed site,given
C-00608,OPV-1,2025-12-11,1,OP2512B,Fixed site,given
C-00608,PCV-1,2025-12-11,1,PC2512B,Fixed site,given
C-00608,Rota-1,2025-12-11,1,RT2512B,Fixed site,given
C-00608,Penta-2,2026-01-08,2,PT2601A,Fixed site,given
C-00608,OPV-2,2026-01-08,2,OP2601A,Fixed site,given
C-00608,PCV-2,2026-01-08,2,PC2601A,Fixed site,given
C-00608,Rota-2,2026-01-08,2,RT2601A,Fixed site,given
C-00608,OPV-3,2026-09-24,3,OP2609C,Fixed site,given
C-00608,Measles-1,2026-09-24,1,MR2609C,Fixed site,given
C-00608,Yellow Fever,2026-09-24,1,YF2609C,Fixed site,given
C-00609,BCG,2026-02-12,1,BC2602B,Fixed site,given
C-00609,OPV-0,2026-02-12,0,OP2602B,Fixed site,given
C-00609,Penta-1,2026-04-02,1,PT2604A,Fixed site,given
C-00609,PCV-1,2026-04-02,1,PC2604A,Fixed site,given
C-00609,Rota-1,2026-04-02,1,RT2604A,Fixed site,given
C-00610,BCG,2025-04-01,1,BC2504A,Fixed site,given
C-00610,OPV-0,2025-04-01,0,OP2504A,Fixed site,given
C-00610,Penta-1,2025-05-18,1,PT2505C,Fixed site,given
C-00610,OPV-1,2025-05-18,1,OP2505C,Fixed site,given
C-00610,PCV-1,2025-05-18,1,PC2505C,Fixed site,given
C-00610,Rota-1,2025-05-18,1,RT2505C,Fixed site,given
C-00610,Penta-2,2025-07-02,2,PT2507A,Outreach,given
C-00610,OPV-2,2025-07-02,2,OP2507A,Outreach,given
C-00610,PCV-2,2025-07-02,2,PC2507A,Outreach,given
C-00610,Rota-2,2025-07-02,2,RT2507A,Outreach,given
C-00610,Penta-3,2025-10-21,3,PT2510C,Fixed site,given
C-00610,OPV-3,2025-10-21,3,OP2510C,Fixed site,given
C-00610,PCV-3,2025-10-21,3,PC2510C,Fixed site,given
C-00610,Measles-1,2026-08-18,1,MR2608C,Fixed site,given
C-00610,Yellow Fever,2026-08-18,1,YF2608C,Fixed site,given
C-00610,Measles-2,2026-09-24,2,MR2609C,Fixed site,given
C-00611,BCG,2026-07-15,1,BC2607B,Fixed site,given
C-00611,Penta-1,2026-07-17,1,PT2607C,Fixed site,given
C-00611,OPV-1,2026-07-17,1,OP2607C,Fixed site,given
C-00611,PCV-1,2026-07-17,1,PC2607C,Fixed site,given
C-00611,Penta-2,2026-08-14,2,PT2608B,Fixed site,given
C-00611,OPV-2,2026-08-14,2,OP2608B,Fixed site,given
C-00611,PCV-2,2026-08-14,2,PC2608B,Fixed site,given
C-00611,Rota-2,2026-08-14,2,RT2608B,Fixed site,given
C-00611,Penta-3,2026-09-11,3,PT2609B,Fixed site,given
C-00611,OPV-3,2026-09-11,3,OP2609B,Fixed site,given
C-00611,PCV-3,2026-09-11,3,PC2609B,Fixed site,given
C-00612,BCG,2025-10-10,1,BC2510B,Fixed site,given
C-00612,OPV-0,2025-10-10,0,OP2510B,Fixed site,given
C-00612,Penta-1,2025-11-26,1,PT2511D,Fixed site,given
C-00612,OPV-1,2025-11-26,1,OP2511D,Fixed site,given
C-00612,PCV-1,2025-11-26,1,PC2511D,Fixed site,given
C-00612,Rota-1,2025-11-26,1,RT2511D,Fixed site,given
C-00612,Penta-2,2026-03-21,2,PT2603C,Fixed site,given
C-00612,OPV-2,2026-03-21,2,OP2603C,Fixed site,given
C-00612,PCV-2,2026-03-21,2,PC2603C,Fixed site,given
C-00612,Rota-2,2026-03-21,2,RT2603C,Fixed site,given
C-00612,Penta-3,2026-04-18,3,PT2604C,Fixed site,given
C-00612,PCV-3,2026-04-18,3,PC2604C,Fixed site,given
C-00613,BCG,2025-12-05,1,BC2512A,Fixed site,given
C-00613,Penta-1,2026-04-05,1,PT2604A,Fixed site,given
C-00613,OPV-1,2026-04-05,1,OP2604A,Fixed site,given
C-00613,Rota-1,2026-04-05,1,RT2604A,Fixed site,given
C-00613,Penta-2,2026-05-03,2,PT2605A,Fixed site,given
C-00613,OPV-2,2026-05-03,2,OP2605A,Fixed site,given
C-00613,PCV-2,2026-05-03,2,PC2605A,Fixed site,given
C-00613,Penta-3,2026-05-31,3,PT2605D,Fixed site,given
C-00613,OPV-3,2026-05-31,3,OP2605D,Fixed site,given
C-00613,PCV-3,2026-05-31,3,PC2605D,Fixed site,given
C-00614,Penta-1,2026-05-20,1,PT2605C,Fixed site,given
C-00614,OPV-1,2026-05-20,1,OP2605C,Fixed site,given
C-00614,PCV-1,2026-05-20,1,PC2605C,Fixed site,given
C-00614,Rota-1,2026-05-20,1,RT2605C,Fixed site,given
C-00614,BCG,2026-06-06,1,BC2606A,Fixed site,given
C-00614,Penta-2,2026-06-17,2,PT2606C,Fixed site,given
C-00614,OPV-2,2026-06-17,2,OP2606C,Fixed site,given
C-00614,PCV-2,2026-06-17,2,PC2606C,Fixed site,given
C-00614,Rota-2,2026-06-17,2,RT2606C,Fixed site,given
C-00614,Penta-3,2026-07-15,3,PT2607B,Fixed site,given
C-00614,OPV-3,2026-07-15,3,OP2607B,Fixed site,given
C-00614,PCV-3,2026-07-15,3,PC2607B,Fixed site,given
C-00615,BCG,2025-08-26,1,BC2508D,Fixed site,given
C-00615,Penta-1,2025-10-14,1,PT2510B,Fixed site,given
C-00615,OPV-1,2025-10-14,1,OP2510B,Fixed site,given
C-00615,PCV-1,2025-10-14,1,PC2510B,Fixed site,given
C-00615,Rota-1,2025-10-14,1,RT2510B,Fixed site,given
C-00615,Penta-2,2026-01-23,2,PT2601C,Fixed site,given
C-00615,OPV-2,2026-01-23,2,OP2601C,Fixed site,given
C-00615,PCV-2,2026-01-23,2,PC2601C,Fixed site,given
C-00615,Rota-2,2026-01-23,2,RT2601C,Fixed site,given
C-00615,Penta-3,2026-02-20,3,PT2602C,Fixed site,given
C-00615,OPV-3,2026-02-20,3,OP2602C,Fixed site,given
C-00615,PCV-3,2026-02-20,3,PC2602C,Fixed site,given
C-00615,Measles-1,2026-07-21,1,MR2607C,Fixed site,given
C-00616,BCG,2026-03-23,1,BC2603C,Fixed site,given
C-00616,OPV-0,2026-03-23,0,OP2603C,Fixed site,given
C-00616,Penta-1,2026-07-18,1,PT2607C,Fixed site,given
C-00616,OPV-1,2026-07-18,1,OP2607C,Fixed site,given
C-00616,PCV-1,2026-07-18,1,PC2607C,Fixed site,given
C-00616,Rota-1,2026-07-18,1,RT2607C,Fixed site,given
C-00616,Penta-2,2026-08-15,2,PT2608B,Fixed site,given
C-00616,OPV-2,2026-08-15,2,OP2608B,Fixed site,given
C-00616,PCV-2,2026-08-15,2,PC2608B,Fixed site,given
C-00616,Rota-2,2026-08-15,2,RT2608B,Fixed site,given
C-00616,Penta-3,2026-09-24,3,PT2609C,Fixed site,given
C-00616,OPV-3,2026-09-24,3,OP2609C,Fixed site,given
C-00616,PCV-3,2026-09-24,3,PC2609C,Fixed site,given
C-00617,BCG,2026-02-03,1,BC2602A,Fixed site,given
C-00617,Penta-1,2026-03-12,1,PT2603B,Outreach,given
C-00617,PCV-1,2026-03-12,1,PC2603B,Outreach,given
C-00617,Rota-1,2026-03-12,1,RT2603B,Outreach,given
C-00617,Penta-2,2026-04-14,2,PT2604B,Fixed site,given
C-00617,OPV-2,2026-04-14,2,OP2604B,Fixed site,given
C-00617,PCV-2,2026-04-14,2,PC2604B,Fixed site,given
C-00617,Rota-2,2026-04-14,2,RT2604B,Fixed site,given
C-00617,Penta-3,2026-08-10,3,PT2608B,Fixed site,given
C-00617,OPV-3,2026-08-10,3,OP2608B,Fixed site,given
C-00617,PCV-3,2026-08-10,3,PC2608B,Fixed site,given
C-00618,BCG,2026-01-18,1,BC2601C,Fixed site,given
C-00618,Penta-1,2026-02-09,1,PT2602B,Fixed site,given
C-00618,OPV-1,2026-02-09,1,OP2602B,Fixed site,given
C-00618,PCV-1,2026-02-09,1,PC2602B,Fixed site,given
C-00618,Rota-1,2026-02-09,1,RT2602B,Fixed site,given
C-00618,Penta-2,2026-08-10,2,PT2608B,Fixed site,given
C-00618,OPV-2,2026-08-10,2,OP2608B,Fixed site,given
C-00618,PCV-2,2026-08-10,2,PC2608B,Fixed site,given
C-00618,Rota-2,2026-08-10,2,RT2608B,Fixed site,given
C-00618,Penta-3,2026-09-07,3,PT2609A,Fixed site,given
C-00618,OPV-3,2026-09-07,3,OP2609A,Fixed site,given
C-00618,PCV-3,2026-09-07,3,PC2609A,Fixed site,given
C-00618,Measles-1,2026-09-11,1,MR2609B,Fixed site,given
C-00618,Yellow Fever,2026-09-11,1,YF2609B,Fixed site,given
C-00619,Penta-1,2026-05-09,1,PT2605B,Fixed site,given
C-00619,OPV-1,2026-05-09,1,OP2605B,Fixed site,given
C-00619,PCV-1,2026-05-09,1,PC2605B,Fixed site,given
C-00619,Rota-1,2026-05-09,1,RT2605B,Fixed site,given
C-00619,Penta-2,2026-06-06,2,PT2606A,Fixed site,given
C-00619,OPV-2,2026-06-06,2,OP2606A,Fixed site,given
C-00619,PCV-2,2026-06-06,2,PC2606A,Fixed site,given
C-00619,Penta-3,2026-07-04,3,PT2607A,Fixed site,given
C-00619,OPV-3,2026-07-04,3,OP2607A,Fixed site,given
C-00619,PCV-3,2026-07-04,3,PC2607A,Fixed site,given
C-00619,Measles-1,2026-09-24,1,MR2609C,Fixed site,given
C-00620,Penta-1,2026-07-03,1,PT2607A,Fixed site,given
C-00620,OPV-1,2026-07-03,1,OP2607A,Fixed site,given
C-00620,PCV-1,2026-07-03,1,PC2607A,Fixed site,given
C-00620,Rota-1,2026-07-03,1,RT2607A,Fixed site,given
C-00620,Penta-2,2026-08-10,2,PT2608B,Fixed site,given
C-00620,OPV-2,2026-08-10,2,OP2608B,Fixed site,given
C-00620,PCV-2,2026-08-10,2,PC2608B,Fixed site,given
C-00620,Rota-2,2026-08-10,2,RT2608B,Fixed site,given
C-00620,BCG,2026-08-13,1,BC2608B,Fixed site,given
C-00620,Penta-3,2026-09-24,3,PT2609C,Fixed site,given
C-00620,OPV-3,2026-09-24,3,OP2609C,Fixed site,given
C-00620,PCV-3,2026-09-24,3,PC2609C,Fixed site,given
C-00621,BCG,2026-05-30,1,BC2605D,Fixed site,given
C-00621,Penta-1,2026-07-29,1,PT2607D,Fixed site,given
C-00621,OPV-1,2026-07-29,1,OP2607D,Fixed site,given
C-00621,Rota-1,2026-07-29,1,RT2607D,Fixed site,given
C-00621,Penta-2,2026-08-26,2,PT2608D,Fixed site,given
C-00621,OPV-2,2026-08-26,2,OP2608D,Fixed site,given
C-00621,PCV-2,2026-08-26,2,PC2608D,Fixed site,given
C-00621,Penta-3,2026-09-24,3,PT2609C,Outreach,given
C-00621,OPV-3,2026-09-24,3,OP2609C,Outreach,given
C-00621,PCV-3,2026-09-24,3,PC2609C,Outreach,given
C-00622,BCG,2026-06-09,1,BC2606B,Fixed site,given
C-00622,Penta-1,2026-07-06,1,PT2607A,Fixed site,given
C-00622,Penta-2,2026-08-03,2,PT2608A,Outreach,given
C-00622,OPV-2,2026-08-03,2,OP2608A,Outreach,given
C-00622,PCV-2,2026-08-03,2,PC2608A,Outreach,given
C-00622,Rota-2,2026-08-03,2,RT2608A,Outreach,given
C-00622,OPV-1,2026-09-24,1,OP2609C,Fixed site,given
C-00622,PCV-1,2026-09-24,1,PC2609C,Fixed site,given
C-00622,Rota-1,2026-09-24,1,RT2609C,Fixed site,given
C-00622,Penta-3,2026-09-24,3,PT2609C,Fixed site,given
C-00622,OPV-3,2026-09-24,3,OP2609C,Fixed site,given
C-00624,BCG,2026-06-07,1,BC2606A,Fixed site,given
C-00624,OPV-0,2026-06-07,0,OP2606A,Fixed site,given
C-00624,Penta-1,2026-07-15,1,PT2607B,Outreach,given
C-00624,OPV-1,2026-07-15,1,OP2607B,Outreach,given
C-00624,PCV-1,2026-07-15,1,PC2607B,Outreach,given
C-00624,Rota-1,2026-07-15,1,RT2607B,Outreach,given
C-00624,Penta-2,2026-08-12,2,PT2608B,Fixed site,given
C-00624,OPV-2,2026-08-12,2,OP2608B,Fixed site,given
C-00624,PCV-2,2026-08-12,2,PC2608B,Fixed site,given
C-00624,Rota-2,2026-08-12,2,RT2608B,Fixed site,given
C-00624,Penta-3,2026-09-09,3,PT2609B,Fixed site,given
C-00624,OPV-3,2026-09-09,3,OP2609B,Fixed site,given
C-00624,PCV-3,2026-09-09,3,PC2609B,Fixed site,given
C-00625,BCG,2025-02-24,1,BC2502C,Fixed site,given
C-00625,Penta-1,2025-04-09,1,PT2504B,Fixed site,given
C-00625,OPV-1,2025-04-09,1,OP2504B,Fixed site,given
C-00625,PCV-1,2025-04-09,1,PC2504B,Fixed site,given
C-00625,Rota-1,2025-04-09,1,RT2504B,Fixed site,given
C-00625,Penta-2,2025-05-23,2,PT2505C,Fixed site,given
C-00625,OPV-2,2025-05-23,2,OP2505C,Fixed site,given
C-00625,PCV-2,2025-05-23,2,PC2505C,Fixed site,given
C-00625,Rota-2,2025-05-23,2,RT2505C,Fixed site,given
C-00625,Penta-3,2025-09-09,3,PT2509B,Fixed site,given
C-00625,OPV-3,2025-09-09,3,OP2509B,Fixed site,given
C-00625,PCV-3,2025-09-09,3,PC2509B,Fixed site,given
C-00625,Measles-1,2026-03-04,1,MR2603A,Fixed site,given
C-00625,Yellow Fever,2026-03-04,1,YF2603A,Fixed site,given
C-00626,BCG,2026-06-18,1,BC2606C,Fixed site,given
C-00626,Penta-1,2026-07-11,1,PT2607B,Fixed site,given
C-00626,OPV-1,2026-07-11,1,OP2607B,Fixed site,given
C-00626,PCV-1,2026-07-11,1,PC2607B,Fixed site,given
C-00626,Rota-1,2026-07-11,1,RT2607B,Fixed site,given
C-00626,Penta-2,2026-08-08,2,PT2608A,Fixed site,given
C-00626,OPV-2,2026-08-08,2,OP2608A,Fixed site,given
C-00626,PCV-2,2026-08-08,2,PC2608A,Fixed site,given
C-00626,Penta-3,2026-09-05,3,PT2609A,Fixed site,given
C-00626,OPV-3,2026-09-05,3,OP2609A,Fixed site,given
C-00626,PCV-3,2026-09-05,3,PC2609A,Fixed site,given
C-00627,BCG,2026-05-01,1,BC2605A,Fixed site,given
C-00627,OPV-0,2026-05-01,0,OP2605A,Fixed site,given
C-00627,Penta-1,2026-07-07,1,PT2607A,Fixed site,given
C-00627,OPV-1,2026-07-07,1,OP2607A,Fixed site,given
C-00627,PCV-1,2026-07-07,1,PC2607A,Fixed site,given
C-00627,Rota-1,2026-07-07,1,RT2607A,Fixed site,given
C-00627,Penta-2,2026-08-13,2,PT2608B,Fixed site,given
C-00627,OPV-2,2026-08-13,2,OP2608B,Fixed site,given
C-00627,PCV-2,2026-08-13,2,PC2608B,Fixed site,given
C-00627,Rota-2,2026-08-13,2,RT2608B,Fixed site,given
C-00627,Penta-3,2026-09-10,3,PT2609B,Fixed site,given
C-00627,OPV-3,2026-09-10,3,OP2609B,Fixed site,given
C-00627,PCV-3,2026-09-10,3,PC2609B,Fixed site,given
C-00628,BCG,2025-10-26,1,BC2510D,Fixed site,given
C-00628,Penta-1,2025-11-30,1,PT2511D,Fixed site,given
C-00628,OPV-1,2025-11-30,1,OP2511D,Fixed site,given
C-00628,PCV-1,2025-11-30,1,PC2511D,Fixed site,given
C-00628,Rota-1,2025-11-30,1,RT2511D,Fixed site,given
C-00628,Penta-2,2025-12-28,2,PT2512D,Fixed site,given
C-00628,OPV-2,2025-12-28,2,OP2512D,Fixed site,given
C-00628,PCV-2,2025-12-28,2,PC2512D,Fixed site,given
C-00628,Rota-2,2025-12-28,2,RT2512D,Fixed site,given
C-00628,Measles-1,2026-08-24,1,MR2608C,Fixed site,given
C-00628,Yellow Fever,2026-08-24,1,YF2608C,Fixed site,given
C-00628,Penta-3,2026-09-04,3,PT2609A,Fixed site,given
C-00628,OPV-3,2026-09-04,3,OP2609A,Fixed site,given
C-00628,PCV-3,2026-09-04,3,PC2609A,Fixed site,given
C-00629,BCG,2025-05-16,1,BC2505B,Fixed site,given
C-00629,Penta-1,2025-12-03,1,PT2512A,Fixed site,given
C-00629,OPV-1,2025-12-03,1,OP2512A,Fixed site,given
C-00629,PCV-1,2025-12-03,1,PC2512A,Fixed site,given
C-00629,Rota-1,2025-12-03,1,RT2512A,Fixed site,given
C-00629,Penta-2,2026-01-30,2,PT2601D,Fixed site,given
C-00629,OPV-2,2026-01-30,2,OP2601D,Fixed site,given
C-00629,PCV-2,2026-01-30,2,PC2601D,Fixed site,given
C-00629,Rota-2,2026-01-30,2,RT2601D,Fixed site,given
C-00629,Penta-3,2026-02-27,3,PT2602D,Fixed site,given
C-00629,OPV-3,2026-02-27,3,OP2602D,Fixed site,given
C-00629,PCV-3,2026-02-27,3,PC2602D,Fixed site,given
C-00630,BCG,2025-11-01,1,BC2511A,Fixed site,given
C-00630,OPV-0,2025-11-01,0,OP2511A,Fixed site,given
C-00630,Penta-1,2026-05-15,1,PT2605B,Fixed site,given
C-00630,OPV-1,2026-05-15,1,OP2605B,Fixed site,given
C-00630,PCV-1,2026-05-15,1,PC2605B,Fixed site,given
C-00630,Rota-1,2026-05-15,1,RT2605B,Fixed site,given
C-00630,Penta-2,2026-06-12,2,PT2606B,Fixed site,given
C-00630,OPV-2,2026-06-12,2,OP2606B,Fixed site,given
C-00630,Rota-2,2026-06-12,2,RT2606B,Fixed site,given
C-00630,Penta-3,2026-07-10,3,PT2607B,Fixed site,given
C-00630,OPV-3,2026-07-10,3,OP2607B,Fixed site,given
C-00630,PCV-3,2026-07-10,3,PC2607B,Fixed site,given
C-00630,Measles-1,2026-08-14,1,MR2608B,Fixed site,given
C-00630,Yellow Fever,2026-08-14,1,YF2608B,Fixed site,given
C-00631,BCG,2026-07-29,1,BC2607D,Fixed site,given
C-00631,Penta-1,2026-08-03,1,PT2608A,Fixed site,given
C-00631,Penta-2,2026-08-31,2,PT2608D,Fixed site,given
C-00631,OPV-2,2026-08-31,2,OP2608D,Fixed site,given
C-00631,PCV-2,2026-08-31,2,PC2608D,Fixed site,given
C-00631,Rota-2,2026-08-31,2,RT2608D,Fixed site,given
C-00631,OPV-1,2026-09-24,1,OP2609C,Fixed site,given
C-00631,PCV-1,2026-09-24,1,PC2609C,Fixed site,given
C-00631,Rota-1,2026-09-24,1,RT2609C,Fixed site,given
C-00632,BCG,2026-06-07,1,BC2606A,Fixed site,given
C-00632,Penta-1,2026-06-18,1,PT2606C,Fixed site,given
C-00632,PCV-1,2026-06-18,1,PC2606C,Fixed site,given
C-00632,Rota-1,2026-06-18,1,RT2606C,Fixed site,given
C-00632,Penta-2,2026-07-16,2,PT2607B,Fixed site,given
C-00632,OPV-2,2026-07-16,2,OP2607B,Fixed site,given
C-00632,PCV-2,2026-07-16,2,PC2607B,Fixed site,given
C-00632,Rota-2,2026-07-16,2,RT2607B,Fixed site,given
C-00632,Penta-3,2026-08-13,3,PT2608B,Fixed site,given
C-00632,OPV-3,2026-08-13,3,OP2608B,Fixed site,given
C-00632,PCV-3,2026-08-13,3,PC2608B,Fixed site,given
C-00633,BCG,2026-01-26,1,BC2601D,Fixed site,given
C-00633,OPV-3,2026-02-27,3,OP2602D,Fixed site,given
C-00633,Penta-1,2026-05-08,1,PT2605A,Fixed site,given
C-00633,Rota-1,2026-05-08,1,RT2605A,Fixed site,given
C-00633,Penta-2,2026-06-05,2,PT2606A,Fixed site,given
C-00633,OPV-2,2026-06-05,2,OP2606A,Fixed site,given
C-00633,PCV-2,2026-06-05,2,PC2606A,Fixed site,given
C-00633,Rota-2,2026-06-05,2,RT2606A,Fixed site,given
C-00633,Measles-1,2026-08-25,1,MR2608D,Fixed site,given
C-00633,Yellow Fever,2026-08-25,1,YF2608D,Fixed site,given
C-00634,Penta-1,2026-06-09,1,PT2606B,Fixed site,given
C-00634,PCV-1,2026-06-09,1,PC2606B,Fixed site,given
C-00634,Rota-1,2026-06-09,1,RT2606B,Fixed site,given
C-00634,BCG,2026-06-15,1,BC2606B,Fixed site,given
C-00634,Penta-2,2026-07-07,2,PT2607A,Fixed site,given
C-00634,OPV-2,2026-07-07,2,OP2607A,Fixed site,given
C-00634,PCV-2,2026-07-07,2,PC2607A,Fixed site,given
C-00634,Rota-2,2026-07-07,2,RT2607A,Fixed site,given
C-00634,Penta-3,2026-09-01,3,PT2609A,Fixed site,given
C-00634,OPV-3,2026-09-01,3,OP2609A,Fixed site,given
C-00634,PCV-3,2026-09-01,3,PC2609A,Fixed site,given
C-00635,BCG,2025-09-29,1,BC2509D,Fixed site,given
C-00635,OPV-0,2025-09-29,0,OP2509D,Fixed site,given
C-00635,Penta-1,2025-12-18,1,PT2512C,Fixed site,given
C-00635,OPV-1,2025-12-18,1,OP2512C,Fixed site,given
C-00635,PCV-1,2025-12-18,1,PC2512C,Fixed site,given
C-00635,Rota-1,2025-12-18,1,RT2512C,Fixed site,given
C-00635,Penta-2,2026-01-26,2,PT2601D,Fixed site,given
C-00635,OPV-2,2026-01-26,2,OP2601D,Fixed site,given
C-00635,PCV-2,2026-01-26,2,PC2601D,Fixed site,given
C-00635,Rota-2,2026-01-26,2,RT2601D,Fixed site,given
C-00635,Penta-3,2026-02-23,3,PT2602C,Fixed site,given
C-00635,OPV-3,2026-02-23,3,OP2602C,Fixed site,given
C-00635,PCV-3,2026-02-23,3,PC2602C,Fixed site,given
C-00635,Measles-1,2026-06-29,1,MR2606D,Fixed site,given
C-00635,Yellow Fever,2026-06-29,1,YF2606D,Fixed site,given
C-00636,BCG,2025-10-19,1,BC2510C,Fixed site,given
C-00636,Penta-1,2025-12-28,1,PT2512D,Outreach,given
C-00636,OPV-1,2025-12-28,1,OP2512D,Outreach,given
C-00636,PCV-1,2025-12-28,1,PC2512D,Outreach,given
C-00636,Rota-1,2025-12-28,1,RT2512D,Outreach,given
C-00636,Penta-2,2026-01-25,2,PT2601D,Fixed site,given
C-00636,OPV-2,2026-01-25,2,OP2601D,Fixed site,given
C-00636,PCV-2,2026-01-25,2,PC2601D,Fixed site,given
C-00636,Rota-2,2026-01-25,2,RT2601D,Fixed site,given
C-00636,Measles-1,2026-07-23,1,MR2607C,Fixed site,given
C-00636,Yellow Fever,2026-07-23,1,YF2607C,Fixed site,given
C-00637,BCG,2026-05-16,1,BC2605B,Fixed site,given
C-00637,Penta-1,2026-07-07,1,PT2607A,Fixed site,given
C-00637,OPV-1,2026-07-07,1,OP2607A,Fixed site,given
C-00637,PCV-1,2026-07-07,1,PC2607A,Fixed site,given
C-00637,Rota-1,2026-07-07,1,RT2607A,Fixed site,given
C-00637,Penta-2,2026-08-04,2,PT2608A,Fixed site,given
C-00637,OPV-2,2026-08-04,2,OP2608A,Fixed site,given
C-00637,PCV-2,2026-08-04,2,PC2608A,Fixed site,given
C-00637,Rota-2,2026-08-04,2,RT2608A,Fixed site,given
C-00638,BCG,2025-04-02,1,BC2504A,Outreach,given
C-00638,OPV-0,2025-04-02,0,OP2504A,Outreach,given
C-00638,Penta-1,2025-11-23,1,PT2511C,Fixed site,given
C-00638,OPV-1,2025-11-23,1,OP2511C,Fixed site,given
C-00638,PCV-1,2025-11-23,1,PC2511C,Fixed site,given
C-00638,Rota-1,2025-11-23,1,RT2511C,Fixed site,given
C-00638,Penta-2,2025-12-21,2,PT2512C,Fixed site,given
C-00638,OPV-2,2025-12-21,2,OP2512C,Fixed site,given
C-00638,PCV-2,2025-12-21,2,PC2512C,Fixed site,given
C-00638,Rota-2,2025-12-21,2,RT2512C,Fixed site,given
C-00638,Penta-3,2026-01-18,3,PT2601C,Fixed site,given
C-00638,OPV-3,2026-01-18,3,OP2601C,Fixed site,given
C-00638,PCV-3,2026-01-18,3,PC2601C,Fixed site,given
C-00638,Measles-1,2026-05-18,1,MR2605C,Fixed site,given
C-00638,Yellow Fever,2026-05-18,1,YF2605C,Fixed site,given
C-00639,BCG,2024-12-28,1,BC2412D,Fixed site,given
C-00639,Penta-1,2025-02-05,1,PT2502A,Fixed site,given
C-00639,OPV-1,2025-02-05,1,OP2502A,Fixed site,given
C-00639,PCV-1,2025-02-05,1,PC2502A,Fixed site,given
C-00639,Rota-1,2025-02-05,1,RT2502A,Fixed site,given
C-00639,Penta-2,2025-04-12,2,PT2504B,Outreach,given
C-00639,OPV-2,2025-04-12,2,OP2504B,Outreach,given
C-00639,PCV-2,2025-04-12,2,PC2504B,Outreach,given
C-00639,Rota-2,2025-04-12,2,RT2504B,Outreach,given
C-00639,Penta-3,2025-05-10,3,PT2505B,Fixed site,given
C-00639,PCV-3,2025-05-10,3,PC2505B,Fixed site,given
C-00640,BCG,2024-10-30,1,BC2410D,Outreach,given
C-00640,OPV-0,2024-10-30,0,OP2410D,Outreach,given
C-00640,Penta-1,2024-12-11,1,PT2412B,Fixed site,given
C-00640,PCV-1,2024-12-11,1,PC2412B,Fixed site,given
C-00640,Rota-1,2024-12-11,1,RT2412B,Fixed site,given
C-00640,Penta-2,2025-01-08,2,PT2501A,Fixed site,given
C-00640,OPV-2,2025-01-08,2,OP2501A,Fixed site,given
C-00640,PCV-2,2025-01-08,2,PC2501A,Fixed site,given
C-00640,Rota-2,2025-01-08,2,RT2501A,Fixed site,given
C-00640,OPV-3,2025-02-04,3,OP2502A,Fixed site,given
C-00641,BCG,2026-07-23,1,BC2607C,Fixed site,given
C-00641,OPV-0,2026-07-23,0,OP2607C,Fixed site,given
C-00641,Penta-1,2026-09-03,1,PT2609A,Fixed site,given
C-00641,OPV-1,2026-09-03,1,OP2609A,Fixed site,given
C-00641,PCV-1,2026-09-03,1,PC2609A,Fixed site,given
C-00641,Rota-1,2026-09-03,1,RT2609A,Fixed site,given
C-00642,BCG,2025-03-07,1,BC2503A,Fixed site,given
C-00642,OPV-0,2025-03-07,0,OP2503A,Fixed site,given
C-00642,Penta-1,2025-04-24,1,PT2504C,Fixed site,given
C-00642,OPV-1,2025-04-24,1,OP2504C,Fixed site,given
C-00642,PCV-1,2025-04-24,1,PC2504C,Fixed site,given
C-00642,Rota-1,2025-04-24,1,RT2504C,Fixed site,given
C-00642,Penta-2,2025-06-02,2,PT2506A,Fixed site,given
C-00642,OPV-2,2025-06-02,2,OP2506A,Fixed site,given
C-00642,PCV-2,2025-06-02,2,PC2506A,Fixed site,given
C-00642,Rota-2,2025-06-02,2,RT2506A,Fixed site,given
C-00642,Penta-3,2026-02-07,3,PT2602A,Fixed site,given
C-00642,PCV-3,2026-02-07,3,PC2602A,Fixed site,given
C-00643,Penta-1,2025-10-21,1,PT2510C,Fixed site,given
C-00643,OPV-1,2025-10-21,1,OP2510C,Fixed site,given
C-00643,PCV-1,2025-10-21,1,PC2510C,Fixed site,given
C-00643,Rota-1,2025-10-21,1,RT2510C,Fixed site,given
C-00643,Penta-2,2025-11-18,2,PT2511C,Fixed site,given
C-00643,OPV-2,2025-11-18,2,OP2511C,Fixed site,given
C-00643,PCV-2,2025-11-18,2,PC2511C,Fixed site,given
C-00643,Rota-2,2025-11-18,2,RT2511C,Fixed site,given
C-00643,Penta-3,2025-12-17,3,PT2512C,Fixed site,given
C-00643,OPV-3,2025-12-17,3,OP2512C,Fixed site,given
C-00643,PCV-3,2025-12-17,3,PC2512C,Fixed site,given
C-00643,Measles-1,2026-08-02,1,MR2608A,Fixed site,given
C-00643,Yellow Fever,2026-08-02,1,YF2608A,Fixed site,given
C-00644,BCG,2025-09-18,1,BC2509C,Fixed site,given
C-00644,OPV-0,2025-09-18,0,OP2509C,Fixed site,given
C-00644,Penta-1,2025-10-30,1,PT2510D,Fixed site,given
C-00644,OPV-1,2025-10-30,1,OP2510D,Fixed site,given
C-00644,PCV-1,2025-10-30,1,PC2510D,Fixed site,given
C-00644,Rota-1,2025-10-30,1,RT2510D,Fixed site,given
C-00644,Penta-2,2025-12-07,2,PT2512A,Fixed site,given
C-00644,OPV-2,2025-12-07,2,OP2512A,Fixed site,given
C-00644,PCV-2,2025-12-07,2,PC2512A,Fixed site,given
C-00644,Penta-3,2026-01-04,3,PT2601A,Fixed site,given
C-00644,OPV-3,2026-01-04,3,OP2601A,Fixed site,given
C-00644,PCV-3,2026-01-04,3,PC2601A,Fixed site,given
C-00644,Measles-1,2026-09-24,1,MR2609C,Fixed site,given
C-00644,Yellow Fever,2026-09-24,1,YF2609C,Fixed site,given
C-00645,BCG,2026-09-16,1,BC2609B,Fixed site,given
C-00646,BCG,2025-10-11,1,BC2510B,Fixed site,given
C-00646,OPV-0,2025-10-11,0,OP2510B,Fixed site,given
C-00646,Penta-1,2025-12-24,1,PT2512C,Fixed site,given
C-00646,OPV-1,2025-12-24,1,OP2512C,Fixed site,given
C-00646,PCV-1,2025-12-24,1,PC2512C,Fixed site,given
C-00646,Rota-1,2025-12-24,1,RT2512C,Fixed site,given
C-00646,Penta-2,2026-01-29,2,PT2601D,Fixed site,given
C-00646,OPV-2,2026-01-29,2,OP2601D,Fixed site,given
C-00646,PCV-2,2026-01-29,2,PC2601D,Fixed site,given
C-00646,Rota-2,2026-01-29,2,RT2601D,Fixed site,given
C-00646,Penta-3,2026-02-26,3,PT2602D,Fixed site,given
C-00646,OPV-3,2026-02-26,3,OP2602D,Fixed site,given
C-00646,Measles-1,2026-07-15,1,MR2607B,Fixed site,given
C-00646,Yellow Fever,2026-07-15,1,YF2607B,Fixed site,given
C-00647,BCG,2025-10-01,1,BC2510A,Fixed site,given
C-00647,Penta-1,2025-12-23,1,PT2512C,Fixed site,given
C-00647,OPV-1,2025-12-23,1,OP2512C,Fixed site,given
C-00647,PCV-1,2025-12-23,1,PC2512C,Fixed site,given
C-00647,Rota-1,2025-12-23,1,RT2512C,Fixed site,given
C-00647,Measles-1,2026-08-29,1,MR2608D,Outreach,given
C-00647,Yellow Fever,2026-08-29,1,YF2608D,Outreach,given
C-00648,BCG,2025-12-23,1,BC2512C,Fixed site,given
C-00648,OPV-0,2025-12-23,0,OP2512C,Fixed site,given
C-00648,Penta-1,2026-03-25,1,PT2603D,Fixed site,given
C-00648,OPV-1,2026-03-25,1,OP2603D,Fixed site,given
C-00648,PCV-1,2026-03-25,1,PC2603D,Fixed site,given
C-00648,Rota-1,2026-03-25,1,RT2603D,Fixed site,given
C-00648,Penta-2,2026-04-22,2,PT2604C,Fixed site,given
C-00648,OPV-2,2026-04-22,2,OP2604C,Fixed site,given
C-00648,PCV-2,2026-04-22,2,PC2604C,Fixed site,given
C-00648,Rota-2,2026-04-22,2,RT2604C,Fixed site,given
C-00648,Penta-3,2026-05-20,3,PT2605C,Fixed site,given
C-00648,OPV-3,2026-05-20,3,OP2605C,Fixed site,given
C-00648,PCV-3,2026-05-20,3,PC2605C,Fixed site,given
C-00649,BCG,2025-10-16,1,BC2510B,Fixed site,given
C-00649,OPV-0,2025-10-16,0,OP2510B,Fixed site,given
C-00649,Penta-1,2025-12-25,1,PT2512D,Fixed site,given
C-00649,OPV-1,2025-12-25,1,OP2512D,Fixed site,given
C-00649,PCV-1,2025-12-25,1,PC2512D,Fixed site,given
C-00649,Rota-1,2025-12-25,1,RT2512D,Fixed site,given
C-00649,Penta-2,2026-01-22,2,PT2601C,Fixed site,given
C-00649,OPV-2,2026-01-22,2,OP2601C,Fixed site,given
C-00649,PCV-2,2026-01-22,2,PC2601C,Fixed site,given
C-00649,Rota-2,2026-01-22,2,RT2601C,Fixed site,given
C-00649,Penta-3,2026-03-12,3,PT2603B,Fixed site,given
C-00649,OPV-3,2026-03-12,3,OP2603B,Fixed site,given
C-00649,PCV-3,2026-03-12,3,PC2603B,Fixed site,given
C-00649,Measles-1,2026-07-07,1,MR2607A,Fixed site,given
C-00649,Yellow Fever,2026-07-07,1,YF2607A,Fixed site,given
C-00650,BCG,2023-12-10,1,BC2312B,Fixed site,given
C-00650,OPV-0,2023-12-10,0,OP2312B,Fixed site,given
C-00650,Penta-1,2024-04-09,1,PT2404B,Fixed site,given
C-00650,OPV-1,2024-04-09,1,OP2404B,Fixed site,given
C-00650,PCV-1,2024-04-09,1,PC2404B,Fixed site,given
C-00650,Rota-1,2024-04-09,1,RT2404B,Fixed site,given
C-00650,Penta-2,2024-05-07,2,PT2405A,Fixed site,given
C-00650,OPV-2,2024-05-07,2,OP2405A,Fixed site,given
C-00650,PCV-2,2024-05-07,2,PC2405A,Fixed site,given
C-00650,Rota-2,2024-05-07,2,RT2405A,Fixed site,given
C-00650,Penta-3,2024-06-04,3,PT2406A,Fixed site,given
C-00651,BCG,2026-05-12,1,BC2605B,Fixed site,given
C-00651,Penta-1,2026-05-27,1,PT2605D,Fixed site,given
C-00651,OPV-1,2026-05-27,1,OP2605D,Fixed site,given
C-00651,PCV-1,2026-05-27,1,PC2605D,Fixed site,given
C-00651,Rota-1,2026-05-27,1,RT2605D,Fixed site,given
C-00651,Penta-2,2026-06-24,2,PT2606C,Fixed site,given
C-00651,OPV-2,2026-06-24,2,OP2606C,Fixed site,given
C-00651,PCV-2,2026-06-24,2,PC2606C,Fixed site,given
C-00651,Rota-2,2026-06-24,2,RT2606C,Fixed site,given
C-00651,Penta-3,2026-07-22,3,PT2607C,Fixed site,given
C-00651,OPV-3,2026-07-22,3,OP2607C,Fixed site,given
C-00651,PCV-3,2026-07-22,3,PC2607C,Fixed site,given
C-00652,BCG,2025-02-03,1,BC2502A,Fixed site,given
C-00652,Penta-1,2025-04-09,1,PT2504B,Fixed site,given
C-00652,OPV-1,2025-04-09,1,OP2504B,Fixed site,given
C-00652,PCV-1,2025-04-09,1,PC2504B,Fixed site,given
C-00652,Rota-1,2025-04-09,1,RT2504B,Fixed site,given
C-00652,Penta-2,2025-05-10,2,PT2505B,Fixed site,given
C-00652,PCV-2,2025-05-10,2,PC2505B,Fixed site,given
C-00652,Rota-2,2025-05-10,2,RT2505B,Fixed site,given
C-00652,Penta-3,2025-06-11,3,PT2506B,Fixed site,given
C-00652,OPV-3,2025-06-11,3,OP2506B,Fixed site,given
C-00652,PCV-3,2025-06-11,3,PC2506B,Fixed site,given
C-00652,Measles-1,2025-11-30,1,MR2511D,Fixed site,given
C-00652,Yellow Fever,2025-11-30,1,YF2511D,Fixed site,given
C-00653,BCG,2025-01-02,1,BC2501A,Fixed site,given
C-00653,Penta-1,2025-02-02,1,PT2502A,Fixed site,given
C-00653,OPV-1,2025-02-02,1,OP2502A,Fixed site,given
C-00653,PCV-1,2025-02-02,1,PC2502A,Fixed site,given
C-00653,Rota-1,2025-02-02,1,RT2502A,Fixed site,given
C-00653,Penta-2,2025-04-12,2,PT2504B,Fixed site,given
C-00653,OPV-2,2025-04-12,2,OP2504B,Fixed site,given
C-00653,PCV-2,2025-04-12,2,PC2504B,Fixed site,given
C-00653,Rota-2,2025-04-12,2,RT2504B,Fixed site,given
C-00653,Penta-3,2025-07-09,3,PT2507B,Outreach,given
C-00653,OPV-3,2025-07-09,3,OP2507B,Outreach,given
C-00653,PCV-3,2025-07-09,3,PC2507B,Outreach,given
C-00653,Measles-1,2025-10-08,1,MR2510A,Fixed site,given
C-00653,Yellow Fever,2025-10-08,1,YF2510A,Fixed site,given
C-00654,BCG,2025-05-20,1,BC2505C,Fixed site,given
C-00654,OPV-0,2025-05-20,0,OP2505C,Fixed site,given
C-00654,Penta-1,2025-08-10,1,PT2508B,Fixed site,given
C-00654,OPV-1,2025-08-10,1,OP2508B,Fixed site,given
C-00654,PCV-1,2025-08-10,1,PC2508B,Fixed site,given
C-00654,Rota-1,2025-08-10,1,RT2508B,Fixed site,given
C-00654,Penta-2,2025-09-07,2,PT2509A,Fixed site,given
C-00654,OPV-2,2025-09-07,2,OP2509A,Fixed site,given
C-00654,PCV-2,2025-09-07,2,PC2509A,Fixed site,given
C-00654,Rota-2,2025-09-07,2,RT2509A,Fixed site,given
C-00654,Penta-3,2025-12-17,3,PT2512C,Fixed site,given
C-00654,OPV-3,2025-12-17,3,OP2512C,Fixed site,given
C-00654,PCV-3,2025-12-17,3,PC2512C,Fixed site,given
C-00654,Measles-1,2026-05-24,1,MR2605C,Fixed site,given
C-00654,Yellow Fever,2026-05-24,1,YF2605C,Fixed site,given
C-00655,BCG,2025-12-02,1,BC2512A,Fixed site,given
C-00655,OPV-0,2025-12-02,0,OP2512A,Fixed site,given
C-00655,Penta-1,2026-06-13,1,PT2606B,Fixed site,given
C-00655,OPV-1,2026-06-13,1,OP2606B,Fixed site,given
C-00655,PCV-1,2026-06-13,1,PC2606B,Fixed site,given
C-00655,Rota-1,2026-06-13,1,RT2606B,Fixed site,given
C-00655,Penta-2,2026-07-11,2,PT2607B,Fixed site,given
C-00655,OPV-2,2026-07-11,2,OP2607B,Fixed site,given
C-00655,PCV-2,2026-07-11,2,PC2607B,Fixed site,given
C-00655,Rota-2,2026-07-11,2,RT2607B,Fixed site,given
C-00655,Penta-3,2026-08-08,3,PT2608A,Fixed site,given
C-00655,OPV-3,2026-08-08,3,OP2608A,Fixed site,given
C-00656,BCG,2026-08-13,1,BC2608B,Fixed site,given
C-00656,Penta-1,2026-08-24,1,PT2608C,Fixed site,given
C-00656,PCV-1,2026-08-29,1,PC2608D,Fixed site,given
C-00656,Rota-1,2026-08-29,1,RT2608D,Fixed site,given
C-00656,Penta-2,2026-09-21,2,PT2609C,Fixed site,given
C-00656,OPV-2,2026-09-21,2,OP2609C,Fixed site,given
C-00656,PCV-2,2026-09-21,2,PC2609C,Fixed site,given
C-00656,Rota-2,2026-09-21,2,RT2609C,Fixed site,given
C-00657,BCG,2026-08-06,1,BC2608A,Fixed site,given
C-00657,OPV-0,2026-08-06,0,OP2608A,Fixed site,given
C-00657,Penta-1,2026-09-24,1,PT2609C,Fixed site,given
C-00657,OPV-1,2026-09-24,1,OP2609C,Fixed site,given
C-00657,PCV-1,2026-09-24,1,PC2609C,Fixed site,given
C-00657,Rota-1,2026-09-24,1,RT2609C,Fixed site,given
C-00658,Penta-1,2025-12-30,1,PT2512D,Fixed site,given
C-00658,OPV-1,2025-12-30,1,OP2512D,Fixed site,given
C-00658,PCV-1,2025-12-30,1,PC2512D,Fixed site,given
C-00658,Rota-1,2025-12-30,1,RT2512D,Fixed site,given
C-00658,Penta-2,2026-04-20,2,PT2604C,Fixed site,given
C-00658,OPV-2,2026-04-20,2,OP2604C,Fixed site,given
C-00658,PCV-2,2026-04-20,2,PC2604C,Fixed site,given
C-00658,Rota-2,2026-04-20,2,RT2604C,Fixed site,given
C-00658,Penta-3,2026-05-18,3,PT2605C,Fixed site,given
C-00658,OPV-3,2026-05-18,3,OP2605C,Fixed site,given
C-00658,PCV-3,2026-05-18,3,PC2605C,Fixed site,given
C-00658,Measles-1,2026-08-08,1,MR2608A,Fixed site,given
C-00658,Yellow Fever,2026-08-08,1,YF2608A,Fixed site,given
C-00659,Penta-1,2026-07-25,1,PT2607D,Fixed site,given
C-00659,OPV-1,2026-07-25,1,OP2607D,Fixed site,given
C-00659,PCV-1,2026-07-25,1,PC2607D,Fixed site,given
C-00659,Rota-1,2026-07-25,1,RT2607D,Fixed site,given
C-00659,Penta-2,2026-08-22,2,PT2608C,Fixed site,given
C-00659,OPV-2,2026-08-22,2,OP2608C,Fixed site,given
C-00659,PCV-2,2026-08-22,2,PC2608C,Fixed site,given
C-00659,Rota-2,2026-08-22,2,RT2608C,Fixed site,given
C-00659,Penta-3,2026-09-24,3,PT2609C,Fixed site,given
C-00659,OPV-3,2026-09-24,3,OP2609C,Fixed site,given
C-00659,PCV-3,2026-09-24,3,PC2609C,Fixed site,given
C-00660,Penta-1,2026-07-01,1,PT2607A,Fixed site,given
C-00660,PCV-1,2026-07-01,1,PC2607A,Fixed site,given
C-00660,Rota-1,2026-07-01,1,RT2607A,Fixed site,given
C-00660,Penta-2,2026-07-29,2,PT2607D,Fixed site,given
C-00660,OPV-2,2026-07-29,2,OP2607D,Fixed site,given
C-00660,PCV-2,2026-07-29,2,PC2607D,Fixed site,given
C-00660,Rota-2,2026-07-29,2,RT2607D,Fixed site,given
C-00660,Penta-3,2026-08-26,3,PT2608D,Fixed site,given
C-00660,OPV-3,2026-08-26,3,OP2608D,Fixed site,given
C-00660,PCV-3,2026-08-26,3,PC2608D,Fixed site,given
C-00660,Measles-1,2026-09-24,1,MR2609C,Fixed site,given
C-00660,Yellow Fever,2026-09-24,1,YF2609C,Fixed site,given
C-00661,BCG,2026-09-24,1,BC2609C,Fixed site,given
C-00662,BCG,2025-04-03,1,BC2504A,Fixed site,given
C-00662,OPV-0,2025-04-03,0,OP2504A,Fixed site,given
C-00662,Penta-1,2025-07-25,1,PT2507D,Fixed site,given
C-00662,PCV-1,2025-07-25,1,PC2507D,Fixed site,given
C-00662,Rota-1,2025-07-25,1,RT2507D,Fixed site,given
C-00662,Penta-2,2025-08-22,2,PT2508C,Fixed site,given
C-00662,OPV-2,2025-08-22,2,OP2508C,Fixed site,given
C-00662,PCV-2,2025-08-22,2,PC2508C,Fixed site,given
C-00662,Rota-2,2025-08-22,2,RT2508C,Fixed site,given
C-00662,Penta-3,2025-09-19,3,PT2509C,Fixed site,given
C-00662,OPV-3,2025-09-19,3,OP2509C,Fixed site,given
C-00662,PCV-3,2025-09-19,3,PC2509C,Fixed site,given
C-00662,Measles-1,2025-12-27,1,MR2512D,Outreach,given
C-00662,Measles-2,2026-09-24,2,MR2609C,Fixed site,given
C-00663,BCG,2025-11-20,1,BC2511C,Fixed site,given
C-00663,Penta-1,2025-12-11,1,PT2512B,Fixed site,given
C-00663,OPV-1,2025-12-11,1,OP2512B,Fixed site,given
C-00663,PCV-1,2025-12-11,1,PC2512B,Fixed site,given
C-00663,Rota-1,2025-12-11,1,RT2512B,Fixed site,given
C-00663,Penta-2,2026-01-22,2,PT2601C,Fixed site,given
C-00663,OPV-2,2026-01-22,2,OP2601C,Fixed site,given
C-00663,PCV-2,2026-01-22,2,PC2601C,Fixed site,given
C-00663,Rota-2,2026-01-22,2,RT2601C,Fixed site,given
C-00663,Penta-3,2026-09-24,3,PT2609C,Fixed site,given
C-00663,OPV-3,2026-09-24,3,OP2609C,Fixed site,given
C-00663,PCV-3,2026-09-24,3,PC2609C,Fixed site,given
C-00663,Measles-1,2026-09-24,1,MR2609C,Fixed site,given
C-00663,Yellow Fever,2026-09-24,1,YF2609C,Fixed site,given
C-00664,BCG,2024-10-16,1,BC2410B,Fixed site,given
C-00664,OPV-0,2024-10-16,0,OP2410B,Fixed site,given
C-00664,Penta-1,2025-01-05,1,PT2501A,Fixed site,given
C-00664,OPV-1,2025-01-05,1,OP2501A,Fixed site,given
C-00664,PCV-1,2025-01-05,1,PC2501A,Fixed site,given
C-00664,Rota-1,2025-01-05,1,RT2501A,Fixed site,given
C-00664,Penta-2,2025-07-11,2,PT2507B,Fixed site,given
C-00664,OPV-2,2025-07-11,2,OP2507B,Fixed site,given
C-00664,PCV-2,2025-07-11,2,PC2507B,Fixed site,given
C-00664,Rota-2,2025-07-11,2,RT2507B,Fixed site,given
C-00664,Penta-3,2025-08-08,3,PT2508A,Fixed site,given
C-00664,OPV-3,2025-08-08,3,OP2508A,Fixed site,given
C-00664,PCV-3,2025-08-08,3,PC2508A,Fixed site,given
C-00664,Measles-1,2025-10-27,1,MR2510D,Fixed site,given
C-00664,Yellow Fever,2025-10-27,1,YF2510D,Fixed site,given
C-00664,Measles-2,2026-09-24,2,MR2609C,Outreach,given
C-00665,Measles-1,2026-07-31,1,MR2607D,Fixed site,given
C-00665,Yellow Fever,2026-07-31,1,YF2607D,Fixed site,given
C-00666,BCG,2026-04-15,1,BC2604B,Fixed site,given
C-00666,OPV-0,2026-04-15,0,OP2604B,Fixed site,given
C-00666,Penta-1,2026-06-29,1,PT2606D,Fixed site,given
C-00666,OPV-1,2026-06-29,1,OP2606D,Fixed site,given
C-00666,PCV-1,2026-06-29,1,PC2606D,Fixed site,given
C-00666,Rota-1,2026-06-29,1,RT2606D,Fixed site,given
C-00666,Penta-2,2026-08-26,2,PT2608D,Fixed site,given
C-00666,OPV-2,2026-08-26,2,OP2608D,Fixed site,given
C-00666,PCV-2,2026-08-26,2,PC2608D,Fixed site,given
C-00666,Rota-2,2026-08-26,2,RT2608D,Fixed site,given
C-00666,Penta-3,2026-09-24,3,PT2609C,Outreach,given
C-00666,PCV-3,2026-09-24,3,PC2609C,Outreach,given
C-00667,BCG,2026-06-10,1,BC2606B,Fixed site,given
C-00667,OPV-0,2026-06-10,0,OP2606B,Fixed site,given
C-00667,Penta-1,2026-07-18,1,PT2607C,Fixed site,given
C-00667,Penta-2,2026-08-15,2,PT2608B,Fixed site,given
C-00667,OPV-2,2026-08-15,2,OP2608B,Fixed site,given
C-00667,PCV-2,2026-08-15,2,PC2608B,Fixed site,given
C-00667,Rota-2,2026-08-15,2,RT2608B,Fixed site,given
C-00667,OPV-1,2026-09-24,1,OP2609C,Outreach,given
C-00667,PCV-1,2026-09-24,1,PC2609C,Outreach,given
C-00667,Rota-1,2026-09-24,1,RT2609C,Outreach,given
C-00667,Penta-3,2026-09-24,3,PT2609C,Outreach,given
C-00667,PCV-3,2026-09-24,3,PC2609C,Outreach,given
C-00669,BCG,2025-02-25,1,BC2502D,Fixed site,given
C-00669,OPV-0,2025-02-25,0,OP2502D,Fixed site,given
C-00669,Penta-1,2025-06-14,1,PT2506B,Fixed site,given
C-00669,OPV-1,2025-06-14,1,OP2506B,Fixed site,given
C-00669,PCV-1,2025-06-14,1,PC2506B,Fixed site,given
C-00669,Rota-1,2025-06-14,1,RT2506B,Fixed site,given
C-00669,Penta-2,2025-09-28,2,PT2509D,Fixed site,given
C-00669,OPV-2,2025-09-28,2,OP2509D,Fixed site,given
C-00669,PCV-2,2025-09-28,2,PC2509D,Fixed site,given
C-00669,Rota-2,2025-09-28,2,RT2509D,Fixed site,given
C-00669,Penta-3,2025-10-26,3,PT2510D,Fixed site,given
C-00669,OPV-3,2025-10-26,3,OP2510D,Fixed site,given
C-00669,PCV-3,2025-10-26,3,PC2510D,Fixed site,given
C-00670,BCG,2024-08-19,1,BC2408C,Fixed site,given
C-00670,OPV-0,2024-08-19,0,OP2408C,Fixed site,given
C-00670,Penta-1,2025-05-14,1,PT2505B,Fixed site,given
C-00670,OPV-1,2025-05-14,1,OP2505B,Fixed site,given
C-00670,PCV-1,2025-05-14,1,PC2505B,Fixed site,given
C-00670,Rota-1,2025-05-14,1,RT2505B,Fixed site,given
C-00670,Penta-2,2025-06-11,2,PT2506B,Fixed site,given
C-00670,OPV-2,2025-06-11,2,OP2506B,Fixed site,given
C-00670,PCV-2,2025-06-11,2,PC2506B,Fixed site,given
C-00670,Rota-2,2025-06-11,2,RT2506B,Fixed site,given
C-00670,Measles-1,2025-07-07,1,MR2507A,Fixed site,given
C-00670,Yellow Fever,2025-07-07,1,YF2507A,Fixed site,given
C-00670,Penta-3,2025-07-09,3,PT2507B,Fixed site,given
C-00670,OPV-3,2025-07-09,3,OP2507B,Fixed site,given
C-00670,PCV-3,2025-07-09,3,PC2507B,Fixed site,given
C-00670,Measles-2,2026-05-14,2,MR2605B,Fixed site,given
C-00671,BCG,2025-09-03,1,BC2509A,Fixed site,given
C-00671,OPV-0,2025-09-03,0,OP2509A,Fixed site,given
C-00671,Penta-1,2026-04-05,1,PT2604A,Fixed site,given
C-00671,PCV-1,2026-04-05,1,PC2604A,Fixed site,given
C-00671,Rota-1,2026-04-05,1,RT2604A,Fixed site,given
C-00671,Penta-2,2026-05-03,2,PT2605A,Fixed site,given
C-00671,OPV-2,2026-05-03,2,OP2605A,Fixed site,given
C-00671,Rota-2,2026-05-03,2,RT2605A,Fixed site,given
C-00671,Penta-3,2026-05-31,3,PT2605D,Fixed site,given
C-00671,OPV-3,2026-05-31,3,OP2605D,Fixed site,given
C-00671,PCV-3,2026-05-31,3,PC2605D,Fixed site,given
C-00671,Measles-1,2026-09-24,1,MR2609C,Fixed site,given
C-00671,Yellow Fever,2026-09-24,1,YF2609C,Fixed site,given
C-00672,Penta-1,2025-12-10,1,PT2512B,Fixed site,given
C-00672,OPV-1,2025-12-10,1,OP2512B,Fixed site,given
C-00672,PCV-1,2025-12-10,1,PC2512B,Fixed site,given
C-00672,Rota-1,2025-12-10,1,RT2512B,Fixed site,given
C-00672,Penta-2,2026-04-03,2,PT2604A,Fixed site,given
C-00672,OPV-2,2026-04-03,2,OP2604A,Fixed site,given
C-00672,PCV-2,2026-04-03,2,PC2604A,Fixed site,given
C-00672,Rota-2,2026-04-03,2,RT2604A,Fixed site,given
C-00672,Penta-3,2026-05-01,3,PT2605A,Fixed site,given
C-00672,OPV-3,2026-05-01,3,OP2605A,Fixed site,given
C-00672,PCV-3,2026-05-01,3,PC2605A,Fixed site,given
C-00672,Measles-1,2026-09-24,1,MR2609C,Outreach,given
C-00672,Yellow Fever,2026-09-24,1,YF2609C,Outreach,given
C-00673,BCG,2026-03-14,1,BC2603B,Fixed site,given
C-00673,OPV-0,2026-03-14,0,OP2603B,Fixed site,given
C-00673,Penta-1,2026-05-28,1,PT2605D,Fixed site,given
C-00673,OPV-1,2026-05-28,1,OP2605D,Fixed site,given
C-00673,PCV-1,2026-05-28,1,PC2605D,Fixed site,given
C-00673,Rota-1,2026-05-28,1,RT2605D,Fixed site,given
C-00673,Penta-2,2026-06-25,2,PT2606D,Fixed site,given
C-00673,OPV-2,2026-06-25,2,OP2606D,Fixed site,given
C-00673,PCV-2,2026-06-25,2,PC2606D,Fixed site,given
C-00673,Rota-2,2026-06-25,2,RT2606D,Fixed site,given
C-00673,Penta-3,2026-07-23,3,PT2607C,Fixed site,given
C-00673,OPV-3,2026-07-23,3,OP2607C,Fixed site,given
C-00673,PCV-3,2026-07-23,3,PC2607C,Fixed site,given
C-00674,BCG,2025-01-03,1,BC2501A,Fixed site,given
C-00674,OPV-0,2025-01-03,0,OP2501A,Fixed site,given
C-00674,Penta-1,2025-02-18,1,PT2502C,Fixed site,given
C-00674,OPV-1,2025-02-18,1,OP2502C,Fixed site,given
C-00674,PCV-1,2025-02-18,1,PC2502C,Fixed site,given
C-00674,Rota-1,2025-02-18,1,RT2502C,Fixed site,given
C-00674,Penta-2,2025-05-30,2,PT2505D,Fixed site,given
C-00674,OPV-2,2025-05-30,2,OP2505D,Fixed site,given
C-00674,PCV-2,2025-05-30,2,PC2505D,Fixed site,given
C-00674,Rota-2,2025-05-30,2,RT2505D,Fixed site,given
C-00674,Penta-3,2025-06-27,3,PT2506D,Fixed site,given
C-00674,OPV-3,2025-06-27,3,OP2506D,Fixed site,given
C-00674,PCV-3,2025-06-27,3,PC2506D,Fixed site,given
C-00674,Measles-1,2025-10-16,1,MR2510B,Fixed site,given
C-00674,Yellow Fever,2025-10-16,1,YF2510B,Fixed site,given
C-00675,BCG,2026-08-08,1,BC2608A,Fixed site,given
C-00675,OPV-0,2026-08-08,0,OP2608A,Fixed site,given
C-00675,Penta-1,2026-09-21,1,PT2609C,Fixed site,given
C-00675,OPV-1,2026-09-21,1,OP2609C,Fixed site,given
C-00675,PCV-1,2026-09-21,1,PC2609C,Fixed site,given
C-00675,Rota-1,2026-09-21,1,RT2609C,Fixed site,given
C-00676,Penta-1,2026-07-01,1,PT2607A,Fixed site,given
C-00676,Penta-2,2026-07-29,2,PT2607D,Fixed site,given
C-00676,OPV-2,2026-07-29,2,OP2607D,Fixed site,given
C-00676,PCV-2,2026-07-29,2,PC2607D,Fixed site,given
C-00676,Rota-2,2026-07-29,2,RT2607D,Fixed site,given
C-00676,PCV-1,2026-09-24,1,PC2609C,Fixed site,given
C-00676,Rota-1,2026-09-24,1,RT2609C,Fixed site,given
C-00677,BCG,2026-09-24,1,BC2609C,Fixed site,given
C-00677,OPV-0,2026-09-24,0,OP2609C,Fixed site,given
C-00678,BCG,2025-09-28,1,BC2509D,Fixed site,given
C-00678,OPV-0,2025-09-28,0,OP2509D,Fixed site,given
C-00678,Penta-1,2025-11-09,1,PT2511B,Fixed site,given
C-00678,OPV-1,2025-11-09,1,OP2511B,Fixed site,given
C-00678,PCV-1,2025-11-09,1,PC2511B,Fixed site,given
C-00678,Rota-1,2025-11-09,1,RT2511B,Fixed site,given
C-00678,Penta-2,2026-01-03,2,PT2601A,Fixed site,given
C-00678,OPV-2,2026-01-03,2,OP2601A,Fixed site,given
C-00678,PCV-2,2026-01-03,2,PC2601A,Fixed site,given
C-00678,Rota-2,2026-01-03,2,RT2601A,Fixed site,given
C-00678,Penta-3,2026-04-14,3,PT2604B,Fixed site,given
C-00678,OPV-3,2026-04-14,3,OP2604B,Fixed site,given
C-00678,PCV-3,2026-04-14,3,PC2604B,Fixed site,given
C-00678,Measles-1,2026-09-24,1,MR2609C,Fixed site,given
C-00678,Yellow Fever,2026-09-24,1,YF2609C,Fixed site,given
C-00679,BCG,2025-11-10,1,BC2511B,Fixed site,given
C-00679,OPV-0,2025-11-10,0,OP2511B,Fixed site,given
C-00679,Penta-1,2026-01-12,1,PT2601B,Fixed site,given
C-00679,OPV-1,2026-01-12,1,OP2601B,Fixed site,given
C-00679,Rota-1,2026-01-12,1,RT2601B,Fixed site,given
C-00679,Penta-2,2026-07-18,2,PT2607C,Fixed site,given
C-00679,OPV-2,2026-07-18,2,OP2607C,Fixed site,given
C-00679,PCV-2,2026-07-18,2,PC2607C,Fixed site,given
C-00679,Rota-2,2026-07-18,2,RT2607C,Fixed site,given
C-00679,Penta-3,2026-08-15,3,PT2608B,Fixed site,given
C-00679,OPV-3,2026-08-15,3,OP2608B,Fixed site,given
C-00679,PCV-3,2026-08-15,3,PC2608B,Fixed site,given
C-00680,Penta-1,2026-03-17,1,PT2603C,Fixed site,given
C-00680,OPV-1,2026-03-17,1,OP2603C,Fixed site,given
C-00680,PCV-1,2026-03-17,1,PC2603C,Fixed site,given
C-00680,Rota-1,2026-03-17,1,RT2603C,Fixed site,given
C-00680,Penta-2,2026-04-14,2,PT2604B,Fixed site,given
C-00680,OPV-2,2026-04-14,2,OP2604B,Fixed site,given
C-00680,PCV-2,2026-04-14,2,PC2604B,Fixed site,given
C-00680,Rota-2,2026-04-14,2,RT2604B,Fixed site,given
C-00680,Penta-3,2026-05-12,3,PT2605B,Fixed site,given
C-00680,OPV-3,2026-05-12,3,OP2605B,Fixed site,given
C-00680,PCV-3,2026-05-12,3,PC2605B,Fixed site,given
C-00680,Measles-1,2026-08-31,1,MR2608D,Fixed site,given
C-00680,Yellow Fever,2026-08-31,1,YF2608D,Fixed site,given
C-00681,BCG,2024-12-13,1,BC2412B,Fixed site,given
C-00681,OPV-0,2024-12-13,0,OP2412B,Fixed site,given
C-00681,Penta-1,2025-02-02,1,PT2502A,Fixed site,given
C-00681,OPV-1,2025-02-02,1,OP2502A,Fixed site,given
C-00681,PCV-1,2025-02-02,1,PC2502A,Fixed site,given
C-00681,Rota-1,2025-02-02,1,RT2502A,Fixed site,given
C-00681,Penta-2,2025-03-10,2,PT2503B,Fixed site,given
C-00681,OPV-2,2025-03-10,2,OP2503B,Fixed site,given
C-00681,PCV-2,2025-03-10,2,PC2503B,Fixed site,given
C-00681,Rota-2,2025-03-10,2,RT2503B,Fixed site,given
C-00681,Penta-3,2025-05-10,3,PT2505B,Fixed site,given
C-00681,OPV-3,2025-05-10,3,OP2505B,Fixed site,given
C-00681,PCV-3,2025-05-10,3,PC2505B,Fixed site,given
C-00681,Measles-1,2025-09-21,1,MR2509C,Fixed site,given
C-00681,Yellow Fever,2025-09-21,1,YF2509C,Fixed site,given
C-00682,BCG,2024-04-28,1,BC2404D,Fixed site,given
C-00682,OPV-0,2024-04-28,0,OP2404D,Fixed site,given
C-00682,Penta-1,2025-01-25,1,PT2501D,Fixed site,given
C-00682,OPV-1,2025-01-25,1,OP2501D,Fixed site,given
C-00682,PCV-1,2025-01-25,1,PC2501D,Fixed site,given
C-00682,Rota-1,2025-01-25,1,RT2501D,Fixed site,given
C-00682,Penta-2,2025-02-22,2,PT2502C,Fixed site,given
C-00682,OPV-2,2025-02-22,2,OP2502C,Fixed site,given
C-00682,PCV-2,2025-02-22,2,PC2502C,Fixed site,given
C-00682,Rota-2,2025-02-22,2,RT2502C,Fixed site,given
C-00682,Penta-3,2025-03-22,3,PT2503C,Fixed site,given
C-00682,OPV-3,2025-03-22,3,OP2503C,Fixed site,given
C-00682,PCV-3,2025-03-22,3,PC2503C,Fixed site,given
C-00682,Measles-1,2025-08-03,1,MR2508A,Fixed site,given
C-00682,Yellow Fever,2025-08-03,1,YF2508A,Fixed site,given
C-00682,Measles-2,2025-10-19,2,MR2510C,Fixed site,given
C-00683,BCG,2025-04-12,1,BC2504B,Outreach,given
C-00683,Penta-1,2025-04-26,1,PT2504D,Fixed site,given
C-00683,OPV-1,2025-04-26,1,OP2504D,Fixed site,given
C-00683,PCV-1,2025-04-26,1,PC2504D,Fixed site,given
C-00683,Rota-1,2025-04-26,1,RT2504D,Fixed site,given
C-00683,Penta-2,2025-06-03,2,PT2506A,Fixed site,given
C-00683,PCV-2,2025-06-03,2,PC2506A,Fixed site,given
C-00683,Rota-2,2025-06-03,2,RT2506A,Fixed site,given
C-00683,Penta-3,2025-07-01,3,PT2507A,Fixed site,given
C-00683,OPV-3,2025-07-01,3,OP2507A,Fixed site,given
C-00683,PCV-3,2025-07-01,3,PC2507A,Fixed site,given
C-00683,Measles-1,2026-02-06,1,MR2602A,Fixed site,given
C-00683,Yellow Fever,2026-02-06,1,YF2602A,Fixed site,given
C-00683,Measles-2,2026-09-08,2,MR2609A,Fixed site,given
C-00684,BCG,2026-05-03,1,BC2605A,Fixed site,given
C-00684,Penta-1,2026-09-06,1,PT2609A,Fixed site,given
C-00684,OPV-1,2026-09-06,1,OP2609A,Fixed site,given
C-00684,PCV-1,2026-09-06,1,PC2609A,Fixed site,given
C-00684,Rota-1,2026-09-06,1,RT2609A,Fixed site,given
C-00685,Penta-1,2025-09-05,1,PT2509A,Outreach,given
C-00685,OPV-1,2025-09-05,1,OP2509A,Outreach,given
C-00685,PCV-1,2025-09-05,1,PC2509A,Outreach,given
C-00685,Rota-1,2025-09-05,1,RT2509A,Outreach,given
C-00685,Measles-1,2026-04-10,1,MR2604B,Fixed site,given
C-00685,Yellow Fever,2026-04-10,1,YF2604B,Fixed site,given
C-00685,Penta-2,2026-04-24,2,PT2604C,Fixed site,given
C-00685,OPV-2,2026-04-24,2,OP2604C,Fixed site,given
C-00685,PCV-2,2026-04-24,2,PC2604C,Fixed site,given
C-00685,Rota-2,2026-04-24,2,RT2604C,Fixed site,given
C-00685,Penta-3,2026-05-22,3,PT2605C,Outreach,given
C-00685,OPV-3,2026-05-22,3,OP2605C,Outreach,given
C-00685,PCV-3,2026-05-22,3,PC2605C,Outreach,given
C-00686,BCG,2026-05-28,1,BC2605D,Fixed site,given
C-00686,OPV-0,2026-05-28,0,OP2605D,Fixed site,given
C-00686,Penta-1,2026-07-09,1,PT2607B,Fixed site,given
C-00686,OPV-1,2026-07-09,1,OP2607B,Fixed site,given
C-00686,PCV-1,2026-07-09,1,PC2607B,Fixed site,given
C-00686,Rota-1,2026-07-09,1,RT2607B,Fixed site,given
C-00686,Penta-2,2026-08-20,2,PT2608C,Fixed site,given
C-00686,OPV-2,2026-08-20,2,OP2608C,Fixed site,given
C-00686,PCV-2,2026-08-20,2,PC2608C,Fixed site,given
C-00686,Rota-2,2026-08-20,2,RT2608C,Fixed site,given
C-00686,Penta-3,2026-09-24,3,PT2609C,Fixed site,given
C-00686,OPV-3,2026-09-24,3,OP2609C,Fixed site,given
C-00686,PCV-3,2026-09-24,3,PC2609C,Fixed site,given
C-00687,BCG,2024-11-14,1,BC2411B,Fixed site,given
C-00687,Penta-1,2024-12-01,1,PT2412A,Fixed site,given
C-00687,OPV-1,2024-12-01,1,OP2412A,Fixed site,given
C-00687,PCV-1,2024-12-01,1,PC2412A,Fixed site,given
C-00687,Rota-1,2024-12-01,1,RT2412A,Fixed site,given
C-00687,OPV-3,2025-07-20,3,OP2507C,Fixed site,given
C-00687,Measles-1,2025-08-27,1,MR2508D,Fixed site,given
C-00687,Yellow Fever,2025-08-27,1,YF2508D,Fixed site,given
C-00687,Measles-2,2026-09-24,2,MR2609C,Fixed site,given
C-00688,BCG,2025-12-22,1,BC2512C,Fixed site,given
C-00688,Penta-1,2026-05-04,1,PT2605A,Outreach,given
C-00688,OPV-1,2026-05-04,1,OP2605A,Outreach,given
C-00688,PCV-1,2026-05-04,1,PC2605A,Outreach,given
C-00688,Rota-1,2026-05-04,1,RT2605A,Outreach,given
C-00688,Penta-2,2026-06-01,2,PT2606A,Fixed site,given
C-00688,OPV-2,2026-06-01,2,OP2606A,Fixed site,given
C-00688,PCV-2,2026-06-01,2,PC2606A,Fixed site,given
C-00688,Rota-2,2026-06-01,2,RT2606A,Fixed site,given
C-00688,Penta-3,2026-06-29,3,PT2606D,Fixed site,given
C-00688,OPV-3,2026-06-29,3,OP2606D,Fixed site,given
C-00688,PCV-3,2026-06-29,3,PC2606D,Fixed site,given
C-00688,Measles-1,2026-09-24,1,MR2609C,Fixed site,given
C-00688,Yellow Fever,2026-09-24,1,YF2609C,Fixed site,given
C-00689,BCG,2025-05-03,1,BC2505A,Fixed site,given
C-00689,Penta-1,2025-06-12,1,PT2506B,Outreach,given
C-00689,OPV-1,2025-06-12,1,OP2506B,Outreach,given
C-00689,PCV-1,2025-06-12,1,PC2506B,Outreach,given
C-00689,Rota-1,2025-06-12,1,RT2506B,Outreach,given
C-00689,Penta-2,2025-07-10,2,PT2507B,Fixed site,given
C-00689,OPV-2,2025-07-10,2,OP2507B,Fixed site,given
C-00689,PCV-2,2025-07-10,2,PC2507B,Fixed site,given
C-00689,Rota-2,2025-07-10,2,RT2507B,Fixed site,given
C-00689,Penta-3,2025-10-28,3,PT2510D,Fixed site,given
C-00689,OPV-3,2025-10-28,3,OP2510D,Fixed site,given
C-00689,PCV-3,2025-10-28,3,PC2510D,Fixed site,given
C-00689,Measles-1,2026-06-04,1,MR2606A,Fixed site,given
C-00689,Yellow Fever,2026-06-04,1,YF2606A,Fixed site,given
C-00690,Measles-1,2026-06-03,1,MR2606A,Fixed site,given
C-00690,Yellow Fever,2026-06-03,1,YF2606A,Fixed site,given
C-00691,BCG,2025-09-19,1,BC2509C,Fixed site,given
C-00691,Penta-1,2025-11-29,1,PT2511D,Fixed site,given
C-00691,OPV-1,2025-11-29,1,OP2511D,Fixed site,given
C-00691,PCV-1,2025-11-29,1,PC2511D,Fixed site,given
C-00691,Rota-1,2025-11-29,1,RT2511D,Fixed site,given
C-00691,Penta-2,2025-12-27,2,PT2512D,Fixed site,given
C-00691,PCV-2,2025-12-27,2,PC2512D,Fixed site,given
C-00691,Rota-2,2025-12-27,2,RT2512D,Fixed site,given
C-00691,Penta-3,2026-01-24,3,PT2601C,Fixed site,given
C-00691,OPV-3,2026-01-24,3,OP2601C,Fixed site,given
C-00691,PCV-3,2026-01-24,3,PC2601C,Fixed site,given
C-00691,Measles-1,2026-08-18,1,MR2608C,Fixed site,given
C-00691,Yellow Fever,2026-08-18,1,YF2608C,Fixed site,given
C-00692,BCG,2025-03-19,1,BC2503C,Fixed site,given
C-00692,OPV-0,2025-03-19,0,OP2503C,Fixed site,given
C-00692,Penta-1,2025-05-22,1,PT2505C,Fixed site,given
C-00692,OPV-1,2025-05-22,1,OP2505C,Fixed site,given
C-00692,PCV-1,2025-05-22,1,PC2505C,Fixed site,given
C-00692,Rota-1,2025-05-22,1,RT2505C,Fixed site,given
C-00692,Penta-2,2025-06-19,2,PT2506C,Fixed site,given
C-00692,OPV-2,2025-06-19,2,OP2506C,Fixed site,given
C-00692,PCV-2,2025-06-19,2,PC2506C,Fixed site,given
C-00692,Rota-2,2025-06-19,2,RT2506C,Fixed site,given
C-00692,Penta-3,2026-02-18,3,PT2602C,Fixed site,given
C-00692,OPV-3,2026-02-18,3,OP2602C,Fixed site,given
C-00692,PCV-3,2026-02-18,3,PC2602C,Fixed site,given
C-00693,BCG,2025-10-23,1,BC2510C,Fixed site,given
C-00693,Penta-1,2025-12-02,1,PT2512A,Fixed site,given
C-00693,OPV-1,2025-12-02,1,OP2512A,Fixed site,given
C-00693,PCV-1,2025-12-02,1,PC2512A,Fixed site,given
C-00693,Rota-1,2025-12-02,1,RT2512A,Fixed site,given
C-00693,Penta-2,2026-02-16,2,PT2602B,Fixed site,given
C-00693,PCV-2,2026-02-16,2,PC2602B,Fixed site,given
C-00693,Rota-2,2026-02-16,2,RT2602B,Fixed site,given
C-00693,Penta-3,2026-03-16,3,PT2603B,Fixed site,given
C-00693,OPV-3,2026-03-16,3,OP2603B,Fixed site,given
C-00693,PCV-3,2026-03-16,3,PC2603B,Fixed site,given
C-00693,Measles-1,2026-09-24,1,MR2609C,Fixed site,given
C-00693,Yellow Fever,2026-09-24,1,YF2609C,Fixed site,given
C-00694,BCG,2026-06-26,1,BC2606D,Fixed site,given
C-00694,OPV-0,2026-06-26,0,OP2606D,Fixed site,given
C-00694,Penta-1,2026-09-08,1,PT2609A,Fixed site,given
C-00694,OPV-1,2026-09-08,1,OP2609A,Fixed site,given
C-00694,PCV-1,2026-09-08,1,PC2609A,Fixed site,given
C-00694,Rota-1,2026-09-08,1,RT2609A,Fixed site,given
C-00695,BCG,2024-09-06,1,BC2409A,Fixed site,given
C-00695,Penta-1,2024-10-02,1,PT2410A,Fixed site,given
C-00695,OPV-1,2024-10-02,1,OP2410A,Fixed site,given
C-00695,PCV-1,2024-10-02,1,PC2410A,Fixed site,given
C-00695,Rota-1,2024-10-02,1,RT2410A,Fixed site,given
C-00695,Penta-2,2024-11-02,2,PT2411A,Fixed site,given
C-00695,OPV-2,2024-11-02,2,OP2411A,Fixed site,given
C-00695,PCV-2,2024-11-02,2,PC2411A,Fixed site,given
C-00695,Rota-2,2024-11-02,2,RT2411A,Fixed site,given
C-00695,Penta-3,2024-11-30,3,PT2411D,Fixed site,given
C-00695,OPV-3,2024-11-30,3,OP2411D,Fixed site,given
C-00695,PCV-3,2024-11-30,3,PC2411D,Fixed site,given
C-00695,Measles-1,2025-06-08,1,MR2506A,Fixed site,given
C-00695,Yellow Fever,2025-06-08,1,YF2506A,Fixed site,given
C-00696,Penta-1,2025-10-18,1,PT2510C,Fixed site,given
C-00696,OPV-1,2025-10-18,1,OP2510C,Fixed site,given
C-00696,PCV-1,2025-10-18,1,PC2510C,Fixed site,given
C-00696,Rota-1,2025-10-18,1,RT2510C,Fixed site,given
C-00696,Penta-2,2025-12-12,2,PT2512B,Fixed site,given
C-00696,OPV-2,2025-12-12,2,OP2512B,Fixed site,given
C-00696,PCV-2,2025-12-12,2,PC2512B,Fixed site,given
C-00696,Rota-2,2025-12-12,2,RT2512B,Fixed site,given
C-00696,Penta-3,2026-02-27,3,PT2602D,Fixed site,given
C-00696,OPV-3,2026-02-27,3,OP2602D,Fixed site,given
C-00696,PCV-3,2026-02-27,3,PC2602D,Fixed site,given
C-00696,Measles-1,2026-07-29,1,MR2607D,Fixed site,given
C-00696,Yellow Fever,2026-07-29,1,YF2607D,Fixed site,given
C-00697,BCG,2026-09-24,1,BC2609C,Fixed site,given
C-00698,BCG,2025-01-06,1,BC2501A,Fixed site,given
C-00698,Penta-1,2025-04-14,1,PT2504B,Fixed site,given
C-00698,OPV-1,2025-04-14,1,OP2504B,Fixed site,given
C-00698,PCV-1,2025-04-14,1,PC2504B,Fixed site,given
C-00698,Rota-1,2025-04-14,1,RT2504B,Fixed site,given
C-00698,Penta-2,2025-05-12,2,PT2505B,Fixed site,given
C-00698,OPV-2,2025-05-12,2,OP2505B,Fixed site,given
C-00698,PCV-2,2025-05-12,2,PC2505B,Fixed site,given
C-00698,Rota-2,2025-05-12,2,RT2505B,Fixed site,given
C-00698,Penta-3,2025-07-16,3,PT2507B,Fixed site,given
C-00698,OPV-3,2025-07-16,3,OP2507B,Fixed site,given
C-00698,PCV-3,2025-07-16,3,PC2507B,Fixed site,given
C-00698,Measles-1,2025-09-17,1,MR2509C,Fixed site,given
C-00698,Yellow Fever,2025-09-17,1,YF2509C,Fixed site,given
C-00698,Measles-2,2026-06-17,2,MR2606C,Fixed site,given
C-00699,BCG,2025-08-26,1,BC2508D,Fixed site,given
C-00699,OPV-0,2025-08-26,0,OP2508D,Fixed site,given
C-00699,Penta-1,2025-10-30,1,PT2510D,Fixed site,given
C-00699,OPV-1,2025-10-30,1,OP2510D,Fixed site,given
C-00699,PCV-1,2025-10-30,1,PC2510D,Fixed site,given
C-00699,Rota-1,2025-10-30,1,RT2510D,Fixed site,given
C-00699,Penta-2,2026-03-06,2,PT2603A,Fixed site,given
C-00699,OPV-2,2026-03-06,2,OP2603A,Fixed site,given
C-00699,PCV-2,2026-03-06,2,PC2603A,Fixed site,given
C-00699,Rota-2,2026-03-06,2,RT2603A,Fixed site,given
C-00699,Penta-3,2026-04-03,3,PT2604A,Fixed site,given
C-00699,OPV-3,2026-04-03,3,OP2604A,Fixed site,given
C-00699,PCV-3,2026-04-03,3,PC2604A,Fixed site,given
C-00699,Measles-1,2026-09-24,1,MR2609C,Fixed site,given
C-00699,Yellow Fever,2026-09-24,1,YF2609C,Fixed site,given
C-00700,BCG,2026-04-07,1,BC2604A,Fixed site,given
C-00700,OPV-0,2026-04-07,0,OP2604A,Fixed site,given
C-00700,Penta-1,2026-06-05,1,PT2606A,Fixed site,given
C-00700,OPV-1,2026-06-05,1,OP2606A,Fixed site,given
C-00700,PCV-1,2026-06-05,1,PC2606A,Fixed site,given
C-00700,Rota-1,2026-06-05,1,RT2606A,Fixed site,given
C-00700,Penta-2,2026-07-06,2,PT2607A,Fixed site,given
C-00700,OPV-2,2026-07-06,2,OP2607A,Fixed site,given
C-00700,PCV-2,2026-07-06,2,PC2607A,Fixed site,given
C-00700,Rota-2,2026-07-06,2,RT2607A,Fixed site,given
C-00700,Penta-3,2026-08-03,3,PT2608A,Fixed site,given
C-00700,OPV-3,2026-08-03,3,OP2608A,Fixed site,given
C-00700,PCV-3,2026-08-03,3,PC2608A,Fixed site,given
C-00701,BCG,2025-06-20,1,BC2506C,Fixed site,given
C-00701,Penta-1,2025-11-01,1,PT2511A,Fixed site,given
C-00701,PCV-1,2025-11-01,1,PC2511A,Fixed site,given
C-00701,Rota-1,2025-11-01,1,RT2511A,Fixed site,given
C-00701,Penta-2,2025-11-29,2,PT2511D,Fixed site,given
C-00701,OPV-2,2025-11-29,2,OP2511D,Fixed site,given
C-00701,PCV-2,2025-11-29,2,PC2511D,Fixed site,given
C-00701,Rota-2,2025-11-29,2,RT2511D,Fixed site,given
C-00701,Penta-3,2025-12-27,3,PT2512D,Fixed site,given
C-00701,OPV-3,2025-12-27,3,OP2512D,Fixed site,given
C-00701,PCV-3,2025-12-27,3,PC2512D,Fixed site,given
C-00701,Measles-1,2026-08-16,1,MR2608B,Fixed site,given
C-00701,Yellow Fever,2026-08-16,1,YF2608B,Fixed site,given
C-00702,Penta-1,2024-12-08,1,PT2412A,Fixed site,given
C-00702,OPV-1,2024-12-08,1,OP2412A,Fixed site,given
C-00702,PCV-1,2024-12-08,1,PC2412A,Fixed site,given
C-00702,Rota-1,2024-12-08,1,RT2412A,Fixed site,given
C-00702,BCG,2024-12-29,1,BC2412D,Fixed site,given
C-00702,Penta-2,2025-01-05,2,PT2501A,Fixed site,given
C-00702,OPV-2,2025-01-05,2,OP2501A,Fixed site,given
C-00702,PCV-2,2025-01-05,2,PC2501A,Fixed site,given
C-00702,Rota-2,2025-01-05,2,RT2501A,Fixed site,given
C-00702,Penta-3,2025-02-02,3,PT2502A,Fixed site,given
C-00702,OPV-3,2025-02-02,3,OP2502A,Fixed site,given
C-00702,PCV-3,2025-02-02,3,PC2502A,Fixed site,given
C-00702,Measles-1,2025-07-23,1,MR2507C,Fixed site,given
C-00702,Yellow Fever,2025-07-23,1,YF2507C,Fixed site,given
C-00703,BCG,2025-12-21,1,BC2512C,Fixed site,given
C-00703,OPV-0,2025-12-21,0,OP2512C,Fixed site,given
C-00703,Penta-1,2026-03-10,1,PT2603B,Fixed site,given
C-00703,OPV-1,2026-03-10,1,OP2603B,Fixed site,given
C-00703,PCV-1,2026-03-10,1,PC2603B,Fixed site,given
C-00703,Rota-1,2026-03-10,1,RT2603B,Fixed site,given
C-00703,Penta-2,2026-07-11,2,PT2607B,Fixed site,given
C-00703,OPV-2,2026-07-11,2,OP2607B,Fixed site,given
C-00703,Rota-2,2026-07-11,2,RT2607B,Fixed site,given
C-00703,Measles-1,2026-09-20,1,MR2609C,Fixed site,given
C-00703,Yellow Fever,2026-09-20,1,YF2609C,Fixed site,given
C-00703,Penta-3,2026-09-24,3,PT2609C,Fixed site,given
C-00703,OPV-3,2026-09-24,3,OP2609C,Fixed site,given
C-00703,PCV-3,2026-09-24,3,PC2609C,Fixed site,given
C-00704,BCG,2026-01-29,1,BC2601D,Outreach,given
C-00704,OPV-0,2026-01-29,0,OP2601D,Outreach,given
C-00704,Penta-1,2026-03-22,1,PT2603C,Fixed site,given
C-00704,OPV-1,2026-03-22,1,OP2603C,Fixed site,given
C-00704,PCV-1,2026-03-22,1,PC2603C,Fixed site,given
C-00704,Rota-1,2026-03-22,1,RT2603C,Fixed site,given
C-00704,Penta-2,2026-05-26,2,PT2605D,Fixed site,given
C-00704,OPV-2,2026-05-26,2,OP2605D,Fixed site,given
C-00704,PCV-2,2026-05-26,2,PC2605D,Fixed site,given
C-00704,Rota-2,2026-05-26,2,RT2605D,Fixed site,given
C-00704,Penta-3,2026-09-24,3,PT2609C,Fixed site,given
C-00704,OPV-3,2026-09-24,3,OP2609C,Fixed site,given
C-00704,PCV-3,2026-09-24,3,PC2609C,Fixed site,given
C-00705,Penta-1,2026-07-22,1,PT2607C,Fixed site,given
C-00705,OPV-1,2026-07-22,1,OP2607C,Fixed site,given
C-00705,PCV-1,2026-07-22,1,PC2607C,Fixed site,given
C-00705,Rota-1,2026-07-22,1,RT2607C,Fixed site,given
C-00705,BCG,2026-07-23,1,BC2607C,Fixed site,given
C-00706,BCG,2026-07-27,1,BC2607D,Fixed site,given
C-00706,Penta-1,2026-08-23,1,PT2608C,Fixed site,given
C-00706,OPV-1,2026-08-23,1,OP2608C,Fixed site,given
C-00706,PCV-1,2026-08-23,1,PC2608C,Fixed site,given
C-00706,Rota-1,2026-08-23,1,RT2608C,Fixed site,given
C-00707,BCG,2026-09-24,1,BC2609C,Fixed site,given
C-00707,Penta-1,2026-09-24,1,PT2609C,Fixed site,given
C-00707,OPV-1,2026-09-24,1,OP2609C,Fixed site,given
C-00707,PCV-1,2026-09-24,1,PC2609C,Fixed site,given
C-00707,Rota-1,2026-09-24,1,RT2609C,Fixed site,given
C-00708,BCG,2024-12-21,1,BC2412C,Fixed site,given
C-00708,OPV-0,2024-12-21,0,OP2412C,Fixed site,given
C-00708,Penta-1,2025-04-11,1,PT2504B,Fixed site,given
C-00708,OPV-1,2025-04-11,1,OP2504B,Fixed site,given
C-00708,PCV-1,2025-04-11,1,PC2504B,Fixed site,given
C-00708,Rota-1,2025-04-11,1,RT2504B,Fixed site,given
C-00708,Penta-2,2025-05-09,2,PT2505B,Fixed site,given
C-00708,OPV-2,2025-05-09,2,OP2505B,Fixed site,given
C-00708,PCV-2,2025-05-09,2,PC2505B,Fixed site,given
C-00708,Rota-2,2025-05-09,2,RT2505B,Fixed site,given
C-00708,Penta-3,2025-06-11,3,PT2506B,Fixed site,given
C-00708,PCV-3,2025-06-11,3,PC2506B,Fixed site,given
C-00709,BCG,2025-03-08,1,BC2503A,Fixed site,given
C-00709,OPV-0,2025-03-08,0,OP2503A,Fixed site,given
C-00709,Penta-1,2025-12-10,1,PT2512B,Fixed site,given
C-00709,OPV-1,2025-12-10,1,OP2512B,Fixed site,given
C-00709,PCV-1,2025-12-10,1,PC2512B,Fixed site,given
C-00709,Penta-2,2026-01-07,2,PT2601A,Fixed site,given
C-00709,PCV-2,2026-01-07,2,PC2601A,Fixed site,given
C-00709,Rota-2,2026-01-07,2,RT2601A,Fixed site,given
C-00709,Penta-3,2026-02-04,3,PT2602A,Fixed site,given
C-00709,OPV-3,2026-02-04,3,OP2602A,Fixed site,given
C-00709,PCV-3,2026-02-04,3,PC2602A,Fixed site,given
C-00709,Measles-1,2026-03-06,1,MR2603A,Fixed site,given
C-00709,Yellow Fever,2026-03-06,1,YF2603A,Fixed site,given
C-00710,BCG,2026-01-28,1,BC2601D,Fixed site,given
C-00710,Penta-1,2026-04-23,1,PT2604C,Fixed site,given
C-00710,OPV-1,2026-04-23,1,OP2604C,Fixed site,given
C-00710,PCV-1,2026-04-23,1,PC2604C,Fixed site,given
C-00710,Rota-1,2026-04-23,1,RT2604C,Fixed site,given
C-00710,OPV-3,2026-05-21,3,OP2605C,Fixed site,given
C-00710,Penta-2,2026-06-29,2,PT2606D,Fixed site,given
C-00710,OPV-2,2026-06-29,2,OP2606D,Fixed site,given
C-00710,PCV-2,2026-06-29,2,PC2606D,Fixed site,given
C-00710,Rota-2,2026-06-29,2,RT2606D,Fixed site,given
C-00711,BCG,2026-06-14,1,BC2606B,Fixed site,given
C-00711,OPV-0,2026-06-14,0,OP2606B,Fixed site,given
C-00711,Penta-1,2026-07-14,1,PT2607B,Fixed site,given
C-00711,Penta-2,2026-08-11,2,PT2608B,Fixed site,given
C-00711,OPV-2,2026-08-11,2,OP2608B,Fixed site,given
C-00711,PCV-2,2026-08-11,2,PC2608B,Fixed site,given
C-00711,Rota-2,2026-08-11,2,RT2608B,Fixed site,given
C-00711,PCV-1,2026-09-08,1,PC2609A,Fixed site,given
C-00711,Rota-1,2026-09-08,1,RT2609A,Fixed site,given
C-00711,OPV-3,2026-09-24,3,OP2609C,Fixed site,given
C-00712,BCG,2026-04-21,1,BC2604C,Outreach,given
C-00712,OPV-0,2026-04-21,0,OP2604C,Outreach,given
C-00712,Penta-1,2026-06-02,1,PT2606A,Fixed site,given
C-00712,OPV-1,2026-06-02,1,OP2606A,Fixed site,given
C-00712,PCV-1,2026-06-02,1,PC2606A,Fixed site,given
C-00712,Rota-1,2026-06-02,1,RT2606A,Fixed site,given
C-00712,Penta-2,2026-07-18,2,PT2607C,Fixed site,given
C-00712,OPV-2,2026-07-18,2,OP2607C,Fixed site,given
C-00712,PCV-2,2026-07-18,2,PC2607C,Fixed site,given
C-00712,Rota-2,2026-07-18,2,RT2607C,Fixed site,given
C-00712,Penta-3,2026-09-24,3,PT2609C,Fixed site,given
C-00712,PCV-3,2026-09-24,3,PC2609C,Fixed site,given
C-00713,BCG,2024-10-10,1,BC2410B,Fixed site,given
C-00713,OPV-0,2024-10-10,0,OP2410B,Fixed site,given
C-00713,Penta-1,2025-02-15,1,PT2502B,Fixed site,given
C-00713,OPV-1,2025-02-15,1,OP2502B,Fixed site,given
C-00713,PCV-1,2025-02-15,1,PC2502B,Fixed site,given
C-00713,Rota-1,2025-02-15,1,RT2502B,Fixed site,given
C-00713,OPV-3,2025-04-30,3,OP2504D,Fixed site,given
C-00714,BCG,2025-06-10,1,BC2506B,Fixed site,given
C-00714,OPV-0,2025-06-10,0,OP2506B,Fixed site,given
C-00714,Penta-1,2025-10-07,1,PT2510A,Fixed site,given
C-00714,OPV-1,2025-10-07,1,OP2510A,Fixed site,given
C-00714,Rota-1,2025-10-07,1,RT2510A,Fixed site,given
C-00714,Penta-2,2025-11-04,2,PT2511A,Fixed site,given
C-00714,OPV-2,2025-11-04,2,OP2511A,Fixed site,given
C-00714,PCV-2,2025-11-04,2,PC2511A,Fixed site,given
C-00714,Rota-2,2025-11-04,2,RT2511A,Fixed site,given
C-00714,Penta-3,2025-12-02,3,PT2512A,Fixed site,given
C-00714,OPV-3,2025-12-02,3,OP2512A,Fixed site,given
C-00714,PCV-3,2025-12-02,3,PC2512A,Fixed site,given
C-00714,Measles-1,2026-04-04,1,MR2604A,Fixed site,given
C-00714,Yellow Fever,2026-04-04,1,YF2604A,Fixed site,given
C-00715,BCG,2025-01-05,1,BC2501A,Fixed site,given
C-00715,Penta-1,2025-04-18,1,PT2504C,Fixed site,given
C-00715,OPV-1,2025-04-18,1,OP2504C,Fixed site,given
C-00715,PCV-1,2025-04-18,1,PC2504C,Fixed site,given
C-00715,Rota-1,2025-04-18,1,RT2504C,Fixed site,given
C-00715,Penta-2,2025-05-16,2,PT2505B,Fixed site,given
C-00715,PCV-2,2025-05-16,2,PC2505B,Fixed site,given
C-00715,Rota-2,2025-05-16,2,RT2505B,Fixed site,given
C-00715,Penta-3,2025-06-13,3,PT2506B,Fixed site,given
C-00715,OPV-3,2025-06-13,3,OP2506B,Fixed site,given
C-00715,PCV-3,2025-06-13,3,PC2506B,Fixed site,given
C-00715,Measles-1,2025-10-24,1,MR2510C,Fixed site,given
C-00715,Yellow Fever,2025-10-24,1,YF2510C,Fixed site,given
C-00716,BCG,2025-05-20,1,BC2505C,Fixed site,given
C-00716,Penta-1,2025-08-28,1,PT2508D,Outreach,given
C-00716,OPV-1,2025-08-28,1,OP2508D,Outreach,given
C-00716,PCV-1,2025-08-28,1,PC2508D,Outreach,given
C-00716,Rota-1,2025-08-28,1,RT2508D,Outreach,given
C-00716,Penta-2,2025-09-25,2,PT2509D,Fixed site,given
C-00716,OPV-2,2025-09-25,2,OP2509D,Fixed site,given
C-00716,PCV-2,2025-09-25,2,PC2509D,Fixed site,given
C-00716,Rota-2,2025-09-25,2,RT2509D,Fixed site,given
C-00716,Penta-3,2025-10-23,3,PT2510C,Fixed site,given
C-00716,OPV-3,2025-10-23,3,OP2510C,Fixed site,given
C-00716,PCV-3,2025-10-23,3,PC2510C,Fixed site,given
C-00716,Measles-1,2026-03-08,1,MR2603A,Fixed site,given
C-00716,Yellow Fever,2026-03-08,1,YF2603A,Fixed site,given
C-00717,BCG,2025-11-09,1,BC2511B,Fixed site,given
C-00717,OPV-0,2025-11-09,0,OP2511B,Fixed site,given
C-00717,Penta-1,2026-02-07,1,PT2602A,Fixed site,given
C-00717,OPV-1,2026-02-07,1,OP2602A,Fixed site,given
C-00717,PCV-1,2026-02-07,1,PC2602A,Fixed site,given
C-00717,Rota-1,2026-02-07,1,RT2602A,Fixed site,given
C-00717,Penta-2,2026-03-07,2,PT2603A,Fixed site,given
C-00717,OPV-2,2026-03-07,2,OP2603A,Fixed site,given
C-00717,PCV-2,2026-03-07,2,PC2603A,Fixed site,given
C-00717,Rota-2,2026-03-07,2,RT2603A,Fixed site,given
C-00717,Penta-3,2026-04-14,3,PT2604B,Fixed site,given
C-00717,OPV-3,2026-04-14,3,OP2604B,Fixed site,given
C-00717,PCV-3,2026-04-14,3,PC2604B,Fixed site,given
C-00717,Measles-1,2026-08-04,1,MR2608A,Fixed site,given
C-00718,BCG,2024-02-15,1,BC2402B,Fixed site,given
C-00718,OPV-0,2024-02-15,0,OP2402B,Fixed site,given
C-00718,Penta-1,2024-07-19,1,PT2407C,Fixed site,given
C-00718,OPV-1,2024-07-19,1,OP2407C,Fixed site,given
C-00718,PCV-1,2024-07-19,1,PC2407C,Fixed site,given
C-00718,Rota-1,2024-07-19,1,RT2407C,Fixed site,given
C-00719,BCG,2025-08-25,1,BC2508D,Fixed site,given
C-00719,OPV-0,2025-08-25,0,OP2508D,Fixed site,given
C-00719,Penta-1,2025-10-04,1,PT2510A,Fixed site,given
C-00719,OPV-1,2025-10-04,1,OP2510A,Fixed site,given
C-00719,PCV-1,2025-10-04,1,PC2510A,Fixed site,given
C-00719,Rota-1,2025-10-04,1,RT2510A,Fixed site,given
C-00719,Penta-2,2025-11-10,2,PT2511B,Outreach,given
C-00719,OPV-2,2025-11-10,2,OP2511B,Outreach,given
C-00719,PCV-2,2025-11-10,2,PC2511B,Outreach,given
C-00719,Rota-2,2025-11-10,2,RT2511B,Outreach,given
C-00719,Penta-3,2026-03-22,3,PT2603C,Fixed site,given
C-00719,OPV-3,2026-03-22,3,OP2603C,Fixed site,given
C-00719,PCV-3,2026-03-22,3,PC2603C,Fixed site,given
C-00719,Measles-1,2026-09-24,1,MR2609C,Fixed site,given
C-00719,Yellow Fever,2026-09-24,1,YF2609C,Fixed site,given
C-00720,BCG,2026-04-19,1,BC2604C,Fixed site,given
C-00720,Penta-1,2026-07-30,1,PT2607D,Fixed site,given
C-00720,OPV-1,2026-07-30,1,OP2607D,Fixed site,given
C-00720,PCV-1,2026-07-30,1,PC2607D,Fixed site,given
C-00720,Rota-1,2026-07-30,1,RT2607D,Fixed site,given
C-00720,Penta-2,2026-08-27,2,PT2608D,Fixed site,given
C-00720,OPV-2,2026-08-27,2,OP2608D,Fixed site,given
C-00720,PCV-2,2026-08-27,2,PC2608D,Fixed site,given
C-00721,BCG,2025-11-17,1,BC2511C,Fixed site,given
C-00721,Penta-1,2026-03-30,1,PT2603D,Fixed site,given
C-00721,OPV-1,2026-03-30,1,OP2603D,Fixed site,given
C-00721,PCV-1,2026-03-30,1,PC2603D,Fixed site,given
C-00721,Rota-1,2026-03-30,1,RT2603D,Fixed site,given
C-00721,Penta-2,2026-08-06,2,PT2608A,Fixed site,given
C-00721,OPV-2,2026-08-06,2,OP2608A,Fixed site,given
C-00721,PCV-2,2026-08-06,2,PC2608A,Fixed site,given
C-00721,Rota-2,2026-08-06,2,RT2608A,Fixed site,given
C-00721,Penta-3,2026-09-03,3,PT2609A,Fixed site,given
C-00721,OPV-3,2026-09-03,3,OP2609A,Fixed site,given
C-00721,PCV-3,2026-09-03,3,PC2609A,Fixed site,given
C-00721,Measles-1,2026-09-24,1,MR2609C,Outreach,given
C-00722,BCG,2025-09-25,1,BC2509D,Fixed site,given
C-00722,OPV-0,2025-09-25,0,OP2509D,Fixed site,given
C-00722,Penta-1,2025-10-28,1,PT2510D,Fixed site,given
C-00722,OPV-1,2025-10-28,1,OP2510D,Fixed site,given
C-00722,PCV-1,2025-10-28,1,PC2510D,Fixed site,given
C-00722,Rota-1,2025-10-28,1,RT2510D,Fixed site,given
C-00722,Penta-2,2025-12-29,2,PT2512D,Fixed site,given
C-00722,OPV-2,2025-12-29,2,OP2512D,Fixed site,given
C-00722,PCV-2,2025-12-29,2,PC2512D,Fixed site,given
C-00722,Rota-2,2025-12-29,2,RT2512D,Fixed site,given
C-00722,Penta-3,2026-02-16,3,PT2602B,Fixed site,given
C-00722,OPV-3,2026-02-16,3,OP2602B,Fixed site,given
C-00722,PCV-3,2026-02-16,3,PC2602B,Fixed site,given
C-00722,Measles-1,2026-08-26,1,MR2608D,Fixed site,given
C-00722,Yellow Fever,2026-08-26,1,YF2608D,Fixed site,given
C-00723,BCG,2025-10-25,1,BC2510D,Fixed site,given
C-00723,OPV-0,2025-10-25,0,OP2510D,Fixed site,given
C-00723,Penta-1,2026-01-15,1,PT2601B,Fixed site,given
C-00723,OPV-1,2026-01-15,1,OP2601B,Fixed site,given
C-00723,PCV-1,2026-01-15,1,PC2601B,Fixed site,given
C-00723,Rota-1,2026-01-15,1,RT2601B,Fixed site,given
C-00723,Penta-2,2026-02-13,2,PT2602B,Fixed site,given
C-00723,OPV-2,2026-02-13,2,OP2602B,Fixed site,given
C-00723,PCV-2,2026-02-13,2,PC2602B,Fixed site,given
C-00723,Penta-3,2026-05-14,3,PT2605B,Fixed site,given
C-00723,OPV-3,2026-05-14,3,OP2605B,Fixed site,given
C-00723,PCV-3,2026-05-14,3,PC2605B,Fixed site,given
C-00723,Measles-1,2026-09-24,1,MR2609C,Fixed site,given
C-00723,Yellow Fever,2026-09-24,1,YF2609C,Fixed site,given
C-00724,BCG,2025-12-03,1,BC2512A,Fixed site,given
C-00724,OPV-0,2025-12-03,0,OP2512A,Fixed site,given
C-00724,Penta-1,2026-01-08,1,PT2601A,Fixed site,given
C-00724,PCV-1,2026-01-08,1,PC2601A,Fixed site,given
C-00724,Rota-1,2026-01-08,1,RT2601A,Fixed site,given
C-00724,Penta-2,2026-02-13,2,PT2602B,Fixed site,given
C-00724,OPV-2,2026-02-13,2,OP2602B,Fixed site,given
C-00724,PCV-2,2026-02-13,2,PC2602B,Fixed site,given
C-00724,Rota-2,2026-02-13,2,RT2602B,Fixed site,given
C-00724,Penta-3,2026-06-22,3,PT2606C,Fixed site,given
C-00724,OPV-3,2026-06-22,3,OP2606C,Fixed site,given
C-00724,PCV-3,2026-06-22,3,PC2606C,Fixed site,given
C-00724,Measles-1,2026-09-24,1,MR2609C,Outreach,given
C-00724,Yellow Fever,2026-09-24,1,YF2609C,Outreach,given
C-00725,BCG,2026-02-03,1,BC2602A,Fixed site,given
C-00725,OPV-0,2026-02-03,0,OP2602A,Fixed site,given
C-00725,Penta-1,2026-05-18,1,PT2605C,Fixed site,given
C-00725,OPV-1,2026-05-18,1,OP2605C,Fixed site,given
C-00725,PCV-1,2026-05-18,1,PC2605C,Fixed site,given
C-00725,Rota-1,2026-05-18,1,RT2605C,Fixed site,given
C-00725,Penta-2,2026-06-15,2,PT2606B,Fixed site,given
C-00725,OPV-2,2026-06-15,2,OP2606B,Fixed site,given
C-00725,PCV-2,2026-06-15,2,PC2606B,Fixed site,given
C-00725,Rota-2,2026-06-15,2,RT2606B,Fixed site,given
C-00725,Penta-3,2026-07-13,3,PT2607B,Fixed site,given
C-00725,OPV-3,2026-07-13,3,OP2607B,Fixed site,given
C-00725,PCV-3,2026-07-13,3,PC2607B,Fixed site,given
C-00726,BCG,2025-12-23,1,BC2512C,Fixed site,given
C-00726,OPV-0,2025-12-23,0,OP2512C,Fixed site,given
C-00726,Penta-1,2026-04-12,1,PT2604B,Fixed site,given
C-00726,OPV-1,2026-04-12,1,OP2604B,Fixed site,given
C-00726,PCV-1,2026-04-12,1,PC2604B,Fixed site,given
C-00726,Rota-1,2026-04-12,1,RT2604B,Fixed site,given
C-00726,Penta-2,2026-05-10,2,PT2605B,Fixed site,given
C-00726,OPV-2,2026-05-10,2,OP2605B,Fixed site,given
C-00726,PCV-2,2026-05-10,2,PC2605B,Fixed site,given
C-00726,Penta-3,2026-09-24,3,PT2609C,Fixed site,given
C-00726,OPV-3,2026-09-24,3,OP2609C,Fixed site,given
C-00726,PCV-3,2026-09-24,3,PC2609C,Fixed site,given
C-00727,BCG,2024-12-11,1,BC2412B,Fixed site,given
C-00727,Penta-1,2025-04-14,1,PT2504B,Fixed site,given
C-00727,OPV-1,2025-04-14,1,OP2504B,Fixed site,given
C-00727,PCV-1,2025-04-14,1,PC2504B,Fixed site,given
C-00727,Rota-1,2025-04-14,1,RT2504B,Fixed site,given
C-00727,Penta-2,2025-07-07,2,PT2507A,Fixed site,given
C-00727,OPV-2,2025-07-07,2,OP2507A,Fixed site,given
C-00727,PCV-2,2025-07-07,2,PC2507A,Fixed site,given
C-00727,Rota-2,2025-07-07,2,RT2507A,Fixed site,given
C-00727,Penta-3,2025-08-04,3,PT2508A,Fixed site,given
C-00727,OPV-3,2025-08-04,3,OP2508A,Fixed site,given
C-00727,PCV-3,2025-08-04,3,PC2508A,Fixed site,given
C-00727,Measles-1,2026-04-13,1,MR2604B,Fixed site,given
C-00727,Yellow Fever,2026-04-13,1,YF2604B,Fixed site,given
C-00727,Measles-2,2026-05-18,2,MR2605C,Fixed site,given
C-00728,BCG,2025-02-14,1,BC2502B,Fixed site,given
C-00728,Penta-1,2025-02-18,1,PT2502C,Fixed site,given
C-00728,OPV-1,2025-02-18,1,OP2502C,Fixed site,given
C-00728,PCV-1,2025-02-18,1,PC2502C,Fixed site,given
C-00728,Rota-1,2025-02-18,1,RT2502C,Fixed site,given
C-00728,Penta-2,2025-03-18,2,PT2503C,Fixed site,given
C-00728,OPV-2,2025-03-18,2,OP2503C,Fixed site,given
C-00728,PCV-2,2025-03-18,2,PC2503C,Fixed site,given
C-00728,Rota-2,2025-03-18,2,RT2503C,Fixed site,given
C-00728,Penta-3,2025-09-09,3,PT2509B,Fixed site,given
C-00728,OPV-3,2025-09-09,3,OP2509B,Fixed site,given
C-00728,PCV-3,2025-09-09,3,PC2509B,Fixed site,given
C-00728,Measles-1,2025-10-08,1,MR2510A,Fixed site,given
C-00728,Yellow Fever,2025-10-08,1,YF2510A,Fixed site,given
C-00728,Measles-2,2026-07-14,2,MR2607B,Fixed site,given
C-00729,BCG,2025-12-28,1,BC2512D,Fixed site,given
C-00729,OPV-0,2025-12-28,0,OP2512D,Fixed site,given
C-00729,Penta-1,2026-04-19,1,PT2604C,Fixed site,given
C-00729,PCV-1,2026-04-19,1,PC2604C,Fixed site,given
C-00729,Rota-1,2026-04-19,1,RT2604C,Fixed site,given
C-00729,Penta-2,2026-05-17,2,PT2605C,Fixed site,given
C-00729,OPV-2,2026-05-17,2,OP2605C,Fixed site,given
C-00729,PCV-2,2026-05-17,2,PC2605C,Fixed site,given
C-00729,Rota-2,2026-05-17,2,RT2605C,Fixed site,given
C-00729,Penta-3,2026-09-06,3,PT2609A,Fixed site,given
C-00729,OPV-3,2026-09-06,3,OP2609A,Fixed site,given
C-00729,PCV-3,2026-09-06,3,PC2609A,Fixed site,given
C-00729,Measles-1,2026-09-24,1,MR2609C,Fixed site,given
C-00730,BCG,2026-04-18,1,BC2604C,Fixed site,given
C-00730,Penta-1,2026-06-28,1,PT2606D,Fixed site,given
C-00730,OPV-1,2026-06-28,1,OP2606D,Fixed site,given
C-00730,PCV-1,2026-06-28,1,PC2606D,Fixed site,given
C-00730,Rota-1,2026-06-28,1,RT2606D,Fixed site,given
C-00731,BCG,2025-10-16,1,BC2510B,Fixed site,given
C-00731,OPV-0,2025-10-16,0,OP2510B,Fixed site,given
C-00731,Penta-1,2025-12-03,1,PT2512A,Fixed site,given
C-00731,OPV-1,2025-12-03,1,OP2512A,Fixed site,given
C-00731,PCV-1,2025-12-03,1,PC2512A,Fixed site,given
C-00731,Rota-1,2025-12-03,1,RT2512A,Fixed site,given
C-00731,Penta-2,2026-02-14,2,PT2602B,Fixed site,given
C-00731,OPV-2,2026-02-14,2,OP2602B,Fixed site,given
C-00731,PCV-2,2026-02-14,2,PC2602B,Fixed site,given
C-00731,Penta-3,2026-03-14,3,PT2603B,Fixed site,given
C-00731,OPV-3,2026-03-14,3,OP2603B,Fixed site,given
C-00731,PCV-3,2026-03-14,3,PC2603B,Fixed site,given
C-00731,Measles-1,2026-09-13,1,MR2609B,Outreach,given
C-00731,Yellow Fever,2026-09-13,1,YF2609B,Outreach,given
C-00732,BCG,2025-07-20,1,BC2507C,Fixed site,given
C-00732,Penta-1,2025-09-04,1,PT2509A,Fixed site,given
C-00732,OPV-1,2025-09-04,1,OP2509A,Fixed site,given
C-00732,PCV-1,2025-09-04,1,PC2509A,Fixed site,given
C-00732,Rota-1,2025-09-04,1,RT2509A,Fixed site,given
C-00732,Penta-2,2025-10-02,2,PT2510A,Fixed site,given
C-00732,OPV-2,2025-10-02,2,OP2510A,Fixed site,given
C-00732,PCV-2,2025-10-02,2,PC2510A,Fixed site,given
C-00732,Rota-2,2025-10-02,2,RT2510A,Fixed site,given
C-00732,Measles-1,2025-12-27,1,MR2512D,Fixed site,given
C-00732,Yellow Fever,2025-12-27,1,YF2512D,Fixed site,given
C-00732,Penta-3,2026-02-12,3,PT2602B,Fixed site,given
C-00732,PCV-3,2026-02-12,3,PC2602B,Fixed site,given
C-00732,Measles-2,2026-09-24,2,MR2609C,Fixed site,given
C-00733,Penta-1,2026-05-08,1,PT2605A,Fixed site,given
C-00733,Penta-2,2026-06-05,2,PT2606A,Fixed site,given
C-00733,OPV-2,2026-06-05,2,OP2606A,Fixed site,given
C-00733,PCV-2,2026-06-05,2,PC2606A,Fixed site,given
C-00733,Rota-2,2026-06-05,2,RT2606A,Fixed site,given
C-00733,BCG,2026-07-12,1,BC2607B,Fixed site,given
C-00733,Penta-3,2026-09-08,3,PT2609A,Fixed site,given
C-00733,OPV-3,2026-09-08,3,OP2609A,Fixed site,given
C-00733,PCV-3,2026-09-08,3,PC2609A,Fixed site,given
C-00733,OPV-1,2026-09-24,1,OP2609C,Fixed site,given
C-00733,PCV-1,2026-09-24,1,PC2609C,Fixed site,given
C-00733,Rota-1,2026-09-24,1,RT2609C,Fixed site,given
C-00734,BCG,2025-11-14,1,BC2511B,Fixed site,given
C-00734,Penta-1,2026-01-13,1,PT2601B,Fixed site,given
C-00734,OPV-1,2026-01-13,1,OP2601B,Fixed site,given
C-00734,PCV-1,2026-01-13,1,PC2601B,Fixed site,given
C-00734,Rota-1,2026-01-13,1,RT2601B,Fixed site,given
C-00734,Penta-2,2026-02-10,2,PT2602B,Fixed site,given
C-00734,OPV-2,2026-02-10,2,OP2602B,Fixed site,given
C-00734,PCV-2,2026-02-10,2,PC2602B,Fixed site,given
C-00734,Rota-2,2026-02-10,2,RT2602B,Fixed site,given
C-00734,Penta-3,2026-04-11,3,PT2604B,Fixed site,given
C-00734,OPV-3,2026-04-11,3,OP2604B,Fixed site,given
C-00734,PCV-3,2026-04-11,3,PC2604B,Fixed site,given
C-00734,Measles-1,2026-09-24,1,MR2609C,Fixed site,given
C-00734,Yellow Fever,2026-09-24,1,YF2609C,Fixed site,given
C-00735,BCG,2025-02-04,1,BC2502A,Fixed site,given
C-00735,Penta-1,2025-04-14,1,PT2504B,Fixed site,given
C-00735,OPV-1,2025-04-14,1,OP2504B,Fixed site,given
C-00735,PCV-1,2025-04-14,1,PC2504B,Fixed site,given
C-00735,Rota-1,2025-04-14,1,RT2504B,Fixed site,given
C-00735,Penta-2,2025-05-12,2,PT2505B,Fixed site,given
C-00735,OPV-2,2025-05-12,2,OP2505B,Fixed site,given
C-00735,PCV-2,2025-05-12,2,PC2505B,Fixed site,given
C-00735,Rota-2,2025-05-12,2,RT2505B,Fixed site,given
C-00735,Penta-3,2025-06-09,3,PT2506B,Fixed site,given
C-00735,OPV-3,2025-06-09,3,OP2506B,Fixed site,given
C-00735,PCV-3,2025-06-09,3,PC2506B,Fixed site,given
C-00735,Measles-1,2025-12-18,1,MR2512C,Fixed site,given
C-00735,Yellow Fever,2025-12-18,1,YF2512C,Fixed site,given
C-00735,Measles-2,2026-08-09,2,MR2608B,Fixed site,given
C-00736,BCG,2026-09-24,1,BC2609C,Fixed site,given
C-00736,OPV-0,2026-09-24,0,OP2609C,Fixed site,given
C-00737,BCG,2026-06-07,1,BC2606A,Fixed site,given
C-00737,OPV-0,2026-06-07,0,OP2606A,Fixed site,given
C-00737,Penta-1,2026-07-06,1,PT2607A,Outreach,given
C-00737,Penta-2,2026-08-03,2,PT2608A,Fixed site,given
C-00737,OPV-2,2026-08-03,2,OP2608A,Fixed site,given
C-00737,PCV-2,2026-08-03,2,PC2608A,Fixed site,given
C-00737,Rota-2,2026-08-03,2,RT2608A,Fixed site,given
C-00737,Penta-3,2026-09-22,3,PT2609C,Fixed site,given
C-00737,PCV-3,2026-09-22,3,PC2609C,Fixed site,given
C-00737,OPV-1,2026-09-24,1,OP2609C,Fixed site,given
C-00737,PCV-1,2026-09-24,1,PC2609C,Fixed site,given
C-00737,Rota-1,2026-09-24,1,RT2609C,Fixed site,given
C-00738,BCG,2026-06-16,1,BC2606B,Fixed site,given
C-00738,Penta-1,2026-07-03,1,PT2607A,Fixed site,given
C-00738,OPV-1,2026-07-03,1,OP2607A,Fixed site,given
C-00738,PCV-1,2026-07-03,1,PC2607A,Fixed site,given
C-00738,Rota-1,2026-07-03,1,RT2607A,Fixed site,given
C-00738,Penta-2,2026-07-31,2,PT2607D,Fixed site,given
C-00738,OPV-2,2026-07-31,2,OP2607D,Fixed site,given
C-00738,PCV-2,2026-07-31,2,PC2607D,Fixed site,given
C-00738,Rota-2,2026-07-31,2,RT2607D,Fixed site,given
C-00738,Penta-3,2026-08-28,3,PT2608D,Fixed site,given
C-00738,OPV-3,2026-08-28,3,OP2608D,Fixed site,given
C-00738,PCV-3,2026-08-28,3,PC2608D,Fixed site,given
C-00739,BCG,2025-06-17,1,BC2506C,Fixed site,given
C-00739,OPV-0,2025-06-17,0,OP2506C,Fixed site,given
C-00739,OPV-3,2025-10-16,3,OP2510B,Fixed site,given
C-00739,Penta-1,2025-11-22,1,PT2511C,Fixed site,given
C-00739,OPV-1,2025-11-22,1,OP2511C,Fixed site,given
C-00739,PCV-1,2025-11-22,1,PC2511C,Fixed site,given
C-00739,Rota-1,2025-11-22,1,RT2511C,Fixed site,given
C-00739,Measles-1,2026-05-05,1,MR2605A,Fixed site,given
C-00739,Yellow Fever,2026-05-05,1,YF2605A,Fixed site,given
C-00740,BCG,2026-05-10,1,BC2605B,Fixed site,given
C-00740,Penta-1,2026-05-31,1,PT2605D,Fixed site,given
C-00740,OPV-1,2026-05-31,1,OP2605D,Fixed site,given
C-00740,PCV-1,2026-05-31,1,PC2605D,Fixed site,given
C-00740,Rota-1,2026-05-31,1,RT2605D,Fixed site,given
C-00740,Penta-2,2026-06-28,2,PT2606D,Fixed site,given
C-00740,OPV-2,2026-06-28,2,OP2606D,Fixed site,given
C-00740,PCV-2,2026-06-28,2,PC2606D,Fixed site,given
C-00740,Rota-2,2026-06-28,2,RT2606D,Fixed site,given
C-00740,Penta-3,2026-07-26,3,PT2607D,Fixed site,given
C-00740,PCV-3,2026-07-26,3,PC2607D,Fixed site,given
C-00741,BCG,2025-06-23,1,BC2506C,Fixed site,given
C-00741,Penta-1,2025-07-03,1,PT2507A,Fixed site,given
C-00741,OPV-1,2025-07-03,1,OP2507A,Fixed site,given
C-00741,PCV-1,2025-07-03,1,PC2507A,Fixed site,given
C-00741,Penta-2,2025-07-31,2,PT2507D,Fixed site,given
C-00741,OPV-2,2025-07-31,2,OP2507D,Fixed site,given
C-00741,PCV-2,2025-07-31,2,PC2507D,Fixed site,given
C-00741,Rota-2,2025-07-31,2,RT2507D,Fixed site,given
C-00741,Penta-3,2025-10-04,3,PT2510A,Fixed site,given
C-00741,OPV-3,2025-10-04,3,OP2510A,Fixed site,given
C-00741,PCV-3,2025-10-04,3,PC2510A,Fixed site,given
C-00741,Measles-1,2026-04-12,1,MR2604B,Fixed site,given
C-00741,Yellow Fever,2026-04-12,1,YF2604B,Fixed site,given
C-00742,BCG,2025-08-15,1,BC2508B,Outreach,given
C-00742,OPV-0,2025-08-15,0,OP2508B,Outreach,given
C-00742,Penta-1,2025-10-29,1,PT2510D,Outreach,given
C-00742,OPV-1,2025-10-29,1,OP2510D,Outreach,given
C-00742,PCV-1,2025-10-29,1,PC2510D,Outreach,given
C-00742,Rota-1,2025-10-29,1,RT2510D,Outreach,given
C-00742,Penta-2,2025-11-26,2,PT2511D,Fixed site,given
C-00742,OPV-2,2025-11-26,2,OP2511D,Fixed site,given
C-00742,PCV-2,2025-11-26,2,PC2511D,Fixed site,given
C-00742,Rota-2,2025-11-26,2,RT2511D,Fixed site,given
C-00742,Penta-3,2025-12-24,3,PT2512C,Fixed site,given
C-00742,OPV-3,2025-12-24,3,OP2512C,Fixed site,given
C-00742,PCV-3,2025-12-24,3,PC2512C,Fixed site,given
C-00742,Measles-1,2026-09-24,1,MR2609C,Fixed site,given
C-00742,Yellow Fever,2026-09-24,1,YF2609C,Fixed site,given
C-00743,BCG,2026-03-01,1,BC2603A,Fixed site,given
C-00743,OPV-0,2026-03-01,0,OP2603A,Fixed site,given
C-00743,Penta-1,2026-04-16,1,PT2604B,Fixed site,given
C-00743,OPV-1,2026-04-16,1,OP2604B,Fixed site,given
C-00743,PCV-1,2026-04-16,1,PC2604B,Fixed site,given
C-00743,Rota-1,2026-04-16,1,RT2604B,Fixed site,given
C-00743,Penta-2,2026-07-16,2,PT2607B,Fixed site,given
C-00743,PCV-2,2026-07-16,2,PC2607B,Fixed site,given
C-00743,Rota-2,2026-07-16,2,RT2607B,Fixed site,given
C-00743,Penta-3,2026-08-13,3,PT2608B,Fixed site,given
C-00743,OPV-3,2026-08-13,3,OP2608B,Fixed site,given
C-00743,PCV-3,2026-08-13,3,PC2608B,Fixed site,given
C-00744,Penta-1,2025-07-21,1,PT2507C,Outreach,given
C-00744,OPV-1,2025-07-21,1,OP2507C,Outreach,given
C-00744,PCV-1,2025-07-21,1,PC2507C,Outreach,given
C-00744,Rota-1,2025-07-21,1,RT2507C,Outreach,given
C-00744,Penta-2,2025-09-09,2,PT2509B,Fixed site,given
C-00744,OPV-2,2025-09-09,2,OP2509B,Fixed site,given
C-00744,PCV-2,2025-09-09,2,PC2509B,Fixed site,given
C-00744,Rota-2,2025-09-09,2,RT2509B,Fixed site,given
C-00744,Penta-3,2025-12-14,3,PT2512B,Fixed site,given
C-00744,PCV-3,2025-12-14,3,PC2512B,Fixed site,given
C-00744,Measles-1,2026-09-24,1,MR2609C,Fixed site,given
C-00744,Yellow Fever,2026-09-24,1,YF2609C,Fixed site,given
C-00745,BCG,2026-08-10,1,BC2608B,Fixed site,given
C-00745,OPV-0,2026-08-10,0,OP2608B,Fixed site,given
C-00745,Penta-1,2026-09-24,1,PT2609C,Fixed site,given
C-00745,OPV-1,2026-09-24,1,OP2609C,Fixed site,given
C-00745,PCV-1,2026-09-24,1,PC2609C,Fixed site,given
C-00745,Rota-1,2026-09-24,1,RT2609C,Fixed site,given
C-00746,BCG,2025-01-27,1,BC2501D,Fixed site,given
C-00746,OPV-0,2025-01-27,0,OP2501D,Fixed site,given
C-00746,Penta-1,2025-07-17,1,PT2507C,Fixed site,given
C-00746,OPV-1,2025-07-17,1,OP2507C,Fixed site,given
C-00746,PCV-1,2025-07-17,1,PC2507C,Fixed site,given
C-00746,Rota-1,2025-07-17,1,RT2507C,Fixed site,given
C-00746,Penta-2,2025-08-14,2,PT2508B,Fixed site,given
C-00746,OPV-2,2025-08-14,2,OP2508B,Fixed site,given
C-00746,PCV-2,2025-08-14,2,PC2508B,Fixed site,given
C-00746,Rota-2,2025-08-14,2,RT2508B,Fixed site,given
C-00747,BCG,2024-07-07,1,BC2407A,Outreach,given
C-00747,Penta-1,2024-07-23,1,PT2407C,Fixed site,given
C-00747,OPV-1,2024-07-23,1,OP2407C,Fixed site,given
C-00747,PCV-1,2024-07-23,1,PC2407C,Fixed site,given
C-00747,Rota-1,2024-07-23,1,RT2407C,Fixed site,given
C-00747,Penta-2,2024-08-22,2,PT2408C,Fixed site,given
C-00747,OPV-2,2024-08-22,2,OP2408C,Fixed site,given
C-00747,PCV-2,2024-08-22,2,PC2408C,Fixed site,given
C-00747,Rota-2,2024-08-22,2,RT2408C,Fixed site,given
C-00747,Penta-3,2024-09-19,3,PT2409C,Fixed site,given
C-00747,OPV-3,2024-09-19,3,OP2409C,Fixed site,given
C-00747,PCV-3,2024-09-19,3,PC2409C,Fixed site,given
C-00747,Measles-1,2025-08-15,1,MR2508B,Fixed site,given
C-00748,Measles-1,2025-08-28,1,MR2508D,Fixed site,given
C-00748,Yellow Fever,2025-08-28,1,YF2508D,Fixed site,given
C-00749,BCG,2025-04-10,1,BC2504B,Fixed site,given
C-00749,OPV-0,2025-04-10,0,OP2504B,Fixed site,given
C-00749,Penta-1,2025-06-21,1,PT2506C,Fixed site,given
C-00749,OPV-1,2025-06-21,1,OP2506C,Fixed site,given
C-00749,PCV-1,2025-06-21,1,PC2506C,Fixed site,given
C-00749,Rota-1,2025-06-21,1,RT2506C,Fixed site,given
C-00749,Penta-2,2025-07-19,2,PT2507C,Fixed site,given
C-00749,OPV-2,2025-07-19,2,OP2507C,Fixed site,given
C-00749,PCV-2,2025-07-19,2,PC2507C,Fixed site,given
C-00749,Penta-3,2025-08-16,3,PT2508B,Fixed site,given
C-00749,OPV-3,2025-08-16,3,OP2508B,Fixed site,given
C-00749,PCV-3,2025-08-16,3,PC2508B,Fixed site,given
C-00749,Measles-1,2026-03-29,1,MR2603D,Fixed site,given
C-00749,Yellow Fever,2026-03-29,1,YF2603D,Fixed site,given
C-00750,BCG,2026-02-23,1,BC2602C,Fixed site,given
C-00750,OPV-0,2026-02-23,0,OP2602C,Fixed site,given
C-00750,Penta-1,2026-05-11,1,PT2605B,Outreach,given
C-00750,OPV-1,2026-05-11,1,OP2605B,Outreach,given
C-00750,PCV-1,2026-05-11,1,PC2605B,Outreach,given
C-00751,BCG,2026-05-15,1,BC2605B,Fixed site,given
C-00751,OPV-0,2026-05-15,0,OP2605B,Fixed site,given
C-00751,Penta-1,2026-06-26,1,PT2606D,Fixed site,given
C-00751,OPV-1,2026-06-26,1,OP2606D,Fixed site,given
C-00751,PCV-1,2026-06-26,1,PC2606D,Fixed site,given
C-00751,Rota-1,2026-06-26,1,RT2606D,Fixed site,given
C-00751,Penta-2,2026-07-24,2,PT2607C,Fixed site,given
C-00751,OPV-2,2026-07-24,2,OP2607C,Fixed site,given
C-00751,PCV-2,2026-07-24,2,PC2607C,Fixed site,given
C-00751,Rota-2,2026-07-24,2,RT2607C,Fixed site,given
C-00751,Penta-3,2026-08-21,3,PT2608C,Fixed site,given
C-00751,OPV-3,2026-08-21,3,OP2608C,Fixed site,given
C-00751,PCV-3,2026-08-21,3,PC2608C,Fixed site,given
C-00752,BCG,2026-03-28,1,BC2603D,Fixed site,given
C-00752,OPV-0,2026-03-28,0,OP2603D,Fixed site,given
C-00752,Penta-1,2026-06-14,1,PT2606B,Fixed site,given
C-00752,OPV-1,2026-06-14,1,OP2606B,Fixed site,given
C-00752,PCV-1,2026-06-14,1,PC2606B,Fixed site,given
C-00752,Rota-1,2026-06-14,1,RT2606B,Fixed site,given
C-00752,Penta-2,2026-07-12,2,PT2607B,Fixed site,given
C-00752,PCV-2,2026-07-12,2,PC2607B,Fixed site,given
C-00752,Rota-2,2026-07-12,2,RT2607B,Fixed site,given
C-00753,BCG,2023-08-17,1,BC2308C,Fixed site,given
C-00753,Penta-1,2023-09-08,1,PT2309A,Fixed site,given
C-00753,OPV-1,2023-09-08,1,OP2309A,Fixed site,given
C-00753,Rota-1,2023-09-08,1,RT2309A,Fixed site,given
C-00753,Penta-2,2024-02-16,2,PT2402B,Fixed site,given
C-00753,OPV-2,2024-02-16,2,OP2402B,Fixed site,given
C-00753,PCV-2,2024-02-16,2,PC2402B,Fixed site,given
C-00753,Rota-2,2024-02-16,2,RT2402B,Fixed site,given
C-00753,Penta-3,2024-03-15,3,PT2403B,Fixed site,given
C-00753,OPV-3,2024-03-15,3,OP2403B,Fixed site,given
C-00753,PCV-3,2024-03-15,3,PC2403B,Fixed site,given
C-00753,Measles-1,2024-12-03,1,MR2412A,Fixed site,given
C-00753,Yellow Fever,2024-12-03,1,YF2412A,Fixed site,given
C-00754,BCG,2024-12-15,1,BC2412B,Fixed site,given
C-00754,OPV-0,2024-12-15,0,OP2412B,Fixed site,given
C-00754,Penta-1,2025-02-27,1,PT2502D,Fixed site,given
C-00754,OPV-1,2025-02-27,1,OP2502D,Fixed site,given
C-00754,PCV-1,2025-02-27,1,PC2502D,Fixed site,given
C-00754,Rota-1,2025-02-27,1,RT2502D,Fixed site,given
C-00754,Penta-2,2025-06-17,2,PT2506C,Fixed site,given
C-00754,OPV-2,2025-06-17,2,OP2506C,Fixed site,given
C-00754,PCV-2,2025-06-17,2,PC2506C,Fixed site,given
C-00754,Rota-2,2025-06-17,2,RT2506C,Fixed site,given
C-00754,Penta-3,2025-11-13,3,PT2511B,Fixed site,given
C-00754,PCV-3,2025-11-13,3,PC2511B,Fixed site,given
C-00754,Measles-1,2026-02-07,1,MR2602A,Fixed site,given
C-00754,Yellow Fever,2026-02-07,1,YF2602A,Fixed site,given
C-00754,Measles-2,2026-09-24,2,MR2609C,Fixed site,given
C-00755,BCG,2026-04-09,1,BC2604B,Fixed site,given
C-00755,OPV-0,2026-04-09,0,OP2604B,Fixed site,given
C-00755,Penta-1,2026-05-20,1,PT2605C,Fixed site,given
C-00755,OPV-1,2026-05-20,1,OP2605C,Fixed site,given
C-00755,PCV-1,2026-05-20,1,PC2605C,Fixed site,given
C-00755,Rota-1,2026-05-20,1,RT2605C,Fixed site,given
C-00755,Penta-2,2026-06-17,2,PT2606C,Fixed site,given
C-00755,OPV-2,2026-06-17,2,OP2606C,Fixed site,given
C-00755,PCV-2,2026-06-17,2,PC2606C,Fixed site,given
C-00755,Rota-2,2026-06-17,2,RT2606C,Fixed site,given
C-00755,Penta-3,2026-07-15,3,PT2607B,Fixed site,given
C-00755,OPV-3,2026-07-15,3,OP2607B,Fixed site,given
C-00755,PCV-3,2026-07-15,3,PC2607B,Fixed site,given
C-00756,BCG,2024-08-26,1,BC2408D,Fixed site,given
C-00756,OPV-0,2024-08-26,0,OP2408D,Fixed site,given
C-00756,Penta-1,2024-11-10,1,PT2411B,Outreach,given
C-00756,OPV-1,2024-11-10,1,OP2411B,Outreach,given
C-00756,PCV-1,2024-11-10,1,PC2411B,Outreach,given
C-00756,Rota-1,2024-11-10,1,RT2411B,Outreach,given
C-00756,Penta-2,2024-12-08,2,PT2412A,Fixed site,given
C-00756,OPV-2,2024-12-08,2,OP2412A,Fixed site,given
C-00756,PCV-2,2024-12-08,2,PC2412A,Fixed site,given
C-00756,Rota-2,2024-12-08,2,RT2412A,Fixed site,given
C-00756,OPV-3,2025-04-18,3,OP2504C,Fixed site,given
C-00756,Measles-1,2026-01-13,1,MR2601B,Fixed site,given
C-00756,Yellow Fever,2026-01-13,1,YF2601B,Fixed site,given
C-00756,Measles-2,2026-08-15,2,MR2608B,Fixed site,given
C-00757,BCG,2025-05-23,1,BC2505C,Outreach,given
C-00757,Penta-1,2025-07-26,1,PT2507D,Fixed site,given
C-00757,OPV-1,2025-07-26,1,OP2507D,Fixed site,given
C-00757,PCV-1,2025-07-26,1,PC2507D,Fixed site,given
C-00757,Rota-1,2025-07-26,1,RT2507D,Fixed site,given
C-00757,Penta-2,2025-11-19,2,PT2511C,Fixed site,given
C-00757,OPV-2,2025-11-19,2,OP2511C,Fixed site,given
C-00757,Rota-2,2025-11-19,2,RT2511C,Fixed site,given
C-00757,Penta-3,2025-12-17,3,PT2512C,Fixed site,given
C-00757,OPV-3,2025-12-17,3,OP2512C,Fixed site,given
C-00757,PCV-3,2025-12-17,3,PC2512C,Fixed site,given
C-00757,Measles-1,2026-03-07,1,MR2603A,Fixed site,given
C-00757,Yellow Fever,2026-03-07,1,YF2603A,Fixed site,given
C-00758,BCG,2025-07-21,1,BC2507C,Fixed site,given
C-00758,OPV-0,2025-07-21,0,OP2507C,Fixed site,given
C-00758,Penta-1,2025-12-13,1,PT2512B,Fixed site,given
C-00758,OPV-1,2025-12-13,1,OP2512B,Fixed site,given
C-00758,PCV-1,2025-12-13,1,PC2512B,Fixed site,given
C-00758,Rota-1,2025-12-13,1,RT2512B,Fixed site,given
C-00758,Penta-2,2026-01-10,2,PT2601B,Fixed site,given
C-00758,OPV-2,2026-01-10,2,OP2601B,Fixed site,given
C-00758,PCV-2,2026-01-10,2,PC2601B,Fixed site,given
C-00758,Rota-2,2026-01-10,2,RT2601B,Fixed site,given
C-00758,Penta-3,2026-02-07,3,PT2602A,Fixed site,given
C-00758,OPV-3,2026-02-07,3,OP2602A,Fixed site,given
C-00758,PCV-3,2026-02-07,3,PC2602A,Fixed site,given
C-00758,Measles-1,2026-05-09,1,MR2605B,Fixed site,given
C-00758,Yellow Fever,2026-05-09,1,YF2605B,Fixed site,given
C-00759,BCG,2024-11-27,1,BC2411D,Fixed site,given
C-00759,OPV-0,2024-11-27,0,OP2411D,Fixed site,given
C-00759,Penta-1,2025-03-18,1,PT2503C,Fixed site,given
C-00759,OPV-1,2025-03-18,1,OP2503C,Fixed site,given
C-00759,PCV-1,2025-03-18,1,PC2503C,Fixed site,given
C-00759,Rota-1,2025-03-18,1,RT2503C,Fixed site,given
C-00759,Penta-2,2025-04-15,2,PT2504B,Fixed site,given
C-00759,OPV-2,2025-04-15,2,OP2504B,Fixed site,given
C-00759,PCV-2,2025-04-15,2,PC2504B,Fixed site,given
C-00759,Rota-2,2025-04-15,2,RT2504B,Fixed site,given
C-00759,Penta-3,2025-05-13,3,PT2505B,Fixed site,given
C-00759,OPV-3,2025-05-13,3,OP2505B,Fixed site,given
C-00759,PCV-3,2025-05-13,3,PC2505B,Fixed site,given
C-00759,Measles-1,2025-11-07,1,MR2511A,Fixed site,given
C-00759,Yellow Fever,2025-11-07,1,YF2511A,Fixed site,given
C-00760,BCG,2025-02-08,1,BC2502A,Fixed site,given
C-00760,OPV-0,2025-02-08,0,OP2502A,Fixed site,given
C-00760,Penta-1,2025-05-04,1,PT2505A,Fixed site,given
C-00760,OPV-1,2025-05-04,1,OP2505A,Fixed site,given
C-00760,Penta-2,2025-06-01,2,PT2506A,Fixed site,given
C-00760,OPV-2,2025-06-01,2,OP2506A,Fixed site,given
C-00760,PCV-2,2025-06-01,2,PC2506A,Fixed site,given
C-00760,Rota-2,2025-06-01,2,RT2506A,Fixed site,given
C-00760,Measles-1,2025-11-12,1,MR2511B,Fixed site,given
C-00760,Yellow Fever,2025-11-12,1,YF2511B,Fixed site,given
C-00760,Penta-3,2025-11-27,3,PT2511D,Fixed site,given
C-00760,OPV-3,2025-11-27,3,OP2511D,Fixed site,given
C-00760,PCV-3,2025-11-27,3,PC2511D,Fixed site,given
C-00761,BCG,2026-08-31,1,BC2608D,Fixed site,given
C-00761,Penta-1,2026-09-24,1,PT2609C,Fixed site,given
C-00761,OPV-1,2026-09-24,1,OP2609C,Fixed site,given
C-00761,PCV-1,2026-09-24,1,PC2609C,Fixed site,given
C-00761,Rota-1,2026-09-24,1,RT2609C,Fixed site,given
C-00762,Penta-1,2025-10-07,1,PT2510A,Fixed site,given
C-00762,OPV-1,2025-10-07,1,OP2510A,Fixed site,given
C-00762,PCV-1,2025-10-07,1,PC2510A,Fixed site,given
C-00762,Rota-1,2025-10-07,1,RT2510A,Fixed site,given
C-00762,Penta-2,2026-01-13,2,PT2601B,Fixed site,given
C-00762,PCV-2,2026-01-13,2,PC2601B,Fixed site,given
C-00762,Rota-2,2026-01-13,2,RT2601B,Fixed site,given
C-00762,Penta-3,2026-02-10,3,PT2602B,Fixed site,given
C-00762,OPV-3,2026-02-10,3,OP2602B,Fixed site,given
C-00762,PCV-3,2026-02-10,3,PC2602B,Fixed site,given
C-00762,Measles-1,2026-08-04,1,MR2608A,Fixed site,given
C-00762,Yellow Fever,2026-08-04,1,YF2608A,Fixed site,given
C-00763,BCG,2026-08-18,1,BC2608C,Fixed site,given
C-00764,BCG,2025-10-02,1,BC2510A,Fixed site,given
C-00764,OPV-0,2025-10-02,0,OP2510A,Fixed site,given
C-00764,Penta-1,2025-11-24,1,PT2511C,Fixed site,given
C-00764,OPV-1,2025-11-24,1,OP2511C,Fixed site,given
C-00764,PCV-1,2025-11-24,1,PC2511C,Fixed site,given
C-00764,Rota-1,2025-11-24,1,RT2511C,Fixed site,given
C-00764,Penta-2,2026-07-29,2,PT2607D,Fixed site,given
C-00764,OPV-2,2026-07-29,2,OP2607D,Fixed site,given
C-00764,PCV-2,2026-07-29,2,PC2607D,Fixed site,given
C-00764,Rota-2,2026-07-29,2,RT2607D,Fixed site,given
C-00764,Penta-3,2026-08-26,3,PT2608D,Fixed site,given
C-00764,OPV-3,2026-08-26,3,OP2608D,Fixed site,given
C-00764,PCV-3,2026-08-26,3,PC2608D,Fixed site,given
C-00765,BCG,2026-07-08,1,BC2607A,Fixed site,given
C-00765,OPV-0,2026-07-08,0,OP2607A,Fixed site,given
C-00765,Penta-1,2026-09-24,1,PT2609C,Fixed site,given
C-00765,OPV-1,2026-09-24,1,OP2609C,Fixed site,given
C-00765,PCV-1,2026-09-24,1,PC2609C,Fixed site,given
C-00765,Rota-1,2026-09-24,1,RT2609C,Fixed site,given
C-00766,BCG,2025-08-24,1,BC2508C,Fixed site,given
C-00766,OPV-0,2025-08-24,0,OP2508C,Fixed site,given
C-00766,Penta-1,2025-10-06,1,PT2510A,Fixed site,given
C-00766,PCV-1,2025-10-06,1,PC2510A,Fixed site,given
C-00766,Rota-1,2025-10-06,1,RT2510A,Fixed site,given
C-00766,Penta-2,2025-11-22,2,PT2511C,Fixed site,given
C-00766,PCV-2,2025-11-22,2,PC2511C,Fixed site,given
C-00766,Rota-2,2025-11-22,2,RT2511C,Fixed site,given
C-00766,Penta-3,2026-07-28,3,PT2607D,Fixed site,given
C-00766,OPV-3,2026-07-28,3,OP2607D,Fixed site,given
C-00766,PCV-3,2026-07-28,3,PC2607D,Fixed site,given
C-00766,Measles-1,2026-09-24,1,MR2609C,Fixed site,given
C-00766,Yellow Fever,2026-09-24,1,YF2609C,Fixed site,given
C-00767,BCG,2026-02-05,1,BC2602A,Fixed site,given
C-00767,OPV-0,2026-02-05,0,OP2602A,Fixed site,given
C-00767,Penta-1,2026-03-29,1,PT2603D,Fixed site,given
C-00767,OPV-1,2026-03-29,1,OP2603D,Fixed site,given
C-00767,PCV-1,2026-03-29,1,PC2603D,Fixed site,given
C-00767,Rota-1,2026-03-29,1,RT2603D,Fixed site,given
C-00767,Penta-2,2026-05-25,2,PT2605D,Fixed site,given
C-00767,OPV-2,2026-05-25,2,OP2605D,Fixed site,given
C-00767,PCV-2,2026-05-25,2,PC2605D,Fixed site,given
C-00767,Rota-2,2026-05-25,2,RT2605D,Fixed site,given
C-00767,Penta-3,2026-06-22,3,PT2606C,Fixed site,given
C-00767,OPV-3,2026-06-22,3,OP2606C,Fixed site,given
C-00767,PCV-3,2026-06-22,3,PC2606C,Fixed site,given
C-00768,BCG,2025-03-07,1,BC2503A,Fixed site,given
C-00768,OPV-0,2025-03-07,0,OP2503A,Fixed site,given
C-00768,Penta-1,2025-12-03,1,PT2512A,Fixed site,given
C-00768,OPV-1,2025-12-03,1,OP2512A,Fixed site,given
C-00768,PCV-1,2025-12-03,1,PC2512A,Fixed site,given
C-00768,Rota-1,2025-12-03,1,RT2512A,Fixed site,given
C-00768,Penta-2,2025-12-31,2,PT2512D,Fixed site,given
C-00768,OPV-2,2025-12-31,2,OP2512D,Fixed site,given
C-00768,PCV-2,2025-12-31,2,PC2512D,Fixed site,given
C-00768,Rota-2,2025-12-31,2,RT2512D,Fixed site,given
C-00768,Measles-1,2026-01-16,1,MR2601B,Fixed site,given
C-00768,Yellow Fever,2026-01-16,1,YF2601B,Fixed site,given
C-00768,Penta-3,2026-01-28,3,PT2601D,Fixed site,given
C-00768,OPV-3,2026-01-28,3,OP2601D,Fixed site,given
C-00768,PCV-3,2026-01-28,3,PC2601D,Fixed site,given
C-00768,Measles-2,2026-09-24,2,MR2609C,Fixed site,given
C-00769,BCG,2025-05-12,1,BC2505B,Fixed site,given
C-00769,OPV-0,2025-05-12,0,OP2505B,Fixed site,given
C-00769,Penta-1,2025-09-20,1,PT2509C,Fixed site,given
C-00769,OPV-1,2025-09-20,1,OP2509C,Fixed site,given
C-00769,PCV-1,2025-09-20,1,PC2509C,Fixed site,given
C-00769,Rota-1,2025-09-20,1,RT2509C,Fixed site,given
C-00769,Penta-2,2025-10-18,2,PT2510C,Fixed site,given
C-00769,OPV-2,2025-10-18,2,OP2510C,Fixed site,given
C-00769,PCV-2,2025-10-18,2,PC2510C,Fixed site,given
C-00769,Rota-2,2025-10-18,2,RT2510C,Fixed site,given
C-00769,Penta-3,2026-02-25,3,PT2602D,Fixed site,given
C-00769,OPV-3,2026-02-25,3,OP2602D,Fixed site,given
C-00769,Measles-1,2026-03-29,1,MR2603D,Fixed site,given
C-00769,Yellow Fever,2026-03-29,1,YF2603D,Fixed site,given
C-00770,BCG,2026-06-17,1,BC2606C,Fixed site,given
C-00770,Penta-1,2026-07-16,1,PT2607B,Fixed site,given
C-00770,OPV-1,2026-07-16,1,OP2607B,Fixed site,given
C-00770,PCV-1,2026-07-16,1,PC2607B,Fixed site,given
C-00770,Rota-1,2026-07-16,1,RT2607B,Fixed site,given
C-00771,BCG,2025-04-24,1,BC2504C,Fixed site,given
C-00771,Penta-1,2025-06-20,1,PT2506C,Fixed site,given
C-00771,OPV-1,2025-06-20,1,OP2506C,Fixed site,given
C-00771,PCV-1,2025-06-20,1,PC2506C,Fixed site,given
C-00771,Rota-1,2025-06-20,1,RT2506C,Fixed site,given
C-00771,Penta-2,2025-08-02,2,PT2508A,Fixed site,given
C-00771,OPV-2,2025-08-02,2,OP2508A,Fixed site,given
C-00771,PCV-2,2025-08-02,2,PC2508A,Fixed site,given
C-00771,Rota-2,2025-08-02,2,RT2508A,Fixed site,given
C-00771,Penta-3,2025-09-07,3,PT2509A,Fixed site,given
C-00771,PCV-3,2025-09-07,3,PC2509A,Fixed site,given
C-00772,BCG,2024-05-16,1,BC2405B,Fixed site,given
C-00772,Penta-1,2025-01-29,1,PT2501D,Fixed site,given
C-00772,OPV-1,2025-01-29,1,OP2501D,Fixed site,given
C-00772,PCV-1,2025-01-29,1,PC2501D,Fixed site,given
C-00772,Rota-1,2025-01-29,1,RT2501D,Fixed site,given
C-00772,Measles-1,2025-02-03,1,MR2502A,Fixed site,given
C-00772,Yellow Fever,2025-02-03,1,YF2502A,Fixed site,given
C-00772,Penta-2,2025-02-26,2,PT2502D,Fixed site,given
C-00772,OPV-2,2025-02-26,2,OP2502D,Fixed site,given
C-00772,PCV-2,2025-02-26,2,PC2502D,Fixed site,given
C-00772,Rota-2,2025-02-26,2,RT2502D,Fixed site,given
C-00772,Penta-3,2025-03-26,3,PT2503D,Fixed site,given
C-00772,OPV-3,2025-03-26,3,OP2503D,Fixed site,given
C-00772,PCV-3,2025-03-26,3,PC2503D,Fixed site,given
C-00773,Penta-1,2025-10-25,1,PT2510D,Fixed site,given
C-00773,OPV-1,2025-10-25,1,OP2510D,Fixed site,given
C-00773,PCV-1,2025-10-25,1,PC2510D,Fixed site,given
C-00773,Rota-1,2025-10-25,1,RT2510D,Fixed site,given
C-00773,Penta-2,2025-11-22,2,PT2511C,Outreach,given
C-00773,OPV-2,2025-11-22,2,OP2511C,Outreach,given
C-00773,PCV-2,2025-11-22,2,PC2511C,Outreach,given
C-00773,Rota-2,2025-11-22,2,RT2511C,Outreach,given
C-00773,Penta-3,2026-03-26,3,PT2603D,Fixed site,given
C-00773,OPV-3,2026-03-26,3,OP2603D,Fixed site,given
C-00773,PCV-3,2026-03-26,3,PC2603D,Fixed site,given
C-00773,Measles-1,2026-09-24,1,MR2609C,Fixed site,given
C-00773,Yellow Fever,2026-09-24,1,YF2609C,Fixed site,given
C-00774,BCG,2025-06-12,1,BC2506B,Fixed site,given
C-00774,Penta-1,2025-09-17,1,PT2509C,Fixed site,given
C-00774,OPV-1,2025-09-17,1,OP2509C,Fixed site,given
C-00774,PCV-1,2025-09-17,1,PC2509C,Fixed site,given
C-00774,Rota-1,2025-09-17,1,RT2509C,Fixed site,given
C-00774,Penta-2,2025-10-15,2,PT2510B,Fixed site,given
C-00774,OPV-2,2025-10-15,2,OP2510B,Fixed site,given
C-00774,PCV-2,2025-10-15,2,PC2510B,Fixed site,given
C-00774,Rota-2,2025-10-15,2,RT2510B,Fixed site,given
C-00774,Penta-3,2025-11-12,3,PT2511B,Fixed site,given
C-00774,OPV-3,2025-11-12,3,OP2511B,Fixed site,given
C-00774,PCV-3,2025-11-12,3,PC2511B,Fixed site,given
C-00774,Measles-1,2026-09-24,1,MR2609C,Fixed site,given
C-00774,Yellow Fever,2026-09-24,1,YF2609C,Fixed site,given
C-00775,Penta-1,2025-11-10,1,PT2511B,Fixed site,given
C-00775,OPV-1,2025-11-10,1,OP2511B,Fixed site,given
C-00775,PCV-1,2025-11-10,1,PC2511B,Fixed site,given
C-00775,Measles-1,2026-06-28,1,MR2606D,Fixed site,given
C-00775,Yellow Fever,2026-06-28,1,YF2606D,Fixed site,given
C-00775,Penta-2,2026-08-02,2,PT2608A,Fixed site,given
C-00775,OPV-2,2026-08-02,2,OP2608A,Fixed site,given
C-00775,PCV-2,2026-08-02,2,PC2608A,Fixed site,given
C-00775,Rota-2,2026-08-02,2,RT2608A,Fixed site,given
C-00775,Penta-3,2026-08-30,3,PT2608D,Fixed site,given
C-00775,PCV-3,2026-08-30,3,PC2608D,Fixed site,given
C-00776,BCG,2025-03-10,1,BC2503B,Fixed site,given
C-00776,Penta-1,2025-05-17,1,PT2505C,Fixed site,given
C-00776,OPV-1,2025-05-17,1,OP2505C,Fixed site,given
C-00776,PCV-1,2025-05-17,1,PC2505C,Fixed site,given
C-00776,Rota-1,2025-05-17,1,RT2505C,Fixed site,given
C-00776,Penta-2,2025-06-14,2,PT2506B,Outreach,given
C-00776,OPV-2,2025-06-14,2,OP2506B,Outreach,given
C-00776,PCV-2,2025-06-14,2,PC2506B,Outreach,given
C-00776,Rota-2,2025-06-14,2,RT2506B,Outreach,given
C-00776,Penta-3,2026-01-18,3,PT2601C,Fixed site,given
C-00776,OPV-3,2026-01-18,3,OP2601C,Fixed site,given
C-00776,Measles-1,2026-07-12,1,MR2607B,Fixed site,given
C-00776,Yellow Fever,2026-07-12,1,YF2607B,Fixed site,given
C-00777,BCG,2026-06-20,1,BC2606C,Fixed site,given
C-00777,Penta-1,2026-07-13,1,PT2607B,Fixed site,given
C-00777,OPV-1,2026-07-13,1,OP2607B,Fixed site,given
C-00777,PCV-1,2026-07-13,1,PC2607B,Fixed site,given
C-00777,Rota-1,2026-07-13,1,RT2607B,Fixed site,given
C-00777,Penta-2,2026-08-10,2,PT2608B,Fixed site,given
C-00777,OPV-2,2026-08-10,2,OP2608B,Fixed site,given
C-00777,PCV-2,2026-08-10,2,PC2608B,Fixed site,given
C-00777,Rota-2,2026-08-10,2,RT2608B,Fixed site,given
C-00777,Penta-3,2026-09-07,3,PT2609A,Fixed site,given
C-00777,OPV-3,2026-09-07,3,OP2609A,Fixed site,given
C-00777,PCV-3,2026-09-07,3,PC2609A,Fixed site,given
C-00778,BCG,2026-05-21,1,BC2605C,Fixed site,given
C-00778,OPV-0,2026-05-21,0,OP2605C,Fixed site,given
C-00778,Penta-1,2026-06-25,1,PT2606D,Fixed site,given
C-00778,OPV-1,2026-06-25,1,OP2606D,Fixed site,given
C-00778,PCV-1,2026-06-25,1,PC2606D,Fixed site,given
C-00778,Rota-1,2026-06-25,1,RT2606D,Fixed site,given
C-00778,Penta-2,2026-07-23,2,PT2607C,Fixed site,given
C-00778,OPV-2,2026-07-23,2,OP2607C,Fixed site,given
C-00778,PCV-2,2026-07-23,2,PC2607C,Fixed site,given
C-00778,Rota-2,2026-07-23,2,RT2607C,Fixed site,given
C-00778,Penta-3,2026-08-20,3,PT2608C,Fixed site,given
C-00778,OPV-3,2026-08-20,3,OP2608C,Fixed site,given
C-00778,PCV-3,2026-08-20,3,PC2608C,Fixed site,given
C-00779,Penta-1,2026-09-24,1,PT2609C,Fixed site,given
C-00779,OPV-1,2026-09-24,1,OP2609C,Fixed site,given
C-00779,PCV-1,2026-09-24,1,PC2609C,Fixed site,given
C-00779,Rota-1,2026-09-24,1,RT2609C,Fixed site,given
C-00780,Measles-1,2026-01-06,1,MR2601A,Fixed site,given
C-00780,Measles-2,2026-09-24,2,MR2609C,Fixed site,given
C-00781,BCG,2026-03-25,1,BC2603D,Fixed site,given
C-00781,Penta-1,2026-05-21,1,PT2605C,Fixed site,given
C-00781,OPV-1,2026-05-21,1,OP2605C,Fixed site,given
C-00781,PCV-1,2026-05-21,1,PC2605C,Fixed site,given
C-00781,Rota-1,2026-05-21,1,RT2605C,Fixed site,given
C-00781,Penta-2,2026-06-18,2,PT2606C,Fixed site,given
C-00781,OPV-2,2026-06-18,2,OP2606C,Fixed site,given
C-00781,PCV-2,2026-06-18,2,PC2606C,Fixed site,given
C-00781,Rota-2,2026-06-18,2,RT2606C,Fixed site,given
C-00781,Penta-3,2026-07-21,3,PT2607C,Fixed site,given
C-00781,OPV-3,2026-07-21,3,OP2607C,Fixed site,given
C-00781,PCV-3,2026-07-21,3,PC2607C,Fixed site,given
C-00782,BCG,2025-02-25,1,BC2502D,Fixed site,given
C-00782,OPV-0,2025-02-25,0,OP2502D,Fixed site,given
C-00782,Measles-1,2025-12-26,1,MR2512D,Fixed site,given
C-00782,Yellow Fever,2025-12-26,1,YF2512D,Fixed site,given
C-00783,Penta-1,2026-04-11,1,PT2604B,Fixed site,given
C-00783,OPV-1,2026-04-11,1,OP2604B,Fixed site,given
C-00783,PCV-1,2026-04-11,1,PC2604B,Fixed site,given
C-00783,Rota-1,2026-04-11,1,RT2604B,Fixed site,given
C-00783,Penta-2,2026-05-09,2,PT2605B,Fixed site,given
C-00783,OPV-2,2026-05-09,2,OP2605B,Fixed site,given
C-00783,PCV-2,2026-05-09,2,PC2605B,Fixed site,given
C-00783,Rota-2,2026-05-09,2,RT2605B,Fixed site,given
C-00783,BCG,2026-05-10,1,BC2605B,Fixed site,given
C-00783,Penta-3,2026-06-06,3,PT2606A,Fixed site,given
C-00783,OPV-3,2026-06-06,3,OP2606A,Fixed site,given
C-00783,PCV-3,2026-06-06,3,PC2606A,Fixed site,given
C-00784,BCG,2024-05-28,1,BC2405D,Fixed site,given
C-00784,Penta-1,2024-07-06,1,PT2407A,Fixed site,given
C-00784,OPV-1,2024-07-06,1,OP2407A,Fixed site,given
C-00784,PCV-1,2024-07-06,1,PC2407A,Fixed site,given
C-00784,Rota-1,2024-07-06,1,RT2407A,Fixed site,given
C-00784,Penta-2,2024-09-01,2,PT2409A,Fixed site,given
C-00784,OPV-2,2024-09-01,2,OP2409A,Fixed site,given
C-00784,PCV-2,2024-09-01,2,PC2409A,Fixed site,given
C-00784,Rota-2,2024-09-01,2,RT2409A,Fixed site,given
C-00784,Penta-3,2025-03-31,3,PT2503D,Fixed site,given
C-00784,OPV-3,2025-03-31,3,OP2503D,Fixed site,given
C-00784,PCV-3,2025-03-31,3,PC2503D,Fixed site,given
C-00784,Measles-1,2025-07-18,1,MR2507C,Fixed site,given
C-00784,Yellow Fever,2025-07-18,1,YF2507C,Fixed site,given
C-00785,Penta-1,2024-11-10,1,PT2411B,Fixed site,given
C-00785,OPV-1,2024-11-10,1,OP2411B,Fixed site,given
C-00785,Rota-1,2024-11-10,1,RT2411B,Fixed site,given
C-00785,BCG,2024-11-15,1,BC2411B,Fixed site,given
C-00785,Penta-2,2025-01-12,2,PT2501B,Fixed site,given
C-00785,OPV-2,2025-01-12,2,OP2501B,Fixed site,given
C-00785,PCV-2,2025-01-12,2,PC2501B,Fixed site,given
C-00785,Rota-2,2025-01-12,2,RT2501B,Fixed site,given
C-00785,Penta-3,2025-02-15,3,PT2502B,Fixed site,given
C-00785,OPV-3,2025-02-15,3,OP2502B,Fixed site,given
C-00785,PCV-3,2025-02-15,3,PC2502B,Fixed site,given
C-00785,Measles-1,2026-02-21,1,MR2602C,Fixed site,given
C-00785,Yellow Fever,2026-02-21,1,YF2602C,Fixed site,given
C-00785,Measles-2,2026-05-04,2,MR2605A,Fixed site,given
C-00786,BCG,2026-05-18,1,BC2605C,Outreach,given
C-00786,Penta-1,2026-06-04,1,PT2606A,Fixed site,given
C-00786,OPV-1,2026-06-04,1,OP2606A,Fixed site,given
C-00786,PCV-1,2026-06-04,1,PC2606A,Fixed site,given
C-00786,Rota-1,2026-06-04,1,RT2606A,Fixed site,given
C-00786,Penta-2,2026-07-10,2,PT2607B,Fixed site,given
C-00786,OPV-2,2026-07-10,2,OP2607B,Fixed site,given
C-00786,PCV-2,2026-07-10,2,PC2607B,Fixed site,given
C-00786,Rota-2,2026-07-10,2,RT2607B,Fixed site,given
C-00786,Penta-3,2026-09-20,3,PT2609C,Fixed site,given
C-00786,PCV-3,2026-09-20,3,PC2609C,Fixed site,given
C-00787,BCG,2026-06-05,1,BC2606A,Fixed site,given
C-00787,Penta-1,2026-06-29,1,PT2606D,Fixed site,given
C-00787,OPV-1,2026-06-29,1,OP2606D,Fixed site,given
C-00787,Rota-1,2026-06-29,1,RT2606D,Fixed site,given
C-00787,Penta-2,2026-07-27,2,PT2607D,Fixed site,given
C-00787,OPV-2,2026-07-27,2,OP2607D,Fixed site,given
C-00787,PCV-2,2026-07-27,2,PC2607D,Fixed site,given
C-00787,Rota-2,2026-07-27,2,RT2607D,Fixed site,given
C-00787,Penta-3,2026-08-24,3,PT2608C,Fixed site,given
C-00787,OPV-3,2026-08-24,3,OP2608C,Fixed site,given
C-00787,PCV-3,2026-08-24,3,PC2608C,Fixed site,given
C-00788,BCG,2025-09-29,1,BC2509D,Fixed site,given
C-00788,OPV-0,2025-09-29,0,OP2509D,Fixed site,given
C-00788,Penta-1,2025-11-13,1,PT2511B,Fixed site,given
C-00788,OPV-1,2025-11-13,1,OP2511B,Fixed site,given
C-00788,PCV-1,2025-11-13,1,PC2511B,Fixed site,given
C-00788,Rota-1,2025-11-13,1,RT2511B,Fixed site,given
C-00788,Penta-2,2026-06-03,2,PT2606A,Fixed site,given
C-00788,OPV-2,2026-06-03,2,OP2606A,Fixed site,given
C-00788,PCV-2,2026-06-03,2,PC2606A,Fixed site,given
C-00788,Rota-2,2026-06-03,2,RT2606A,Fixed site,given
C-00788,Penta-3,2026-07-01,3,PT2607A,Fixed site,given
C-00788,OPV-3,2026-07-01,3,OP2607A,Fixed site,given
C-00788,PCV-3,2026-07-01,3,PC2607A,Fixed site,given
C-00788,Measles-1,2026-09-24,1,MR2609C,Fixed site,given
C-00788,Yellow Fever,2026-09-24,1,YF2609C,Fixed site,given
C-00789,BCG,2026-04-30,1,BC2604D,Fixed site,given
C-00789,OPV-0,2026-04-30,0,OP2604D,Fixed site,given
C-00789,Penta-1,2026-06-25,1,PT2606D,Fixed site,given
C-00789,OPV-1,2026-06-25,1,OP2606D,Fixed site,given
C-00789,PCV-1,2026-06-25,1,PC2606D,Fixed site,given
C-00789,Rota-1,2026-06-25,1,RT2606D,Fixed site,given
C-00789,Penta-2,2026-07-23,2,PT2607C,Fixed site,given
C-00789,OPV-2,2026-07-23,2,OP2607C,Fixed site,given
C-00789,PCV-2,2026-07-23,2,PC2607C,Fixed site,given
C-00789,Rota-2,2026-07-23,2,RT2607C,Fixed site,given
C-00789,Penta-3,2026-08-21,3,PT2608C,Fixed site,given
C-00789,OPV-3,2026-08-21,3,OP2608C,Fixed site,given
C-00789,PCV-3,2026-08-21,3,PC2608C,Fixed site,given
C-00790,BCG,2025-10-24,1,BC2510C,Fixed site,given
C-00790,Penta-1,2026-06-01,1,PT2606A,Fixed site,given
C-00790,OPV-1,2026-06-01,1,OP2606A,Fixed site,given
C-00790,PCV-1,2026-06-01,1,PC2606A,Fixed site,given
C-00790,Rota-1,2026-06-01,1,RT2606A,Fixed site,given
C-00790,Penta-2,2026-06-29,2,PT2606D,Fixed site,given
C-00790,OPV-2,2026-06-29,2,OP2606D,Fixed site,given
C-00790,PCV-2,2026-06-29,2,PC2606D,Fixed site,given
C-00790,Rota-2,2026-06-29,2,RT2606D,Fixed site,given
C-00790,Penta-3,2026-07-27,3,PT2607D,Fixed site,given
C-00790,OPV-3,2026-07-27,3,OP2607D,Fixed site,given
C-00790,PCV-3,2026-07-27,3,PC2607D,Fixed site,given
C-00790,Measles-1,2026-09-06,1,MR2609A,Fixed site,given
C-00790,Yellow Fever,2026-09-06,1,YF2609A,Fixed site,given
C-00791,BCG,2026-04-05,1,BC2604A,Fixed site,given
C-00791,OPV-0,2026-04-05,0,OP2604A,Fixed site,given
C-00791,Penta-1,2026-06-20,1,PT2606C,Fixed site,given
C-00791,OPV-1,2026-06-20,1,OP2606C,Fixed site,given
C-00791,PCV-1,2026-06-20,1,PC2606C,Fixed site,given
C-00791,Rota-1,2026-06-20,1,RT2606C,Fixed site,given
C-00791,OPV-3,2026-07-23,3,OP2607C,Fixed site,given
C-00792,BCG,2026-04-01,1,BC2604A,Fixed site,given
C-00792,OPV-0,2026-04-01,0,OP2604A,Fixed site,given
C-00792,Penta-1,2026-06-10,1,PT2606B,Fixed site,given
C-00792,OPV-1,2026-06-10,1,OP2606B,Fixed site,given
C-00792,PCV-1,2026-06-10,1,PC2606B,Fixed site,given
C-00792,Rota-1,2026-06-10,1,RT2606B,Fixed site,given
C-00792,Penta-2,2026-07-08,2,PT2607A,Fixed site,given
C-00792,OPV-2,2026-07-08,2,OP2607A,Fixed site,given
C-00792,PCV-2,2026-07-08,2,PC2607A,Fixed site,given
C-00792,Rota-2,2026-07-08,2,RT2607A,Fixed site,given
C-00792,Penta-3,2026-08-05,3,PT2608A,Fixed site,given
C-00792,OPV-3,2026-08-05,3,OP2608A,Fixed site,given
C-00792,PCV-3,2026-08-05,3,PC2608A,Fixed site,given
C-00793,BCG,2025-08-11,1,BC2508B,Outreach,given
C-00793,OPV-0,2025-08-11,0,OP2508B,Outreach,given
C-00793,Penta-1,2025-09-25,1,PT2509D,Fixed site,given
C-00793,OPV-1,2025-09-25,1,OP2509D,Fixed site,given
C-00793,PCV-1,2025-09-25,1,PC2509D,Fixed site,given
C-00793,Rota-1,2025-09-25,1,RT2509D,Fixed site,given
C-00793,Penta-2,2025-10-23,2,PT2510C,Fixed site,given
C-00793,OPV-2,2025-10-23,2,OP2510C,Fixed site,given
C-00793,PCV-2,2025-10-23,2,PC2510C,Fixed site,given
C-00793,Penta-3,2025-12-02,3,PT2512A,Fixed site,given
C-00793,OPV-3,2025-12-02,3,OP2512A,Fixed site,given
C-00793,PCV-3,2025-12-02,3,PC2512A,Fixed site,given
C-00793,Measles-1,2026-09-24,1,MR2609C,Fixed site,given
C-00793,Yellow Fever,2026-09-24,1,YF2609C,Fixed site,given
C-00795,Penta-1,2025-12-01,1,PT2512A,Fixed site,given
C-00795,OPV-1,2025-12-01,1,OP2512A,Fixed site,given
C-00795,PCV-1,2025-12-01,1,PC2512A,Fixed site,given
C-00795,Rota-1,2025-12-01,1,RT2512A,Fixed site,given
C-00795,Penta-2,2026-02-26,2,PT2602D,Fixed site,given
C-00795,PCV-2,2026-02-26,2,PC2602D,Fixed site,given
C-00795,Rota-2,2026-02-26,2,RT2602D,Fixed site,given
C-00795,Penta-3,2026-03-26,3,PT2603D,Outreach,given
C-00795,OPV-3,2026-03-26,3,OP2603D,Outreach,given
C-00795,PCV-3,2026-03-26,3,PC2603D,Outreach,given
C-00795,Measles-1,2026-09-24,1,MR2609C,Fixed site,given
C-00796,BCG,2026-02-03,1,BC2602A,Fixed site,given
C-00796,OPV-0,2026-02-03,0,OP2602A,Fixed site,given
C-00796,Penta-1,2026-04-20,1,PT2604C,Fixed site,given
C-00796,OPV-1,2026-04-20,1,OP2604C,Fixed site,given
C-00796,PCV-1,2026-04-20,1,PC2604C,Fixed site,given
C-00796,Rota-1,2026-04-20,1,RT2604C,Fixed site,given
C-00796,Penta-2,2026-06-07,2,PT2606A,Fixed site,given
C-00796,OPV-2,2026-06-07,2,OP2606A,Fixed site,given
C-00796,PCV-2,2026-06-07,2,PC2606A,Fixed site,given
C-00796,Rota-2,2026-06-07,2,RT2606A,Fixed site,given
C-00796,Penta-3,2026-07-05,3,PT2607A,Fixed site,given
C-00796,PCV-3,2026-07-05,3,PC2607A,Fixed site,given
C-00797,Penta-1,2026-05-10,1,PT2605B,Fixed site,given
C-00797,OPV-1,2026-05-10,1,OP2605B,Fixed site,given
C-00797,PCV-1,2026-05-10,1,PC2605B,Fixed site,given
C-00797,Rota-1,2026-05-10,1,RT2605B,Fixed site,given
C-00797,Penta-2,2026-06-22,2,PT2606C,Fixed site,given
C-00797,OPV-2,2026-06-22,2,OP2606C,Fixed site,given
C-00797,PCV-2,2026-06-22,2,PC2606C,Fixed site,given
C-00797,Rota-2,2026-06-22,2,RT2606C,Fixed site,given
C-00797,Penta-3,2026-07-20,3,PT2607C,Fixed site,given
C-00797,OPV-3,2026-07-20,3,OP2607C,Fixed site,given
C-00798,BCG,2026-07-25,1,BC2607D,Fixed site,given
C-00798,OPV-0,2026-07-25,0,OP2607D,Fixed site,given
C-00798,Penta-1,2026-09-24,1,PT2609C,Fixed site,given
C-00798,OPV-1,2026-09-24,1,OP2609C,Fixed site,given
C-00798,PCV-1,2026-09-24,1,PC2609C,Fixed site,given
C-00798,Rota-1,2026-09-24,1,RT2609C,Fixed site,given
C-00799,BCG,2026-07-05,1,BC2607A,Fixed site,given
C-00799,Penta-1,2026-07-12,1,PT2607B,Fixed site,given
C-00799,OPV-1,2026-07-12,1,OP2607B,Fixed site,given
C-00799,PCV-1,2026-07-12,1,PC2607B,Fixed site,given
C-00799,Rota-1,2026-07-12,1,RT2607B,Fixed site,given
C-00799,Penta-2,2026-09-24,2,PT2609C,Fixed site,given
C-00799,OPV-2,2026-09-24,2,OP2609C,Fixed site,given
C-00799,PCV-2,2026-09-24,2,PC2609C,Fixed site,given
C-00799,Rota-2,2026-09-24,2,RT2609C,Fixed site,given
C-00800,BCG,2026-09-10,1,BC2609B,Fixed site,given
C-00800,OPV-0,2026-09-10,0,OP2609B,Fixed site,given
C-00801,BCG,2025-08-21,1,BC2508C,Fixed site,given
C-00801,Penta-1,2025-08-28,1,PT2508D,Fixed site,given
C-00801,OPV-1,2025-08-28,1,OP2508D,Fixed site,given
C-00801,PCV-1,2025-08-28,1,PC2508D,Fixed site,given
C-00801,Rota-1,2025-08-28,1,RT2508D,Fixed site,given
C-00801,Penta-2,2025-10-30,2,PT2510D,Fixed site,given
C-00801,OPV-2,2025-10-30,2,OP2510D,Fixed site,given
C-00801,PCV-2,2025-10-30,2,PC2510D,Fixed site,given
C-00801,Rota-2,2025-10-30,2,RT2510D,Fixed site,given
C-00801,Penta-3,2025-12-30,3,PT2512D,Fixed site,given
C-00801,OPV-3,2025-12-30,3,OP2512D,Fixed site,given
C-00801,PCV-3,2025-12-30,3,PC2512D,Fixed site,given
C-00801,Measles-1,2026-05-17,1,MR2605C,Fixed site,given
C-00801,Yellow Fever,2026-05-17,1,YF2605C,Fixed site,given
C-00802,Penta-1,2025-07-09,1,PT2507B,Fixed site,given
C-00802,OPV-1,2025-07-09,1,OP2507B,Fixed site,given
C-00802,PCV-1,2025-07-09,1,PC2507B,Fixed site,given
C-00802,Rota-1,2025-07-09,1,RT2507B,Fixed site,given
C-00802,BCG,2025-07-24,1,BC2507C,Fixed site,given
C-00802,Penta-2,2025-08-28,2,PT2508D,Fixed site,given
C-00802,OPV-2,2025-08-28,2,OP2508D,Fixed site,given
C-00802,PCV-2,2025-08-28,2,PC2508D,Fixed site,given
C-00802,Rota-2,2025-08-28,2,RT2508D,Fixed site,given
C-00802,Penta-3,2025-10-06,3,PT2510A,Fixed site,given
C-00802,OPV-3,2025-10-06,3,OP2510A,Fixed site,given
C-00802,PCV-3,2025-10-06,3,PC2510A,Fixed site,given
C-00802,Measles-1,2026-04-08,1,MR2604A,Fixed site,given
C-00802,Yellow Fever,2026-04-08,1,YF2604A,Fixed site,given
C-00803,Penta-1,2025-11-12,1,PT2511B,Fixed site,given
C-00803,OPV-1,2025-11-12,1,OP2511B,Fixed site,given
C-00803,PCV-1,2025-11-12,1,PC2511B,Fixed site,given
C-00803,Rota-1,2025-11-12,1,RT2511B,Fixed site,given
C-00803,Penta-2,2026-03-10,2,PT2603B,Fixed site,given
C-00803,OPV-2,2026-03-10,2,OP2603B,Fixed site,given
C-00803,PCV-2,2026-03-10,2,PC2603B,Fixed site,given
C-00803,Rota-2,2026-03-10,2,RT2603B,Fixed site,given
C-00803,Penta-3,2026-04-07,3,PT2604A,Fixed site,given
C-00803,OPV-3,2026-04-07,3,OP2604A,Fixed site,given
C-00803,PCV-3,2026-04-07,3,PC2604A,Fixed site,given
C-00803,Measles-1,2026-07-21,1,MR2607C,Fixed site,given
C-00803,Yellow Fever,2026-07-21,1,YF2607C,Fixed site,given
C-00804,BCG,2025-05-13,1,BC2505B,Fixed site,given
C-00804,Penta-1,2025-06-17,1,PT2506C,Fixed site,given
C-00804,OPV-1,2025-06-17,1,OP2506C,Fixed site,given
C-00804,PCV-1,2025-06-17,1,PC2506C,Fixed site,given
C-00804,Rota-1,2025-06-17,1,RT2506C,Fixed site,given
C-00804,Penta-2,2025-08-16,2,PT2508B,Fixed site,given
C-00804,OPV-2,2025-08-16,2,OP2508B,Fixed site,given
C-00804,PCV-2,2025-08-16,2,PC2508B,Fixed site,given
C-00804,Rota-2,2025-08-16,2,RT2508B,Fixed site,given
C-00804,Penta-3,2025-09-13,3,PT2509B,Fixed site,given
C-00804,OPV-3,2025-09-13,3,OP2509B,Fixed site,given
C-00804,PCV-3,2025-09-13,3,PC2509B,Fixed site,given
C-00804,Measles-1,2026-02-05,1,MR2602A,Fixed site,given
C-00805,BCG,2025-04-27,1,BC2504D,Fixed site,given
C-00805,OPV-0,2025-04-27,0,OP2504D,Fixed site,given
C-00805,Penta-1,2025-06-13,1,PT2506B,Fixed site,given
C-00805,OPV-1,2025-06-13,1,OP2506B,Fixed site,given
C-00805,PCV-1,2025-06-13,1,PC2506B,Fixed site,given
C-00805,Rota-1,2025-06-13,1,RT2506B,Fixed site,given
C-00805,Penta-2,2025-08-16,2,PT2508B,Fixed site,given
C-00805,OPV-2,2025-08-16,2,OP2508B,Fixed site,given
C-00805,PCV-2,2025-08-16,2,PC2508B,Fixed site,given
C-00805,Rota-2,2025-08-16,2,RT2508B,Fixed site,given
C-00805,Penta-3,2025-09-13,3,PT2509B,Fixed site,given
C-00805,PCV-3,2025-09-13,3,PC2509B,Fixed site,given
C-00805,Measles-1,2026-09-21,1,MR2609C,Fixed site,given
C-00805,Yellow Fever,2026-09-21,1,YF2609C,Fixed site,given
C-00806,BCG,2026-07-07,1,BC2607A,Fixed site,given
C-00806,OPV-0,2026-07-07,0,OP2607A,Fixed site,given
C-00806,Penta-1,2026-08-17,1,PT2608C,Fixed site,given
C-00806,Penta-2,2026-09-14,2,PT2609B,Fixed site,given
C-00806,OPV-2,2026-09-14,2,OP2609B,Fixed site,given
C-00806,PCV-2,2026-09-14,2,PC2609B,Fixed site,given
C-00806,Rota-2,2026-09-14,2,RT2609B,Fixed site,given
C-00806,OPV-1,2026-09-23,1,OP2609C,Fixed site,given
C-00806,PCV-1,2026-09-23,1,PC2609C,Fixed site,given
C-00806,Rota-1,2026-09-23,1,RT2609C,Fixed site,given
C-00807,BCG,2024-11-17,1,BC2411C,Fixed site,given
C-00807,OPV-0,2024-11-17,0,OP2411C,Fixed site,given
C-00807,Penta-1,2025-01-02,1,PT2501A,Fixed site,given
C-00807,OPV-1,2025-01-02,1,OP2501A,Fixed site,given
C-00807,PCV-1,2025-01-02,1,PC2501A,Fixed site,given
C-00807,Rota-1,2025-01-02,1,RT2501A,Fixed site,given
C-00807,Penta-2,2025-02-08,2,PT2502A,Fixed site,given
C-00807,OPV-2,2025-02-08,2,OP2502A,Fixed site,given
C-00807,PCV-2,2025-02-08,2,PC2502A,Fixed site,given
C-00807,Rota-2,2025-02-08,2,RT2502A,Fixed site,given
C-00807,Penta-3,2025-03-29,3,PT2503D,Fixed site,given
C-00807,OPV-3,2025-03-29,3,OP2503D,Fixed site,given
C-00807,PCV-3,2025-03-29,3,PC2503D,Fixed site,given
C-00807,Measles-1,2025-11-04,1,MR2511A,Fixed site,given
C-00807,Yellow Fever,2025-11-04,1,YF2511A,Fixed site,given
C-00807,Measles-2,2026-07-30,2,MR2607D,Outreach,given
C-00808,BCG,2025-12-06,1,BC2512A,Fixed site,given
C-00808,OPV-0,2025-12-06,0,OP2512A,Fixed site,given
C-00808,Penta-1,2026-03-02,1,PT2603A,Fixed site,given
C-00808,OPV-1,2026-03-02,1,OP2603A,Fixed site,given
C-00808,PCV-1,2026-03-02,1,PC2603A,Fixed site,given
C-00808,Rota-1,2026-03-02,1,RT2603A,Fixed site,given
C-00808,Penta-2,2026-03-30,2,PT2603D,Fixed site,given
C-00808,OPV-2,2026-03-30,2,OP2603D,Fixed site,given
C-00808,Rota-2,2026-03-30,2,RT2603D,Fixed site,given
C-00808,Penta-3,2026-07-06,3,PT2607A,Fixed site,given
C-00808,OPV-3,2026-07-06,3,OP2607A,Fixed site,given
C-00808,PCV-3,2026-07-06,3,PC2607A,Fixed site,given
C-00808,Measles-1,2026-09-24,1,MR2609C,Fixed site,given
C-00808,Yellow Fever,2026-09-24,1,YF2609C,Fixed site,given
C-00809,BCG,2025-11-13,1,BC2511B,Fixed site,given
C-00809,Penta-1,2025-12-12,1,PT2512B,Fixed site,given
C-00809,OPV-1,2025-12-12,1,OP2512B,Fixed site,given
C-00809,PCV-1,2025-12-12,1,PC2512B,Fixed site,given
C-00809,Rota-1,2025-12-12,1,RT2512B,Fixed site,given
C-00809,Penta-2,2026-05-11,2,PT2605B,Fixed site,given
C-00809,OPV-2,2026-05-11,2,OP2605B,Fixed site,given
C-00809,PCV-2,2026-05-11,2,PC2605B,Fixed site,given
C-00809,Rota-2,2026-05-11,2,RT2605B,Fixed site,given
C-00809,Penta-3,2026-06-08,3,PT2606A,Fixed site,given
C-00809,OPV-3,2026-06-08,3,OP2606A,Fixed site,given
C-00809,PCV-3,2026-06-08,3,PC2606A,Fixed site,given
C-00809,Measles-1,2026-09-09,1,MR2609B,Fixed site,given
C-00809,Yellow Fever,2026-09-09,1,YF2609B,Fixed site,given
C-00810,BCG,2025-02-26,1,BC2502D,Fixed site,given
C-00810,Penta-1,2025-07-19,1,PT2507C,Fixed site,given
C-00810,OPV-1,2025-07-19,1,OP2507C,Fixed site,given
C-00810,PCV-1,2025-07-19,1,PC2507C,Fixed site,given
C-00810,Rota-1,2025-07-19,1,RT2507C,Fixed site,given
C-00810,Penta-2,2025-08-16,2,PT2508B,Fixed site,given
C-00810,OPV-2,2025-08-16,2,OP2508B,Fixed site,given
C-00810,PCV-2,2025-08-16,2,PC2508B,Fixed site,given
C-00810,Penta-3,2025-09-13,3,PT2509B,Fixed site,given
C-00810,OPV-3,2025-09-13,3,OP2509B,Fixed site,given
C-00810,PCV-3,2025-09-13,3,PC2509B,Fixed site,given
C-00810,Measles-1,2025-11-25,1,MR2511D,Outreach,given
C-00810,Yellow Fever,2025-11-25,1,YF2511D,Outreach,given
C-00811,BCG,2026-09-11,1,BC2609B,Fixed site,given
C-00811,OPV-0,2026-09-11,0,OP2609B,Fixed site,given
C-00812,Penta-1,2025-12-14,1,PT2512B,Fixed site,given
C-00812,OPV-1,2025-12-14,1,OP2512B,Fixed site,given
C-00812,PCV-1,2025-12-14,1,PC2512B,Fixed site,given
C-00812,Rota-1,2025-12-14,1,RT2512B,Fixed site,given
C-00812,BCG,2025-12-16,1,BC2512B,Fixed site,given
C-00812,Penta-2,2026-01-17,2,PT2601C,Fixed site,given
C-00812,OPV-2,2026-01-17,2,OP2601C,Fixed site,given
C-00812,PCV-2,2026-01-17,2,PC2601C,Fixed site,given
C-00812,Rota-2,2026-01-17,2,RT2601C,Fixed site,given
C-00812,Penta-3,2026-02-18,3,PT2602C,Fixed site,given
C-00812,OPV-3,2026-02-18,3,OP2602C,Fixed site,given
C-00812,PCV-3,2026-02-18,3,PC2602C,Fixed site,given
C-00812,Measles-1,2026-09-24,1,MR2609C,Fixed site,given
C-00812,Yellow Fever,2026-09-24,1,YF2609C,Fixed site,given
C-00813,BCG,2025-04-29,1,BC2504D,Fixed site,given
C-00813,Penta-1,2025-05-24,1,PT2505C,Outreach,given
C-00813,OPV-1,2025-05-24,1,OP2505C,Outreach,given
C-00813,PCV-1,2025-05-24,1,PC2505C,Outreach,given
C-00813,Rota-1,2025-05-24,1,RT2505C,Outreach,given
C-00813,Penta-2,2025-07-10,2,PT2507B,Fixed site,given
C-00813,PCV-2,2025-07-10,2,PC2507B,Fixed site,given
C-00813,Rota-2,2025-07-10,2,RT2507B,Fixed site,given
C-00813,Penta-3,2025-08-07,3,PT2508A,Fixed site,given
C-00813,OPV-3,2025-08-07,3,OP2508A,Fixed site,given
C-00813,PCV-3,2025-08-07,3,PC2508A,Fixed site,given
C-00813,Measles-1,2026-06-13,1,MR2606B,Outreach,given
C-00813,Yellow Fever,2026-06-13,1,YF2606B,Outreach,given
C-00814,BCG,2026-08-21,1,BC2608C,Fixed site,given
C-00814,OPV-0,2026-08-21,0,OP2608C,Fixed site,given
C-00814,Penta-1,2026-09-24,1,PT2609C,Fixed site,given
C-00814,OPV-1,2026-09-24,1,OP2609C,Fixed site,given
C-00814,PCV-1,2026-09-24,1,PC2609C,Fixed site,given
C-00814,Rota-1,2026-09-24,1,RT2609C,Fixed site,given
C-00815,BCG,2026-04-07,1,BC2604A,Fixed site,given
C-00815,OPV-0,2026-04-07,0,OP2604A,Fixed site,given
C-00815,Penta-1,2026-07-29,1,PT2607D,Fixed site,given
C-00815,OPV-1,2026-07-29,1,OP2607D,Fixed site,given
C-00815,PCV-1,2026-07-29,1,PC2607D,Fixed site,given
C-00815,Rota-1,2026-07-29,1,RT2607D,Fixed site,given
C-00815,Penta-2,2026-08-26,2,PT2608D,Fixed site,given
C-00815,OPV-2,2026-08-26,2,OP2608D,Fixed site,given
C-00815,PCV-2,2026-08-26,2,PC2608D,Fixed site,given
C-00815,Rota-2,2026-08-26,2,RT2608D,Fixed site,given
C-00815,Penta-3,2026-09-24,3,PT2609C,Fixed site,given
C-00815,OPV-3,2026-09-24,3,OP2609C,Fixed site,given
C-00815,PCV-3,2026-09-24,3,PC2609C,Fixed site,given
C-00816,BCG,2026-08-12,1,BC2608B,Fixed site,given
C-00817,BCG,2026-01-15,1,BC2601B,Fixed site,given
C-00817,Penta-1,2026-04-21,1,PT2604C,Fixed site,given
C-00817,OPV-1,2026-04-21,1,OP2604C,Fixed site,given
C-00817,PCV-1,2026-04-21,1,PC2604C,Fixed site,given
C-00817,Rota-1,2026-04-21,1,RT2604C,Fixed site,given
C-00817,Penta-2,2026-05-19,2,PT2605C,Fixed site,given
C-00817,OPV-2,2026-05-19,2,OP2605C,Fixed site,given
C-00817,PCV-2,2026-05-19,2,PC2605C,Fixed site,given
C-00817,Rota-2,2026-05-19,2,RT2605C,Fixed site,given
C-00817,Penta-3,2026-06-16,3,PT2606B,Fixed site,given
C-00817,OPV-3,2026-06-16,3,OP2606B,Fixed site,given
C-00817,PCV-3,2026-06-16,3,PC2606B,Fixed site,given
C-00817,Measles-1,2026-09-24,1,MR2609C,Fixed site,given
C-00817,Yellow Fever,2026-09-24,1,YF2609C,Fixed site,given
C-00818,BCG,2025-05-25,1,BC2505D,Fixed site,given
C-00818,OPV-0,2025-05-25,0,OP2505D,Fixed site,given
C-00818,Measles-1,2026-02-17,1,MR2602C,Fixed site,given
C-00818,Penta-1,2026-02-25,1,PT2602D,Outreach,given
C-00818,OPV-1,2026-02-25,1,OP2602D,Outreach,given
C-00818,PCV-1,2026-02-25,1,PC2602D,Outreach,given
C-00818,Rota-1,2026-02-25,1,RT2602D,Outreach,given
C-00818,Penta-2,2026-03-25,2,PT2603D,Fixed site,given
C-00818,OPV-2,2026-03-25,2,OP2603D,Fixed site,given
C-00818,PCV-2,2026-03-25,2,PC2603D,Fixed site,given
C-00818,Rota-2,2026-03-25,2,RT2603D,Fixed site,given
C-00818,Penta-3,2026-04-22,3,PT2604C,Fixed site,given
C-00818,OPV-3,2026-04-22,3,OP2604C,Fixed site,given
C-00818,PCV-3,2026-04-22,3,PC2604C,Fixed site,given
C-00819,BCG,2026-02-21,1,BC2602C,Outreach,given
C-00819,Penta-1,2026-03-18,1,PT2603C,Fixed site,given
C-00819,OPV-1,2026-03-18,1,OP2603C,Fixed site,given
C-00819,PCV-1,2026-03-18,1,PC2603C,Fixed site,given
C-00819,Rota-1,2026-03-18,1,RT2603C,Fixed site,given
C-00819,Penta-2,2026-04-19,2,PT2604C,Fixed site,given
C-00819,OPV-2,2026-04-19,2,OP2604C,Fixed site,given
C-00819,PCV-2,2026-04-19,2,PC2604C,Fixed site,given
C-00819,Rota-2,2026-04-19,2,RT2604C,Fixed site,given
C-00819,Penta-3,2026-05-17,3,PT2605C,Fixed site,given
C-00819,OPV-3,2026-05-17,3,OP2605C,Fixed site,given
C-00819,PCV-3,2026-05-17,3,PC2605C,Fixed site,given
C-00820,Penta-1,2025-06-22,1,PT2506C,Fixed site,given
C-00820,OPV-1,2025-06-22,1,OP2506C,Fixed site,given
C-00820,PCV-1,2025-06-22,1,PC2506C,Fixed site,given
C-00820,Rota-1,2025-06-22,1,RT2506C,Fixed site,given
C-00820,Penta-2,2025-08-03,2,PT2508A,Fixed site,given
C-00820,OPV-2,2025-08-03,2,OP2508A,Fixed site,given
C-00820,PCV-2,2025-08-03,2,PC2508A,Fixed site,given
C-00820,Rota-2,2025-08-03,2,RT2508A,Fixed site,given
C-00820,Penta-3,2026-02-15,3,PT2602B,Fixed site,given
C-00820,PCV-3,2026-02-15,3,PC2602B,Fixed site,given
C-00820,Measles-1,2026-03-06,1,MR2603A,Fixed site,given
C-00820,Yellow Fever,2026-03-06,1,YF2603A,Fixed site,given
C-00821,Penta-1,2025-04-19,1,PT2504C,Fixed site,given
C-00821,OPV-1,2025-04-19,1,OP2504C,Fixed site,given
C-00821,PCV-1,2025-04-19,1,PC2504C,Fixed site,given
C-00821,Rota-1,2025-04-19,1,RT2504C,Fixed site,given
C-00821,BCG,2025-07-06,1,BC2507A,Fixed site,given
C-00821,Measles-1,2025-12-18,1,MR2512C,Fixed site,given
C-00821,Measles-2,2026-08-08,2,MR2608A,Fixed site,given
C-00822,Penta-1,2025-04-16,1,PT2504B,Fixed site,given
C-00822,OPV-1,2025-04-16,1,OP2504B,Fixed site,given
C-00822,PCV-1,2025-04-16,1,PC2504B,Fixed site,given
C-00822,Rota-1,2025-04-16,1,RT2504B,Fixed site,given
C-00822,Penta-2,2025-06-10,2,PT2506B,Fixed site,given
C-00822,PCV-2,2025-06-10,2,PC2506B,Fixed site,given
C-00822,Rota-2,2025-06-10,2,RT2506B,Fixed site,given
C-00822,BCG,2025-08-01,1,BC2508A,Fixed site,given
C-00822,Penta-3,2025-09-29,3,PT2509D,Fixed site,given
C-00822,OPV-3,2025-09-29,3,OP2509D,Fixed site,given
C-00822,PCV-3,2025-09-29,3,PC2509D,Fixed site,given
C-00822,Measles-1,2026-01-13,1,MR2601B,Fixed site,given
C-00822,Yellow Fever,2026-01-13,1,YF2601B,Fixed site,given
C-00822,Measles-2,2026-09-24,2,MR2609C,Fixed site,given
C-00823,BCG,2026-05-19,1,BC2605C,Fixed site,given
C-00823,OPV-0,2026-05-19,0,OP2605C,Fixed site,given
C-00823,Penta-1,2026-06-28,1,PT2606D,Fixed site,given
C-00823,OPV-1,2026-06-28,1,OP2606D,Fixed site,given
C-00823,PCV-1,2026-06-28,1,PC2606D,Fixed site,given
C-00823,Rota-1,2026-06-28,1,RT2606D,Fixed site,given
C-00823,Penta-2,2026-07-26,2,PT2607D,Fixed site,given
C-00823,OPV-2,2026-07-26,2,OP2607D,Fixed site,given
C-00823,PCV-2,2026-07-26,2,PC2607D,Fixed site,given
C-00823,Rota-2,2026-07-26,2,RT2607D,Fixed site,given
C-00823,Penta-3,2026-08-23,3,PT2608C,Fixed site,given
C-00823,OPV-3,2026-08-23,3,OP2608C,Fixed site,given
C-00823,PCV-3,2026-08-23,3,PC2608C,Fixed site,given
C-00824,BCG,2024-04-09,1,BC2404B,Fixed site,given
C-00824,Penta-1,2024-05-07,1,PT2405A,Fixed site,given
C-00824,OPV-1,2024-05-07,1,OP2405A,Fixed site,given
C-00824,PCV-1,2024-05-07,1,PC2405A,Fixed site,given
C-00824,Rota-1,2024-05-07,1,RT2405A,Fixed site,given
C-00824,Penta-2,2024-10-28,2,PT2410D,Fixed site,given
C-00824,OPV-2,2024-10-28,2,OP2410D,Fixed site,given
C-00824,PCV-2,2024-10-28,2,PC2410D,Fixed site,given
C-00824,Rota-2,2024-10-28,2,RT2410D,Fixed site,given
C-00824,OPV-3,2024-10-31,3,OP2410D,Fixed site,given
C-00824,Measles-1,2025-08-14,1,MR2508B,Fixed site,given
C-00824,Measles-2,2026-01-05,2,MR2601A,Fixed site,given
C-00825,BCG,2025-12-18,1,BC2512C,Fixed site,given
C-00825,OPV-0,2025-12-18,0,OP2512C,Fixed site,given
C-00825,Penta-1,2026-02-01,1,PT2602A,Fixed site,given
C-00825,OPV-1,2026-02-01,1,OP2602A,Fixed site,given
C-00825,PCV-1,2026-02-01,1,PC2602A,Fixed site,given
C-00825,Rota-1,2026-02-01,1,RT2602A,Fixed site,given
C-00825,Penta-2,2026-03-02,2,PT2603A,Fixed site,given
C-00825,OPV-2,2026-03-02,2,OP2603A,Fixed site,given
C-00825,PCV-2,2026-03-02,2,PC2603A,Fixed site,given
C-00825,Rota-2,2026-03-02,2,RT2603A,Fixed site,given
C-00825,Penta-3,2026-09-24,3,PT2609C,Fixed site,given
C-00825,OPV-3,2026-09-24,3,OP2609C,Fixed site,given
C-00825,PCV-3,2026-09-24,3,PC2609C,Fixed site,given
C-00825,Measles-1,2026-09-24,1,MR2609C,Fixed site,given
C-00825,Yellow Fever,2026-09-24,1,YF2609C,Fixed site,given
C-00826,BCG,2026-01-19,1,BC2601C,Fixed site,given
C-00826,Penta-1,2026-02-07,1,PT2602A,Fixed site,given
C-00826,OPV-1,2026-02-07,1,OP2602A,Fixed site,given
C-00826,PCV-1,2026-02-07,1,PC2602A,Fixed site,given
C-00826,Rota-1,2026-02-07,1,RT2602A,Fixed site,given
C-00826,Penta-2,2026-04-01,2,PT2604A,Fixed site,given
C-00826,OPV-2,2026-04-01,2,OP2604A,Fixed site,given
C-00826,PCV-2,2026-04-01,2,PC2604A,Fixed site,given
C-00826,Penta-3,2026-06-03,3,PT2606A,Fixed site,given
C-00826,OPV-3,2026-06-03,3,OP2606A,Fixed site,given
C-00826,PCV-3,2026-06-03,3,PC2606A,Fixed site,given
C-00827,Measles-1,2026-07-07,1,MR2607A,Fixed site,given
C-00827,Yellow Fever,2026-07-07,1,YF2607A,Fixed site,given
C-00827,Penta-1,2026-07-16,1,PT2607B,Fixed site,given
C-00827,OPV-1,2026-07-16,1,OP2607B,Fixed site,given
C-00827,PCV-1,2026-07-16,1,PC2607B,Fixed site,given
C-00827,Rota-1,2026-07-16,1,RT2607B,Fixed site,given
C-00827,Penta-2,2026-08-13,2,PT2608B,Fixed site,given
C-00827,OPV-2,2026-08-13,2,OP2608B,Fixed site,given
C-00827,PCV-2,2026-08-13,2,PC2608B,Fixed site,given
C-00827,Rota-2,2026-08-13,2,RT2608B,Fixed site,given
C-00827,Penta-3,2026-09-10,3,PT2609B,Fixed site,given
C-00827,OPV-3,2026-09-10,3,OP2609B,Fixed site,given
C-00827,PCV-3,2026-09-10,3,PC2609B,Fixed site,given
C-00828,Measles-1,2026-06-23,1,MR2606C,Fixed site,given
C-00829,BCG,2025-01-11,1,BC2501B,Fixed site,given
C-00829,Penta-1,2025-02-09,1,PT2502B,Fixed site,given
C-00829,OPV-1,2025-02-09,1,OP2502B,Fixed site,given
C-00829,PCV-1,2025-02-09,1,PC2502B,Fixed site,given
C-00829,Rota-1,2025-02-09,1,RT2502B,Fixed site,given
C-00829,Penta-2,2025-03-14,2,PT2503B,Fixed site,given
C-00829,OPV-2,2025-03-14,2,OP2503B,Fixed site,given
C-00829,PCV-2,2025-03-14,2,PC2503B,Fixed site,given
C-00829,Rota-2,2025-03-14,2,RT2503B,Fixed site,given
C-00829,Penta-3,2025-05-14,3,PT2505B,Fixed site,given
C-00829,OPV-3,2025-05-14,3,OP2505B,Fixed site,given
C-00829,PCV-3,2025-05-14,3,PC2505B,Fixed site,given
C-00829,Measles-1,2026-03-31,1,MR2603D,Fixed site,given
C-00829,Yellow Fever,2026-03-31,1,YF2603D,Fixed site,given
C-00829,Measles-2,2026-09-24,2,MR2609C,Fixed site,given
C-00830,BCG,2024-05-03,1,BC2405A,Fixed site,given
C-00830,OPV-0,2024-05-03,0,OP2405A,Fixed site,given
C-00830,Penta-1,2024-08-28,1,PT2408D,Fixed site,given
C-00830,OPV-1,2024-08-28,1,OP2408D,Fixed site,given
C-00830,PCV-1,2024-08-28,1,PC2408D,Fixed site,given
C-00830,Rota-1,2024-08-28,1,RT2408D,Fixed site,given
C-00830,Penta-2,2024-09-25,2,PT2409D,Fixed site,given
C-00830,OPV-2,2024-09-25,2,OP2409D,Fixed site,given
C-00830,PCV-2,2024-09-25,2,PC2409D,Fixed site,given
C-00830,Rota-2,2024-09-25,2,RT2409D,Fixed site,given
C-00830,Penta-3,2024-10-24,3,PT2410C,Fixed site,given
C-00830,OPV-3,2024-10-24,3,OP2410C,Fixed site,given
C-00830,PCV-3,2024-10-24,3,PC2410C,Fixed site,given
C-00830,Measles-1,2025-02-07,1,MR2502A,Fixed site,given
C-00830,Yellow Fever,2025-02-07,1,YF2502A,Fixed site,given
C-00831,BCG,2026-05-09,1,BC2605B,Fixed site,given
C-00831,OPV-0,2026-05-09,0,OP2605B,Fixed site,given
C-00831,Penta-1,2026-06-10,1,PT2606B,Fixed site,given
C-00831,OPV-1,2026-06-10,1,OP2606B,Fixed site,given
C-00831,PCV-1,2026-06-10,1,PC2606B,Fixed site,given
C-00831,Rota-1,2026-06-10,1,RT2606B,Fixed site,given
C-00831,Penta-2,2026-07-08,2,PT2607A,Fixed site,given
C-00831,OPV-2,2026-07-08,2,OP2607A,Fixed site,given
C-00831,PCV-2,2026-07-08,2,PC2607A,Fixed site,given
C-00831,Rota-2,2026-07-08,2,RT2607A,Fixed site,given
C-00831,Penta-3,2026-08-05,3,PT2608A,Fixed site,given
C-00831,OPV-3,2026-08-05,3,OP2608A,Fixed site,given
C-00831,PCV-3,2026-08-05,3,PC2608A,Fixed site,given
C-00832,BCG,2026-06-27,1,BC2606D,Fixed site,given
C-00832,Penta-1,2026-07-15,1,PT2607B,Fixed site,given
C-00832,Penta-2,2026-08-12,2,PT2608B,Fixed site,given
C-00832,OPV-2,2026-08-12,2,OP2608B,Fixed site,given
C-00832,PCV-2,2026-08-12,2,PC2608B,Fixed site,given
C-00832,Rota-2,2026-08-12,2,RT2608B,Fixed site,given
C-00832,OPV-1,2026-09-19,1,OP2609C,Fixed site,given
C-00832,PCV-1,2026-09-19,1,PC2609C,Fixed site,given
C-00832,Rota-1,2026-09-19,1,RT2609C,Fixed site,given
C-00832,Penta-3,2026-09-24,3,PT2609C,Fixed site,given
C-00832,OPV-3,2026-09-24,3,OP2609C,Fixed site,given
C-00832,PCV-3,2026-09-24,3,PC2609C,Fixed site,given
C-00833,BCG,2025-11-05,1,BC2511A,Fixed site,given
C-00833,Penta-1,2026-07-12,1,PT2607B,Fixed site,given
C-00833,OPV-1,2026-07-12,1,OP2607B,Fixed site,given
C-00833,PCV-1,2026-07-12,1,PC2607B,Fixed site,given
C-00833,Rota-1,2026-07-12,1,RT2607B,Fixed site,given
C-00833,Penta-2,2026-08-09,2,PT2608B,Fixed site,given
C-00833,OPV-2,2026-08-09,2,OP2608B,Fixed site,given
C-00833,PCV-2,2026-08-09,2,PC2608B,Fixed site,given
C-00833,Rota-2,2026-08-09,2,RT2608B,Fixed site,given
C-00833,Penta-3,2026-09-06,3,PT2609A,Fixed site,given
C-00833,OPV-3,2026-09-06,3,OP2609A,Fixed site,given
C-00833,PCV-3,2026-09-06,3,PC2609A,Fixed site,given
C-00833,Measles-1,2026-09-24,1,MR2609C,Fixed site,given
C-00833,Yellow Fever,2026-09-24,1,YF2609C,Fixed site,given
C-00834,Penta-1,2025-12-15,1,PT2512B,Fixed site,given
C-00834,OPV-1,2025-12-15,1,OP2512B,Fixed site,given
C-00834,PCV-1,2025-12-15,1,PC2512B,Fixed site,given
C-00834,Rota-1,2025-12-15,1,RT2512B,Fixed site,given
C-00834,Penta-2,2026-03-29,2,PT2603D,Fixed site,given
C-00834,OPV-2,2026-03-29,2,OP2603D,Fixed site,given
C-00834,PCV-2,2026-03-29,2,PC2603D,Fixed site,given
C-00834,Rota-2,2026-03-29,2,RT2603D,Fixed site,given
C-00834,Penta-3,2026-04-26,3,PT2604D,Fixed site,given
C-00834,OPV-3,2026-04-26,3,OP2604D,Fixed site,given
C-00834,PCV-3,2026-04-26,3,PC2604D,Fixed site,given
C-00834,Measles-1,2026-08-15,1,MR2608B,Fixed site,given
C-00834,Yellow Fever,2026-08-15,1,YF2608B,Fixed site,given
C-00835,BCG,2026-09-11,1,BC2609B,Fixed site,given
C-00835,OPV-0,2026-09-11,0,OP2609B,Fixed site,given
C-00836,Penta-1,2026-05-31,1,PT2605D,Fixed site,given
C-00836,Penta-2,2026-06-28,2,PT2606D,Fixed site,given
C-00836,OPV-2,2026-06-28,2,OP2606D,Fixed site,given
C-00836,PCV-2,2026-06-28,2,PC2606D,Fixed site,given
C-00836,Rota-2,2026-06-28,2,RT2606D,Fixed site,given
C-00836,OPV-1,2026-09-02,1,OP2609A,Fixed site,given
C-00836,PCV-1,2026-09-02,1,PC2609A,Fixed site,given
C-00836,Rota-1,2026-09-02,1,RT2609A,Fixed site,given
C-00836,Penta-3,2026-09-24,3,PT2609C,Fixed site,given
C-00836,OPV-3,2026-09-24,3,OP2609C,Fixed site,given
C-00836,PCV-3,2026-09-24,3,PC2609C,Fixed site,given
C-00837,BCG,2025-05-13,1,BC2505B,Fixed site,given
C-00837,Penta-1,2025-10-22,1,PT2510C,Outreach,given
C-00837,OPV-1,2025-10-22,1,OP2510C,Outreach,given
C-00837,PCV-1,2025-10-22,1,PC2510C,Outreach,given
C-00837,Rota-1,2025-10-22,1,RT2510C,Outreach,given
C-00837,Penta-2,2025-11-19,2,PT2511C,Fixed site,given
C-00837,OPV-2,2025-11-19,2,OP2511C,Fixed site,given
C-00837,PCV-2,2025-11-19,2,PC2511C,Fixed site,given
C-00837,Rota-2,2025-11-19,2,RT2511C,Fixed site,given
C-00837,Penta-3,2025-12-17,3,PT2512C,Fixed site,given
C-00837,OPV-3,2025-12-17,3,OP2512C,Fixed site,given
C-00837,PCV-3,2025-12-17,3,PC2512C,Fixed site,given
C-00838,BCG,2026-03-05,1,BC2603A,Fixed site,given
C-00838,OPV-0,2026-03-05,0,OP2603A,Fixed site,given
C-00838,Penta-1,2026-04-26,1,PT2604D,Fixed site,given
C-00838,OPV-1,2026-04-26,1,OP2604D,Fixed site,given
C-00838,PCV-1,2026-04-26,1,PC2604D,Fixed site,given
C-00838,Rota-1,2026-04-26,1,RT2604D,Fixed site,given
C-00838,Penta-2,2026-06-22,2,PT2606C,Fixed site,given
C-00838,OPV-2,2026-06-22,2,OP2606C,Fixed site,given
C-00838,PCV-2,2026-06-22,2,PC2606C,Fixed site,given
C-00838,Rota-2,2026-06-22,2,RT2606C,Fixed site,given
C-00838,Penta-3,2026-07-20,3,PT2607C,Fixed site,given
C-00838,OPV-3,2026-07-20,3,OP2607C,Fixed site,given
C-00838,PCV-3,2026-07-20,3,PC2607C,Fixed site,given
C-00839,Penta-1,2026-01-24,1,PT2601C,Fixed site,given
C-00839,OPV-1,2026-01-24,1,OP2601C,Fixed site,given
C-00839,PCV-1,2026-01-24,1,PC2601C,Fixed site,given
C-00839,Penta-2,2026-02-21,2,PT2602C,Fixed site,given
C-00839,OPV-2,2026-02-21,2,OP2602C,Fixed site,given
C-00839,PCV-2,2026-02-21,2,PC2602C,Fixed site,given
C-00839,Rota-2,2026-02-21,2,RT2602C,Fixed site,given
C-00839,Penta-3,2026-03-21,3,PT2603C,Fixed site,given
C-00839,OPV-3,2026-03-21,3,OP2603C,Fixed site,given
C-00839,PCV-3,2026-03-21,3,PC2603C,Fixed site,given
C-00839,Measles-1,2026-08-02,1,MR2608A,Fixed site,given
C-00839,Yellow Fever,2026-08-02,1,YF2608A,Fixed site,given
C-00840,BCG,2026-04-01,1,BC2604A,Fixed site,given
C-00840,Penta-1,2026-04-07,1,PT2604A,Fixed site,given
C-00840,Penta-2,2026-05-05,2,PT2605A,Fixed site,given
C-00840,OPV-2,2026-05-05,2,OP2605A,Fixed site,given
C-00840,PCV-2,2026-05-05,2,PC2605A,Fixed site,given
C-00840,Rota-2,2026-05-05,2,RT2605A,Fixed site,given
C-00840,Penta-3,2026-06-26,3,PT2606D,Fixed site,given
C-00840,OPV-3,2026-06-26,3,OP2606D,Fixed site,given
C-00840,PCV-3,2026-06-26,3,PC2606D,Fixed site,given
C-00840,OPV-1,2026-09-24,1,OP2609C,Fixed site,given
C-00840,PCV-1,2026-09-24,1,PC2609C,Fixed site,given
C-00840,Rota-1,2026-09-24,1,RT2609C,Fixed site,given
C-00841,BCG,2025-02-24,1,BC2502C,Fixed site,given
C-00841,Penta-1,2025-07-21,1,PT2507C,Fixed site,given
C-00841,OPV-1,2025-07-21,1,OP2507C,Fixed site,given
C-00841,PCV-1,2025-07-21,1,PC2507C,Fixed site,given
C-00841,Rota-1,2025-07-21,1,RT2507C,Fixed site,given
C-00841,Penta-2,2025-08-18,2,PT2508C,Fixed site,given
C-00841,OPV-2,2025-08-18,2,OP2508C,Fixed site,given
C-00841,PCV-2,2025-08-18,2,PC2508C,Fixed site,given
C-00841,Rota-2,2025-08-18,2,RT2508C,Fixed site,given
C-00841,Penta-3,2025-09-15,3,PT2509B,Fixed site,given
C-00841,OPV-3,2025-09-15,3,OP2509B,Fixed site,given
C-00841,PCV-3,2025-09-15,3,PC2509B,Fixed site,given
C-00841,Measles-1,2026-07-05,1,MR2607A,Fixed site,given
C-00841,Yellow Fever,2026-07-05,1,YF2607A,Fixed site,given
C-00842,BCG,2026-07-20,1,BC2607C,Fixed site,given
C-00842,OPV-0,2026-07-20,0,OP2607C,Fixed site,given
C-00842,Penta-1,2026-09-24,1,PT2609C,Fixed site,given
C-00842,OPV-1,2026-09-24,1,OP2609C,Fixed site,given
C-00842,PCV-1,2026-09-24,1,PC2609C,Fixed site,given
C-00843,BCG,2026-08-23,1,BC2608C,Outreach,given
C-00843,Penta-1,2026-09-24,1,PT2609C,Fixed site,given
C-00843,OPV-1,2026-09-24,1,OP2609C,Fixed site,given
C-00843,PCV-1,2026-09-24,1,PC2609C,Fixed site,given
C-00843,Rota-1,2026-09-24,1,RT2609C,Fixed site,given
C-00844,BCG,2026-01-15,1,BC2601B,Fixed site,given
C-00844,Penta-1,2026-04-05,1,PT2604A,Fixed site,given
C-00844,OPV-1,2026-04-05,1,OP2604A,Fixed site,given
C-00844,PCV-1,2026-04-05,1,PC2604A,Fixed site,given
C-00844,Rota-1,2026-04-05,1,RT2604A,Fixed site,given
C-00844,Penta-2,2026-05-04,2,PT2605A,Fixed site,given
C-00844,OPV-2,2026-05-04,2,OP2605A,Fixed site,given
C-00844,PCV-2,2026-05-04,2,PC2605A,Fixed site,given
C-00844,Penta-3,2026-09-24,3,PT2609C,Fixed site,given
C-00844,OPV-3,2026-09-24,3,OP2609C,Fixed site,given
C-00844,PCV-3,2026-09-24,3,PC2609C,Fixed site,given
C-00845,BCG,2024-07-30,1,BC2407D,Fixed site,given
C-00845,Penta-1,2024-09-30,1,PT2409D,Fixed site,given
C-00845,OPV-1,2024-09-30,1,OP2409D,Fixed site,given
C-00845,PCV-1,2024-09-30,1,PC2409D,Fixed site,given
C-00845,Rota-1,2024-09-30,1,RT2409D,Fixed site,given
C-00845,Penta-2,2024-10-28,2,PT2410D,Fixed site,given
C-00845,PCV-2,2024-10-28,2,PC2410D,Fixed site,given
C-00845,Rota-2,2024-10-28,2,RT2410D,Fixed site,given
C-00845,Penta-3,2024-11-25,3,PT2411D,Fixed site,given
C-00845,OPV-3,2024-11-25,3,OP2411D,Fixed site,given
C-00845,PCV-3,2024-11-25,3,PC2411D,Fixed site,given
C-00845,Measles-1,2025-04-24,1,MR2504C,Fixed site,given
C-00845,Yellow Fever,2025-04-24,1,YF2504C,Fixed site,given
C-00845,Measles-2,2026-08-21,2,MR2608C,Fixed site,given
C-00846,BCG,2026-01-28,1,BC2601D,Fixed site,given
C-00846,OPV-0,2026-01-28,0,OP2601D,Fixed site,given
C-00846,Penta-1,2026-03-09,1,PT2603B,Fixed site,given
C-00846,OPV-1,2026-03-09,1,OP2603B,Fixed site,given
C-00846,PCV-1,2026-03-09,1,PC2603B,Fixed site,given
C-00846,Rota-1,2026-03-09,1,RT2603B,Fixed site,given
C-00846,Penta-2,2026-04-06,2,PT2604A,Fixed site,given
C-00846,OPV-2,2026-04-06,2,OP2604A,Fixed site,given
C-00846,PCV-2,2026-04-06,2,PC2604A,Fixed site,given
C-00846,Rota-2,2026-04-06,2,RT2604A,Fixed site,given
C-00846,Penta-3,2026-05-04,3,PT2605A,Fixed site,given
C-00846,OPV-3,2026-05-04,3,OP2605A,Fixed site,given
C-00846,PCV-3,2026-05-04,3,PC2605A,Fixed site,given
C-00847,BCG,2025-01-16,1,BC2501B,Fixed site,given
C-00847,Penta-1,2025-01-29,1,PT2501D,Fixed site,given
C-00847,PCV-1,2025-01-29,1,PC2501D,Fixed site,given
C-00847,Rota-1,2025-01-29,1,RT2501D,Fixed site,given
C-00847,Penta-2,2025-02-26,2,PT2502D,Fixed site,given
C-00847,OPV-2,2025-02-26,2,OP2502D,Fixed site,given
C-00847,PCV-2,2025-02-26,2,PC2502D,Fixed site,given
C-00847,Rota-2,2025-02-26,2,RT2502D,Fixed site,given
C-00847,Penta-3,2025-06-04,3,PT2506A,Fixed site,given
C-00847,OPV-3,2025-06-04,3,OP2506A,Fixed site,given
C-00847,PCV-3,2025-06-04,3,PC2506A,Fixed site,given
C-00847,Measles-1,2025-08-27,1,MR2508D,Fixed site,given
C-00847,Yellow Fever,2025-08-27,1,YF2508D,Fixed site,given
C-00847,Measles-2,2026-06-14,2,MR2606B,Fixed site,given
C-00848,BCG,2025-09-25,1,BC2509D,Fixed site,given
C-00848,Measles-1,2026-06-07,1,MR2606A,Fixed site,given
C-00848,Yellow Fever,2026-06-07,1,YF2606A,Fixed site,given
C-00848,Penta-1,2026-06-12,1,PT2606B,Fixed site,given
C-00848,PCV-1,2026-06-12,1,PC2606B,Fixed site,given
C-00848,Rota-1,2026-06-12,1,RT2606B,Fixed site,given
C-00848,Penta-2,2026-07-10,2,PT2607B,Fixed site,given
C-00848,OPV-2,2026-07-10,2,OP2607B,Fixed site,given
C-00848,PCV-2,2026-07-10,2,PC2607B,Fixed site,given
C-00848,Rota-2,2026-07-10,2,RT2607B,Fixed site,given
C-00848,Penta-3,2026-08-07,3,PT2608A,Fixed site,given
C-00848,OPV-3,2026-08-07,3,OP2608A,Fixed site,given
C-00848,PCV-3,2026-08-07,3,PC2608A,Fixed site,given
C-00849,BCG,2025-01-17,1,BC2501C,Fixed site,given
C-00849,Penta-1,2025-02-10,1,PT2502B,Fixed site,given
C-00849,OPV-1,2025-02-10,1,OP2502B,Fixed site,given
C-00849,PCV-1,2025-02-10,1,PC2502B,Fixed site,given
C-00849,Rota-1,2025-02-10,1,RT2502B,Fixed site,given
C-00849,Penta-2,2025-03-10,2,PT2503B,Fixed site,given
C-00849,OPV-2,2025-03-10,2,OP2503B,Fixed site,given
C-00849,PCV-2,2025-03-10,2,PC2503B,Fixed site,given
C-00849,Rota-2,2025-03-10,2,RT2503B,Fixed site,given
C-00849,Penta-3,2025-04-07,3,PT2504A,Fixed site,given
C-00849,OPV-3,2025-04-07,3,OP2504A,Fixed site,given
C-00849,PCV-3,2025-04-07,3,PC2504A,Fixed site,given
C-00849,Measles-1,2026-04-04,1,MR2604A,Fixed site,given
C-00849,Yellow Fever,2026-04-04,1,YF2604A,Fixed site,given
C-00850,BCG,2025-11-01,1,BC2511A,Fixed site,given
C-00850,Penta-1,2025-12-30,1,PT2512D,Fixed site,given
C-00850,OPV-1,2025-12-30,1,OP2512D,Fixed site,given
C-00850,PCV-1,2025-12-30,1,PC2512D,Fixed site,given
C-00850,Rota-1,2025-12-30,1,RT2512D,Fixed site,given
C-00850,Penta-2,2026-02-01,2,PT2602A,Fixed site,given
C-00850,OPV-2,2026-02-01,2,OP2602A,Fixed site,given
C-00850,PCV-2,2026-02-01,2,PC2602A,Fixed site,given
C-00850,Rota-2,2026-02-01,2,RT2602A,Fixed site,given
C-00850,Penta-3,2026-03-01,3,PT2603A,Fixed site,given
C-00850,OPV-3,2026-03-01,3,OP2603A,Fixed site,given
C-00850,PCV-3,2026-03-01,3,PC2603A,Fixed site,given
C-00850,Measles-1,2026-09-24,1,MR2609C,Fixed site,given
C-00850,Yellow Fever,2026-09-24,1,YF2609C,Fixed site,given
C-00851,BCG,2025-02-17,1,BC2502C,Fixed site,given
C-00851,Penta-1,2025-03-05,1,PT2503A,Fixed site,given
C-00851,OPV-1,2025-03-05,1,OP2503A,Fixed site,given
C-00851,PCV-1,2025-03-05,1,PC2503A,Fixed site,given
C-00851,Rota-1,2025-03-05,1,RT2503A,Fixed site,given
C-00851,Penta-2,2025-04-03,2,PT2504A,Fixed site,given
C-00851,PCV-2,2025-04-03,2,PC2504A,Fixed site,given
C-00851,Rota-2,2025-04-03,2,RT2504A,Fixed site,given
C-00851,Penta-3,2025-09-12,3,PT2509B,Fixed site,given
C-00851,OPV-3,2025-09-12,3,OP2509B,Fixed site,given
C-00851,PCV-3,2025-09-12,3,PC2509B,Fixed site,given
C-00851,Measles-1,2025-10-27,1,MR2510D,Outreach,given
C-00851,Yellow Fever,2025-10-27,1,YF2510D,Outreach,given
C-00851,Measles-2,2026-08-19,2,MR2608C,Fixed site,given
C-00852,Penta-1,2025-10-31,1,PT2510D,Fixed site,given
C-00852,OPV-1,2025-10-31,1,OP2510D,Fixed site,given
C-00852,PCV-1,2025-10-31,1,PC2510D,Fixed site,given
C-00852,Penta-2,2025-12-21,2,PT2512C,Fixed site,given
C-00852,OPV-2,2025-12-21,2,OP2512C,Fixed site,given
C-00852,PCV-2,2025-12-21,2,PC2512C,Fixed site,given
C-00852,Rota-2,2025-12-21,2,RT2512C,Fixed site,given
C-00852,Penta-3,2026-03-24,3,PT2603C,Fixed site,given
C-00852,OPV-3,2026-03-24,3,OP2603C,Fixed site,given
C-00852,PCV-3,2026-03-24,3,PC2603C,Fixed site,given
C-00852,Measles-1,2026-06-13,1,MR2606B,Fixed site,given
C-00852,Yellow Fever,2026-06-13,1,YF2606B,Fixed site,given
C-00853,BCG,2026-05-01,1,BC2605A,Fixed site,given
C-00853,Penta-1,2026-05-26,1,PT2605D,Fixed site,given
C-00853,Penta-2,2026-06-23,2,PT2606C,Fixed site,given
C-00853,OPV-2,2026-06-23,2,OP2606C,Fixed site,given
C-00853,PCV-2,2026-06-23,2,PC2606C,Fixed site,given
C-00853,Rota-2,2026-06-23,2,RT2606C,Fixed site,given
C-00853,Penta-3,2026-08-03,3,PT2608A,Fixed site,given
C-00853,OPV-3,2026-08-03,3,OP2608A,Fixed site,given
C-00853,PCV-3,2026-08-03,3,PC2608A,Fixed site,given
C-00853,OPV-1,2026-09-24,1,OP2609C,Fixed site,given
C-00853,PCV-1,2026-09-24,1,PC2609C,Fixed site,given
C-00853,Rota-1,2026-09-24,1,RT2609C,Fixed site,given
C-00854,Penta-1,2024-04-23,1,PT2404C,Fixed site,given
C-00854,OPV-1,2024-04-23,1,OP2404C,Fixed site,given
C-00854,PCV-1,2024-04-23,1,PC2404C,Fixed site,given
C-00854,Rota-1,2024-04-23,1,RT2404C,Fixed site,given
C-00854,OPV-3,2024-06-05,3,OP2406A,Fixed site,given
C-00854,BCG,2024-06-06,1,BC2406A,Fixed site,given
C-00855,BCG,2025-11-29,1,BC2511D,Fixed site,given
C-00855,OPV-0,2025-11-29,0,OP2511D,Fixed site,given
C-00855,Penta-1,2026-02-02,1,PT2602A,Outreach,given
C-00855,OPV-1,2026-02-02,1,OP2602A,Outreach,given
C-00855,PCV-1,2026-02-02,1,PC2602A,Outreach,given
C-00855,Rota-1,2026-02-02,1,RT2602A,Outreach,given
C-00855,Penta-2,2026-04-25,2,PT2604D,Fixed site,given
C-00855,OPV-2,2026-04-25,2,OP2604D,Fixed site,given
C-00855,PCV-2,2026-04-25,2,PC2604D,Fixed site,given
C-00855,Rota-2,2026-04-25,2,RT2604D,Fixed site,given
C-00855,Penta-3,2026-05-23,3,PT2605C,Fixed site,given
C-00855,OPV-3,2026-05-23,3,OP2605C,Fixed site,given
C-00855,PCV-3,2026-05-23,3,PC2605C,Fixed site,given
C-00855,Measles-1,2026-09-24,1,MR2609C,Fixed site,given
C-00856,BCG,2024-03-31,1,BC2403D,Fixed site,given
C-00856,OPV-0,2024-03-31,0,OP2403D,Fixed site,given
C-00856,Penta-1,2024-05-09,1,PT2405B,Outreach,given
C-00856,PCV-1,2024-05-09,1,PC2405B,Outreach,given
C-00856,Penta-2,2025-01-11,2,PT2501B,Fixed site,given
C-00856,OPV-2,2025-01-11,2,OP2501B,Fixed site,given
C-00856,PCV-2,2025-01-11,2,PC2501B,Fixed site,given
C-00856,Penta-3,2025-02-08,3,PT2502A,Fixed site,given
C-00856,OPV-3,2025-02-08,3,OP2502A,Fixed site,given
C-00856,PCV-3,2025-02-08,3,PC2502A,Fixed site,given
C-00856,Measles-1,2025-04-18,1,MR2504C,Fixed site,given
C-00856,Measles-2,2025-09-21,2,MR2509C,Fixed site,given
C-00857,BCG,2024-12-13,1,BC2412B,Fixed site,given
C-00857,Penta-1,2025-02-13,1,PT2502B,Fixed site,given
C-00857,PCV-1,2025-02-13,1,PC2502B,Fixed site,given
C-00857,Rota-1,2025-02-13,1,RT2502B,Fixed site,given
C-00857,Penta-2,2025-06-16,2,PT2506B,Fixed site,given
C-00857,OPV-2,2025-06-16,2,OP2506B,Fixed site,given
C-00857,PCV-2,2025-06-16,2,PC2506B,Fixed site,given
C-00857,Rota-2,2025-06-16,2,RT2506B,Fixed site,given
C-00857,Penta-3,2025-07-14,3,PT2507B,Fixed site,given
C-00857,OPV-3,2025-07-14,3,OP2507B,Fixed site,given
C-00857,PCV-3,2025-07-14,3,PC2507B,Fixed site,given
C-00857,Measles-1,2025-08-20,1,MR2508C,Fixed site,given
C-00857,Yellow Fever,2025-08-20,1,YF2508C,Fixed site,given
C-00858,BCG,2026-06-21,1,BC2606C,Fixed site,given
C-00858,OPV-0,2026-06-21,0,OP2606C,Fixed site,given
C-00858,Penta-1,2026-08-23,1,PT2608C,Outreach,given
C-00858,OPV-1,2026-08-23,1,OP2608C,Outreach,given
C-00858,PCV-1,2026-08-23,1,PC2608C,Outreach,given
C-00858,Rota-1,2026-08-23,1,RT2608C,Outreach,given
C-00858,Penta-2,2026-09-24,2,PT2609C,Fixed site,given
C-00858,OPV-2,2026-09-24,2,OP2609C,Fixed site,given
C-00858,PCV-2,2026-09-24,2,PC2609C,Fixed site,given
C-00858,Rota-2,2026-09-24,2,RT2609C,Fixed site,given
C-00859,BCG,2026-05-25,1,BC2605D,Fixed site,given
C-00859,OPV-0,2026-05-25,0,OP2605D,Fixed site,given
C-00859,Penta-1,2026-06-29,1,PT2606D,Fixed site,given
C-00859,OPV-1,2026-06-29,1,OP2606D,Fixed site,given
C-00859,PCV-1,2026-06-29,1,PC2606D,Fixed site,given
C-00859,Rota-1,2026-06-29,1,RT2606D,Fixed site,given
C-00859,Penta-2,2026-08-27,2,PT2608D,Fixed site,given
C-00859,OPV-2,2026-08-27,2,OP2608D,Fixed site,given
C-00859,Rota-2,2026-08-27,2,RT2608D,Fixed site,given
C-00860,BCG,2026-05-04,1,BC2605A,Fixed site,given
C-00860,OPV-0,2026-05-04,0,OP2605A,Fixed site,given
C-00860,Penta-1,2026-06-21,1,PT2606C,Fixed site,given
C-00860,OPV-1,2026-06-21,1,OP2606C,Fixed site,given
C-00860,PCV-1,2026-06-21,1,PC2606C,Fixed site,given
C-00860,Rota-1,2026-06-21,1,RT2606C,Fixed site,given
C-00860,Penta-2,2026-08-04,2,PT2608A,Fixed site,given
C-00860,OPV-2,2026-08-04,2,OP2608A,Fixed site,given
C-00860,PCV-2,2026-08-04,2,PC2608A,Fixed site,given
C-00860,Rota-2,2026-08-04,2,RT2608A,Fixed site,given
C-00860,Penta-3,2026-09-24,3,PT2609C,Fixed site,given
C-00860,OPV-3,2026-09-24,3,OP2609C,Fixed site,given
C-00860,PCV-3,2026-09-24,3,PC2609C,Fixed site,given
C-00861,BCG,2025-04-21,1,BC2504C,Fixed site,given
C-00861,Penta-1,2025-10-04,1,PT2510A,Fixed site,given
C-00861,OPV-1,2025-10-04,1,OP2510A,Fixed site,given
C-00861,PCV-1,2025-10-04,1,PC2510A,Fixed site,given
C-00861,Rota-1,2025-10-04,1,RT2510A,Fixed site,given
C-00861,Penta-2,2025-11-01,2,PT2511A,Fixed site,given
C-00861,OPV-2,2025-11-01,2,OP2511A,Fixed site,given
C-00861,PCV-2,2025-11-01,2,PC2511A,Fixed site,given
C-00861,Rota-2,2025-11-01,2,RT2511A,Fixed site,given
C-00861,Penta-3,2025-11-29,3,PT2511D,Fixed site,given
C-00861,OPV-3,2025-11-29,3,OP2511D,Fixed site,given
C-00861,PCV-3,2025-11-29,3,PC2511D,Fixed site,given
C-00861,Measles-1,2026-08-02,1,MR2608A,Fixed site,given
C-00861,Yellow Fever,2026-08-02,1,YF2608A,Fixed site,given
C-00862,BCG,2023-05-13,1,BC2305B,Fixed site,given
C-00862,OPV-0,2023-05-13,0,OP2305B,Fixed site,given
C-00862,Penta-1,2023-06-20,1,PT2306C,Outreach,given
C-00862,OPV-1,2023-06-20,1,OP2306C,Outreach,given
C-00862,PCV-1,2023-06-20,1,PC2306C,Outreach,given
C-00862,Rota-1,2023-06-20,1,RT2306C,Outreach,given
C-00862,Penta-2,2023-08-20,2,PT2308C,Fixed site,given
C-00862,OPV-2,2023-08-20,2,OP2308C,Fixed site,given
C-00862,PCV-2,2023-08-20,2,PC2308C,Fixed site,given
C-00862,Rota-2,2023-08-20,2,RT2308C,Fixed site,given
C-00862,Penta-3,2023-11-11,3,PT2311B,Fixed site,given
C-00862,OPV-3,2023-11-11,3,OP2311B,Fixed site,given
C-00862,PCV-3,2023-11-11,3,PC2311B,Fixed site,given
C-00862,Measles-1,2024-06-01,1,MR2406A,Fixed site,given
C-00862,Yellow Fever,2024-06-01,1,YF2406A,Fixed site,given
C-00863,BCG,2026-03-09,1,BC2603B,Fixed site,given
C-00863,Penta-1,2026-03-31,1,PT2603D,Fixed site,given
C-00863,Penta-2,2026-04-28,2,PT2604D,Fixed site,given
C-00863,OPV-2,2026-04-28,2,OP2604D,Fixed site,given
C-00863,PCV-2,2026-04-28,2,PC2604D,Fixed site,given
C-00863,Rota-2,2026-04-28,2,RT2604D,Fixed site,given
C-00863,Penta-3,2026-06-17,3,PT2606C,Fixed site,given
C-00863,OPV-3,2026-06-17,3,OP2606C,Fixed site,given
C-00863,PCV-3,2026-06-17,3,PC2606C,Fixed site,given
C-00863,OPV-1,2026-09-04,1,OP2609A,Fixed site,given
C-00863,PCV-1,2026-09-04,1,PC2609A,Fixed site,given
C-00863,Rota-1,2026-09-04,1,RT2609A,Fixed site,given
C-00864,Penta-1,2026-03-15,1,PT2603B,Fixed site,given
C-00864,OPV-1,2026-03-15,1,OP2603B,Fixed site,given
C-00864,PCV-1,2026-03-15,1,PC2603B,Fixed site,given
C-00864,Rota-1,2026-03-15,1,RT2603B,Fixed site,given
C-00864,Penta-2,2026-04-12,2,PT2604B,Fixed site,given
C-00864,OPV-2,2026-04-12,2,OP2604B,Fixed site,given
C-00864,PCV-2,2026-04-12,2,PC2604B,Fixed site,given
C-00864,Rota-2,2026-04-12,2,RT2604B,Fixed site,given
C-00864,Penta-3,2026-05-10,3,PT2605B,Fixed site,given
C-00864,OPV-3,2026-05-10,3,OP2605B,Fixed site,given
C-00864,PCV-3,2026-05-10,3,PC2605B,Fixed site,given
C-00864,Measles-1,2026-09-24,1,MR2609C,Fixed site,given
C-00864,Yellow Fever,2026-09-24,1,YF2609C,Fixed site,given
C-00865,BCG,2026-05-19,1,BC2605C,Fixed site,given
C-00866,BCG,2025-09-17,1,BC2509C,Fixed site,given
C-00866,OPV-0,2025-09-17,0,OP2509C,Fixed site,given
C-00866,Penta-1,2025-12-06,1,PT2512A,Fixed site,given
C-00866,OPV-1,2025-12-06,1,OP2512A,Fixed site,given
C-00866,PCV-1,2025-12-06,1,PC2512A,Fixed site,given
C-00866,Rota-1,2025-12-06,1,RT2512A,Fixed site,given
C-00866,Penta-2,2026-02-15,2,PT2602B,Outreach,given
C-00866,OPV-2,2026-02-15,2,OP2602B,Outreach,given
C-00866,PCV-2,2026-02-15,2,PC2602B,Outreach,given
C-00866,Rota-2,2026-02-15,2,RT2602B,Outreach,given
C-00866,Penta-3,2026-04-19,3,PT2604C,Fixed site,given
C-00866,OPV-3,2026-04-19,3,OP2604C,Fixed site,given
C-00866,PCV-3,2026-04-19,3,PC2604C,Fixed site,given
C-00866,Measles-1,2026-06-29,1,MR2606D,Outreach,given
C-00866,Yellow Fever,2026-06-29,1,YF2606D,Outreach,given
C-00867,BCG,2025-02-27,1,BC2502D,Fixed site,given
C-00867,OPV-0,2025-02-27,0,OP2502D,Fixed site,given
C-00867,Penta-1,2025-04-19,1,PT2504C,Outreach,given
C-00867,OPV-1,2025-04-19,1,OP2504C,Outreach,given
C-00867,PCV-1,2025-04-19,1,PC2504C,Outreach,given
C-00867,Rota-1,2025-04-19,1,RT2504C,Outreach,given
C-00867,Penta-2,2025-06-04,2,PT2506A,Fixed site,given
C-00867,OPV-2,2025-06-04,2,OP2506A,Fixed site,given
C-00867,PCV-2,2025-06-04,2,PC2506A,Fixed site,given
C-00867,Rota-2,2025-06-04,2,RT2506A,Fixed site,given
C-00867,Penta-3,2025-09-01,3,PT2509A,Fixed site,given
C-00867,PCV-3,2025-09-01,3,PC2509A,Fixed site,given
C-00868,BCG,2025-01-18,1,BC2501C,Fixed site,given
C-00868,OPV-0,2025-01-18,0,OP2501C,Fixed site,given
C-00868,Measles-1,2025-11-05,1,MR2511A,Outreach,given
C-00868,Yellow Fever,2025-11-05,1,YF2511A,Outreach,given
C-00868,Measles-2,2026-07-26,2,MR2607D,Fixed site,given
C-00869,BCG,2026-04-09,1,BC2604B,Fixed site,given
C-00869,OPV-0,2026-04-09,0,OP2604B,Fixed site,given
C-00869,Penta-1,2026-06-08,1,PT2606A,Fixed site,given
C-00869,OPV-1,2026-06-08,1,OP2606A,Fixed site,given
C-00869,PCV-1,2026-06-08,1,PC2606A,Fixed site,given
C-00869,Penta-2,2026-07-06,2,PT2607A,Fixed site,given
C-00869,OPV-2,2026-07-06,2,OP2607A,Fixed site,given
C-00869,PCV-2,2026-07-06,2,PC2607A,Fixed site,given
C-00869,Rota-2,2026-07-06,2,RT2607A,Fixed site,given
C-00869,Penta-3,2026-09-24,3,PT2609C,Fixed site,given
C-00869,OPV-3,2026-09-24,3,OP2609C,Fixed site,given
C-00869,PCV-3,2026-09-24,3,PC2609C,Fixed site,given
C-00870,BCG,2025-01-25,1,BC2501D,Fixed site,given
C-00870,OPV-0,2025-01-25,0,OP2501D,Fixed site,given
C-00870,Penta-1,2025-04-07,1,PT2504A,Outreach,given
C-00870,OPV-1,2025-04-07,1,OP2504A,Outreach,given
C-00870,PCV-1,2025-04-07,1,PC2504A,Outreach,given
C-00870,Rota-1,2025-04-07,1,RT2504A,Outreach,given
C-00870,Penta-2,2025-05-05,2,PT2505A,Fixed site,given
C-00870,OPV-2,2025-05-05,2,OP2505A,Fixed site,given
C-00870,Rota-2,2025-05-05,2,RT2505A,Fixed site,given
C-00870,Penta-3,2025-07-18,3,PT2507C,Fixed site,given
C-00870,OPV-3,2025-07-18,3,OP2507C,Fixed site,given
C-00870,PCV-3,2025-07-18,3,PC2507C,Fixed site,given
C-00870,Measles-1,2025-10-21,1,MR2510C,Fixed site,given
C-00870,Yellow Fever,2025-10-21,1,YF2510C,Fixed site,given
C-00870,Measles-2,2026-09-24,2,MR2609C,Fixed site,given
C-00871,Penta-1,2026-08-14,1,PT2608B,Fixed site,given
C-00871,BCG,2026-08-20,1,BC2608C,Fixed site,given
C-00871,Penta-2,2026-09-11,2,PT2609B,Fixed site,given
C-00871,OPV-2,2026-09-11,2,OP2609B,Fixed site,given
C-00871,PCV-2,2026-09-11,2,PC2609B,Fixed site,given
C-00871,Rota-2,2026-09-11,2,RT2609B,Fixed site,given
C-00871,OPV-1,2026-09-22,1,OP2609C,Fixed site,given
C-00871,PCV-1,2026-09-22,1,PC2609C,Fixed site,given
C-00871,Rota-1,2026-09-22,1,RT2609C,Fixed site,given
C-00872,Penta-1,2026-07-11,1,PT2607B,Fixed site,given
C-00872,Penta-2,2026-08-08,2,PT2608A,Outreach,given
C-00872,OPV-2,2026-08-08,2,OP2608A,Outreach,given
C-00872,PCV-2,2026-08-08,2,PC2608A,Outreach,given
C-00872,Rota-2,2026-08-08,2,RT2608A,Outreach,given
C-00872,OPV-1,2026-09-06,1,OP2609A,Fixed site,given
C-00872,PCV-1,2026-09-06,1,PC2609A,Fixed site,given
C-00872,Rota-1,2026-09-06,1,RT2609A,Fixed site,given
C-00872,BCG,2026-09-24,1,BC2609C,Fixed site,given
C-00872,Penta-3,2026-09-24,3,PT2609C,Fixed site,given
C-00872,OPV-3,2026-09-24,3,OP2609C,Fixed site,given
C-00872,PCV-3,2026-09-24,3,PC2609C,Fixed site,given
C-00873,BCG,2026-06-23,1,BC2606C,Outreach,given
C-00874,BCG,2024-11-27,1,BC2411D,Fixed site,given
C-00874,Penta-1,2024-12-04,1,PT2412A,Fixed site,given
C-00874,OPV-1,2024-12-04,1,OP2412A,Fixed site,given
C-00874,Rota-1,2024-12-04,1,RT2412A,Fixed site,given
C-00874,Penta-2,2025-01-04,2,PT2501A,Fixed site,given
C-00874,OPV-2,2025-01-04,2,OP2501A,Fixed site,given
C-00874,PCV-2,2025-01-04,2,PC2501A,Fixed site,given
C-00874,Rota-2,2025-01-04,2,RT2501A,Fixed site,given
C-00874,Penta-3,2025-05-22,3,PT2505C,Fixed site,given
C-00874,OPV-3,2025-05-22,3,OP2505C,Fixed site,given
C-00874,PCV-3,2025-05-22,3,PC2505C,Fixed site,given
C-00874,Measles-1,2025-10-23,1,MR2510C,Fixed site,given
C-00874,Yellow Fever,2025-10-23,1,YF2510C,Fixed site,given
C-00875,Penta-1,2026-06-10,1,PT2606B,Fixed site,given
C-00875,OPV-1,2026-06-10,1,OP2606B,Fixed site,given
C-00875,PCV-1,2026-06-10,1,PC2606B,Fixed site,given
C-00875,Rota-1,2026-06-10,1,RT2606B,Fixed site,given
C-00875,Penta-2,2026-07-08,2,PT2607A,Fixed site,given
C-00875,OPV-2,2026-07-08,2,OP2607A,Fixed site,given
C-00875,PCV-2,2026-07-08,2,PC2607A,Fixed site,given
C-00875,Rota-2,2026-07-08,2,RT2607A,Fixed site,given
C-00876,BCG,2026-05-14,1,BC2605B,Fixed site,given
C-00876,OPV-0,2026-05-14,0,OP2605B,Fixed site,given
C-00876,Penta-1,2026-09-07,1,PT2609A,Fixed site,given
C-00876,OPV-1,2026-09-07,1,OP2609A,Fixed site,given
C-00876,PCV-1,2026-09-07,1,PC2609A,Fixed site,given
C-00876,Rota-1,2026-09-07,1,RT2609A,Fixed site,given
C-00877,BCG,2026-01-06,1,BC2601A,Fixed site,given
C-00877,OPV-0,2026-01-06,0,OP2601A,Fixed site,given
C-00877,Penta-1,2026-03-02,1,PT2603A,Fixed site,given
C-00877,OPV-1,2026-03-02,1,OP2603A,Fixed site,given
C-00877,PCV-1,2026-03-02,1,PC2603A,Fixed site,given
C-00877,Rota-1,2026-03-02,1,RT2603A,Fixed site,given
C-00877,Penta-2,2026-03-30,2,PT2603D,Fixed site,given
C-00877,OPV-2,2026-03-30,2,OP2603D,Fixed site,given
C-00877,PCV-2,2026-03-30,2,PC2603D,Fixed site,given
C-00877,Rota-2,2026-03-30,2,RT2603D,Fixed site,given
C-00877,Penta-3,2026-09-02,3,PT2609A,Fixed site,given
C-00877,OPV-3,2026-09-02,3,OP2609A,Fixed site,given
C-00877,PCV-3,2026-09-02,3,PC2609A,Fixed site,given
C-00877,Measles-1,2026-09-14,1,MR2609B,Fixed site,given
C-00877,Yellow Fever,2026-09-14,1,YF2609B,Fixed site,given
C-00878,BCG,2025-08-19,1,BC2508C,Outreach,given
C-00878,OPV-0,2025-08-19,0,OP2508C,Outreach,given
C-00878,Penta-1,2025-12-21,1,PT2512C,Fixed site,given
C-00878,OPV-1,2025-12-21,1,OP2512C,Fixed site,given
C-00878,PCV-1,2025-12-21,1,PC2512C,Fixed site,given
C-00878,Rota-1,2025-12-21,1,RT2512C,Fixed site,given
C-00878,Penta-2,2026-01-18,2,PT2601C,Fixed site,given
C-00878,OPV-2,2026-01-18,2,OP2601C,Fixed site,given
C-00878,PCV-2,2026-01-18,2,PC2601C,Fixed site,given
C-00878,Rota-2,2026-01-18,2,RT2601C,Fixed site,given
C-00878,Penta-3,2026-03-05,3,PT2603A,Fixed site,given
C-00878,OPV-3,2026-03-05,3,OP2603A,Fixed site,given
C-00878,PCV-3,2026-03-05,3,PC2603A,Fixed site,given
C-00878,Measles-1,2026-05-07,1,MR2605A,Fixed site,given
C-00878,Yellow Fever,2026-05-07,1,YF2605A,Fixed site,given
C-00879,BCG,2024-10-28,1,BC2410D,Fixed site,given
C-00879,Penta-1,2025-07-17,1,PT2507C,Fixed site,given
C-00879,OPV-1,2025-07-17,1,OP2507C,Fixed site,given
C-00879,PCV-1,2025-07-17,1,PC2507C,Fixed site,given
C-00879,Rota-1,2025-07-17,1,RT2507C,Fixed site,given
C-00879,Penta-2,2025-08-14,2,PT2508B,Fixed site,given
C-00879,OPV-2,2025-08-14,2,OP2508B,Fixed site,given
C-00879,PCV-2,2025-08-14,2,PC2508B,Fixed site,given
C-00879,Rota-2,2025-08-14,2,RT2508B,Fixed site,given
C-00879,Penta-3,2025-09-11,3,PT2509B,Fixed site,given
C-00879,OPV-3,2025-09-11,3,OP2509B,Fixed site,given
C-00879,PCV-3,2025-09-11,3,PC2509B,Fixed site,given
C-00879,Measles-1,2025-11-22,1,MR2511C,Fixed site,given
C-00879,Yellow Fever,2025-11-22,1,YF2511C,Fixed site,given
C-00880,BCG,2025-08-17,1,BC2508C,Fixed site,given
C-00880,OPV-0,2025-08-17,0,OP2508C,Fixed site,given
C-00880,Penta-1,2025-11-11,1,PT2511B,Fixed site,given
C-00880,PCV-1,2025-11-11,1,PC2511B,Fixed site,given
C-00880,Rota-1,2025-11-11,1,RT2511B,Fixed site,given
C-00880,Penta-2,2025-12-09,2,PT2512B,Fixed site,given
C-00880,OPV-2,2025-12-09,2,OP2512B,Fixed site,given
C-00880,PCV-2,2025-12-09,2,PC2512B,Fixed site,given
C-00880,Rota-2,2025-12-09,2,RT2512B,Fixed site,given
C-00880,Penta-3,2026-01-06,3,PT2601A,Fixed site,given
C-00880,OPV-3,2026-01-06,3,OP2601A,Fixed site,given
C-00880,PCV-3,2026-01-06,3,PC2601A,Fixed site,given
C-00880,Measles-1,2026-05-30,1,MR2605D,Fixed site,given
C-00880,Yellow Fever,2026-05-30,1,YF2605D,Fixed site,given
C-00881,BCG,2025-05-06,1,BC2505A,Fixed site,given
C-00881,OPV-0,2025-05-06,0,OP2505A,Fixed site,given
C-00881,Penta-1,2025-06-05,1,PT2506A,Fixed site,given
C-00881,OPV-1,2025-06-05,1,OP2506A,Fixed site,given
C-00881,PCV-1,2025-06-05,1,PC2506A,Fixed site,given
C-00881,Rota-1,2025-06-05,1,RT2506A,Fixed site,given
C-00881,Penta-2,2025-08-26,2,PT2508D,Fixed site,given
C-00881,OPV-2,2025-08-26,2,OP2508D,Fixed site,given
C-00881,PCV-2,2025-08-26,2,PC2508D,Fixed site,given
C-00881,Rota-2,2025-08-26,2,RT2508D,Fixed site,given
C-00881,Penta-3,2025-11-21,3,PT2511C,Fixed site,given
C-00881,OPV-3,2025-11-21,3,OP2511C,Fixed site,given
C-00881,PCV-3,2025-11-21,3,PC2511C,Fixed site,given
C-00881,Measles-1,2026-09-17,1,MR2609C,Fixed site,given
C-00881,Yellow Fever,2026-09-17,1,YF2609C,Fixed site,given
C-00882,BCG,2025-10-07,1,BC2510A,Fixed site,given
C-00882,OPV-0,2025-10-07,0,OP2510A,Fixed site,given
C-00882,Penta-1,2025-12-03,1,PT2512A,Fixed site,given
C-00882,OPV-1,2025-12-03,1,OP2512A,Fixed site,given
C-00882,PCV-1,2025-12-03,1,PC2512A,Fixed site,given
C-00882,Rota-1,2025-12-03,1,RT2512A,Fixed site,given
C-00882,Penta-2,2026-02-04,2,PT2602A,Fixed site,given
C-00882,OPV-2,2026-02-04,2,OP2602A,Fixed site,given
C-00882,PCV-2,2026-02-04,2,PC2602A,Fixed site,given
C-00882,Rota-2,2026-02-04,2,RT2602A,Fixed site,given
C-00882,Penta-3,2026-03-04,3,PT2603A,Fixed site,given
C-00882,OPV-3,2026-03-04,3,OP2603A,Fixed site,given
C-00882,PCV-3,2026-03-04,3,PC2603A,Fixed site,given
C-00882,Measles-1,2026-08-22,1,MR2608C,Fixed site,given
C-00882,Yellow Fever,2026-08-22,1,YF2608C,Fixed site,given
C-00883,BCG,2026-01-07,1,BC2601A,Fixed site,given
C-00883,OPV-0,2026-01-07,0,OP2601A,Fixed site,given
C-00883,Penta-1,2026-03-19,1,PT2603C,Fixed site,given
C-00883,OPV-1,2026-03-19,1,OP2603C,Fixed site,given
C-00883,PCV-1,2026-03-19,1,PC2603C,Fixed site,given
C-00883,Rota-1,2026-03-19,1,RT2603C,Fixed site,given
C-00883,Penta-2,2026-04-16,2,PT2604B,Fixed site,given
C-00883,OPV-2,2026-04-16,2,OP2604B,Fixed site,given
C-00883,PCV-2,2026-04-16,2,PC2604B,Fixed site,given
C-00883,Rota-2,2026-04-16,2,RT2604B,Fixed site,given
C-00883,Penta-3,2026-05-18,3,PT2605C,Fixed site,given
C-00883,OPV-3,2026-05-18,3,OP2605C,Fixed site,given
C-00883,PCV-3,2026-05-18,3,PC2605C,Fixed site,given
C-00884,BCG,2026-04-15,1,BC2604B,Fixed site,given
C-00884,OPV-0,2026-04-15,0,OP2604B,Fixed site,given
C-00884,Penta-1,2026-05-27,1,PT2605D,Fixed site,given
C-00884,OPV-1,2026-05-27,1,OP2605D,Fixed site,given
C-00884,PCV-1,2026-05-27,1,PC2605D,Fixed site,given
C-00884,Rota-1,2026-05-27,1,RT2605D,Fixed site,given
C-00884,Penta-2,2026-06-24,2,PT2606C,Fixed site,given
C-00884,OPV-2,2026-06-24,2,OP2606C,Fixed site,given
C-00884,PCV-2,2026-06-24,2,PC2606C,Fixed site,given
C-00884,Rota-2,2026-06-24,2,RT2606C,Fixed site,given
C-00884,Penta-3,2026-07-22,3,PT2607C,Fixed site,given
C-00884,OPV-3,2026-07-22,3,OP2607C,Fixed site,given
C-00884,PCV-3,2026-07-22,3,PC2607C,Fixed site,given
C-00885,BCG,2025-06-19,1,BC2506C,Fixed site,given
C-00885,OPV-0,2025-06-19,0,OP2506C,Fixed site,given
C-00885,Penta-1,2025-08-26,1,PT2508D,Fixed site,given
C-00885,OPV-1,2025-08-26,1,OP2508D,Fixed site,given
C-00885,PCV-1,2025-08-26,1,PC2508D,Fixed site,given
C-00885,Rota-1,2025-08-26,1,RT2508D,Fixed site,given
C-00885,Penta-2,2025-09-23,2,PT2509C,Fixed site,given
C-00885,OPV-2,2025-09-23,2,OP2509C,Fixed site,given
C-00885,PCV-2,2025-09-23,2,PC2509C,Fixed site,given
C-00885,Rota-2,2025-09-23,2,RT2509C,Fixed site,given
C-00885,Penta-3,2025-10-21,3,PT2510C,Fixed site,given
C-00885,OPV-3,2025-10-21,3,OP2510C,Fixed site,given
C-00885,PCV-3,2025-10-21,3,PC2510C,Fixed site,given
C-00885,Measles-1,2026-03-24,1,MR2603C,Fixed site,given
C-00885,Yellow Fever,2026-03-24,1,YF2603C,Fixed site,given
C-00886,BCG,2025-10-28,1,BC2510D,Fixed site,given
C-00886,OPV-0,2025-10-28,0,OP2510D,Fixed site,given
C-00886,Penta-1,2025-12-19,1,PT2512C,Fixed site,given
C-00886,OPV-1,2025-12-19,1,OP2512C,Fixed site,given
C-00886,Rota-1,2025-12-19,1,RT2512C,Fixed site,given
C-00887,Measles-1,2026-02-11,1,MR2602B,Fixed site,given
C-00887,Yellow Fever,2026-02-11,1,YF2602B,Fixed site,given
C-00888,BCG,2026-05-19,1,BC2605C,Fixed site,given
C-00888,OPV-0,2026-05-19,0,OP2605C,Fixed site,given
C-00888,Penta-1,2026-07-19,1,PT2607C,Fixed site,given
C-00888,OPV-1,2026-07-19,1,OP2607C,Fixed site,given
C-00888,PCV-1,2026-07-19,1,PC2607C,Fixed site,given
C-00888,Rota-1,2026-07-19,1,RT2607C,Fixed site,given
C-00888,OPV-3,2026-09-24,3,OP2609C,Fixed site,given
C-00889,BCG,2026-06-03,1,BC2606A,Fixed site,given
C-00889,OPV-0,2026-06-03,0,OP2606A,Fixed site,given
C-00889,Penta-1,2026-07-08,1,PT2607A,Fixed site,given
C-00889,OPV-1,2026-07-08,1,OP2607A,Fixed site,given
C-00889,PCV-1,2026-07-08,1,PC2607A,Fixed site,given
C-00889,Rota-1,2026-07-08,1,RT2607A,Fixed site,given
C-00889,Penta-2,2026-08-05,2,PT2608A,Fixed site,given
C-00889,Rota-2,2026-08-05,2,RT2608A,Fixed site,given
C-00889,Penta-3,2026-09-24,3,PT2609C,Fixed site,given
C-00889,OPV-3,2026-09-24,3,OP2609C,Fixed site,given
C-00889,PCV-3,2026-09-24,3,PC2609C,Fixed site,given
C-00890,BCG,2024-11-05,1,BC2411A,Fixed site,given
C-00890,OPV-0,2024-11-05,0,OP2411A,Fixed site,given
C-00890,Penta-1,2025-02-05,1,PT2502A,Fixed site,given
C-00890,OPV-1,2025-02-05,1,OP2502A,Fixed site,given
C-00890,PCV-1,2025-02-05,1,PC2502A,Fixed site,given
C-00890,Rota-1,2025-02-05,1,RT2502A,Fixed site,given
C-00890,Penta-2,2025-03-05,2,PT2503A,Outreach,given
C-00890,OPV-2,2025-03-05,2,OP2503A,Outreach,given
C-00890,PCV-2,2025-03-05,2,PC2503A,Outreach,given
C-00890,Rota-2,2025-03-05,2,RT2503A,Outreach,given
C-00890,Penta-3,2025-04-05,3,PT2504A,Fixed site,given
C-00890,OPV-3,2025-04-05,3,OP2504A,Fixed site,given
C-00890,PCV-3,2025-04-05,3,PC2504A,Fixed site,given
C-00890,Measles-1,2025-09-05,1,MR2509A,Fixed site,given
C-00890,Measles-2,2026-06-11,2,MR2606B,Fixed site,given
C-00891,BCG,2025-10-06,1,BC2510A,Fixed site,given
C-00891,OPV-0,2025-10-06,0,OP2510A,Fixed site,given
C-00891,Penta-1,2025-11-20,1,PT2511C,Fixed site,given
C-00891,PCV-1,2025-11-20,1,PC2511C,Fixed site,given
C-00891,Rota-1,2025-11-20,1,RT2511C,Fixed site,given
C-00891,Penta-2,2026-01-26,2,PT2601D,Fixed site,given
C-00891,OPV-2,2026-01-26,2,OP2601D,Fixed site,given
C-00891,PCV-2,2026-01-26,2,PC2601D,Fixed site,given
C-00891,Rota-2,2026-01-26,2,RT2601D,Fixed site,given
C-00891,Penta-3,2026-03-03,3,PT2603A,Fixed site,given
C-00891,OPV-3,2026-03-03,3,OP2603A,Fixed site,given
C-00891,PCV-3,2026-03-03,3,PC2603A,Fixed site,given
C-00891,Measles-1,2026-09-24,1,MR2609C,Fixed site,given
C-00891,Yellow Fever,2026-09-24,1,YF2609C,Fixed site,given
C-00892,BCG,2025-04-23,1,BC2504C,Fixed site,given
C-00892,OPV-0,2025-04-23,0,OP2504C,Fixed site,given
C-00892,Measles-1,2026-01-20,1,MR2601C,Fixed site,given
C-00892,Yellow Fever,2026-01-20,1,YF2601C,Fixed site,given
C-00893,BCG,2025-11-18,1,BC2511C,Fixed site,given
C-00893,Penta-1,2026-01-08,1,PT2601A,Fixed site,given
C-00893,OPV-1,2026-01-08,1,OP2601A,Fixed site,given
C-00893,PCV-1,2026-01-08,1,PC2601A,Fixed site,given
C-00893,Rota-1,2026-01-08,1,RT2601A,Fixed site,given
C-00893,Penta-2,2026-02-11,2,PT2602B,Fixed site,given
C-00893,OPV-2,2026-02-11,2,OP2602B,Fixed site,given
C-00893,PCV-2,2026-02-11,2,PC2602B,Fixed site,given
C-00893,Rota-2,2026-02-11,2,RT2602B,Fixed site,given
C-00893,Penta-3,2026-03-11,3,PT2603B,Fixed site,given
C-00893,OPV-3,2026-03-11,3,OP2603B,Fixed site,given
C-00893,PCV-3,2026-03-11,3,PC2603B,Fixed site,given
C-00893,Measles-1,2026-09-24,1,MR2609C,Fixed site,given
C-00893,Yellow Fever,2026-09-24,1,YF2609C,Fixed site,given
C-00894,BCG,2025-12-06,1,BC2512A,Fixed site,given
C-00894,Penta-1,2026-04-25,1,PT2604D,Fixed site,given
C-00894,OPV-1,2026-04-25,1,OP2604D,Fixed site,given
C-00894,PCV-1,2026-04-25,1,PC2604D,Fixed site,given
C-00894,Rota-1,2026-04-25,1,RT2604D,Fixed site,given
C-00894,Penta-2,2026-05-23,2,PT2605C,Fixed site,given
C-00894,OPV-2,2026-05-23,2,OP2605C,Fixed site,given
C-00894,PCV-2,2026-05-23,2,PC2605C,Fixed site,given
C-00894,Rota-2,2026-05-23,2,RT2605C,Fixed site,given
C-00894,Penta-3,2026-06-20,3,PT2606C,Fixed site,given
C-00894,OPV-3,2026-06-20,3,OP2606C,Fixed site,given
C-00894,PCV-3,2026-06-20,3,PC2606C,Fixed site,given
C-00894,Measles-1,2026-08-22,1,MR2608C,Fixed site,given
C-00894,Yellow Fever,2026-08-22,1,YF2608C,Fixed site,given
C-00895,BCG,2026-05-04,1,BC2605A,Fixed site,given
C-00895,Penta-1,2026-05-29,1,PT2605D,Fixed site,given
C-00895,Penta-2,2026-06-26,2,PT2606D,Fixed site,given
C-00895,OPV-2,2026-06-26,2,OP2606D,Fixed site,given
C-00895,PCV-2,2026-06-26,2,PC2606D,Fixed site,given
C-00895,Rota-2,2026-06-26,2,RT2606D,Fixed site,given
C-00895,OPV-1,2026-09-19,1,OP2609C,Fixed site,given
C-00895,PCV-1,2026-09-19,1,PC2609C,Fixed site,given
C-00895,Rota-1,2026-09-19,1,RT2609C,Fixed site,given
C-00895,Penta-3,2026-09-24,3,PT2609C,Fixed site,given
C-00895,OPV-3,2026-09-24,3,OP2609C,Fixed site,given
C-00895,PCV-3,2026-09-24,3,PC2609C,Fixed site,given
C-00896,BCG,2026-02-17,1,BC2602C,Fixed site,given
C-00896,OPV-0,2026-02-17,0,OP2602C,Fixed site,given
C-00896,Penta-1,2026-03-31,1,PT2603D,Fixed site,given
C-00896,Penta-2,2026-04-28,2,PT2604D,Fixed site,given
C-00896,OPV-2,2026-04-28,2,OP2604D,Fixed site,given
C-00896,PCV-2,2026-04-28,2,PC2604D,Fixed site,given
C-00896,Rota-2,2026-04-28,2,RT2604D,Fixed site,given
C-00896,Penta-3,2026-06-09,3,PT2606B,Fixed site,given
C-00896,OPV-3,2026-06-09,3,OP2606B,Fixed site,given
C-00896,PCV-3,2026-06-09,3,PC2606B,Fixed site,given
C-00896,OPV-1,2026-09-24,1,OP2609C,Fixed site,given
C-00896,PCV-1,2026-09-24,1,PC2609C,Fixed site,given
C-00896,Rota-1,2026-09-24,1,RT2609C,Fixed site,given
C-00897,BCG,2024-12-24,1,BC2412C,Fixed site,given
C-00897,OPV-0,2024-12-24,0,OP2412C,Fixed site,given
C-00897,Penta-1,2025-02-06,1,PT2502A,Fixed site,given
C-00897,OPV-1,2025-02-06,1,OP2502A,Fixed site,given
C-00897,PCV-1,2025-02-06,1,PC2502A,Fixed site,given
C-00897,Rota-1,2025-02-06,1,RT2502A,Fixed site,given
C-00897,Penta-2,2025-09-05,2,PT2509A,Outreach,given
C-00897,OPV-2,2025-09-05,2,OP2509A,Outreach,given
C-00897,PCV-2,2025-09-05,2,PC2509A,Outreach,given
C-00897,Rota-2,2025-09-05,2,RT2509A,Outreach,given
C-00897,Penta-3,2025-10-03,3,PT2510A,Fixed site,given
C-00897,OPV-3,2025-10-03,3,OP2510A,Fixed site,given
C-00897,PCV-3,2025-10-03,3,PC2510A,Fixed site,given
C-00897,Measles-1,2025-10-26,1,MR2510D,Fixed site,given
C-00897,Yellow Fever,2025-10-26,1,YF2510D,Fixed site,given
C-00897,Measles-2,2026-08-16,2,MR2608B,Fixed site,given
C-00898,Penta-1,2026-05-03,1,PT2605A,Fixed site,given
C-00898,OPV-1,2026-05-03,1,OP2605A,Fixed site,given
C-00898,PCV-1,2026-05-03,1,PC2605A,Fixed site,given
C-00898,Rota-1,2026-05-03,1,RT2605A,Fixed site,given
C-00898,Penta-2,2026-05-31,2,PT2605D,Fixed site,given
C-00898,OPV-2,2026-05-31,2,OP2605D,Fixed site,given
C-00898,PCV-2,2026-05-31,2,PC2605D,Fixed site,given
C-00898,Rota-2,2026-05-31,2,RT2605D,Fixed site,given
C-00898,Penta-3,2026-06-28,3,PT2606D,Fixed site,given
C-00898,PCV-3,2026-06-28,3,PC2606D,Fixed site,given
C-00898,Measles-1,2026-08-03,1,MR2608A,Fixed site,given
C-00898,Yellow Fever,2026-08-03,1,YF2608A,Fixed site,given
C-00899,BCG,2024-10-19,1,BC2410C,Fixed site,given
C-00899,OPV-0,2024-10-19,0,OP2410C,Fixed site,given
C-00899,Penta-1,2025-01-06,1,PT2501A,Fixed site,given
C-00899,OPV-1,2025-01-06,1,OP2501A,Fixed site,given
C-00899,PCV-1,2025-01-06,1,PC2501A,Fixed site,given
C-00899,Rota-1,2025-01-06,1,RT2501A,Fixed site,given
C-00899,Penta-2,2025-02-03,2,PT2502A,Fixed site,given
C-00899,OPV-2,2025-02-03,2,OP2502A,Fixed site,given
C-00899,PCV-2,2025-02-03,2,PC2502A,Fixed site,given
C-00899,Rota-2,2025-02-03,2,RT2502A,Fixed site,given
C-00900,BCG,2026-01-04,1,BC2601A,Fixed site,given
C-00900,OPV-0,2026-01-04,0,OP2601A,Fixed site,given
C-00900,Penta-1,2026-06-18,1,PT2606C,Fixed site,given
C-00900,OPV-1,2026-06-18,1,OP2606C,Fixed site,given
C-00900,PCV-1,2026-06-18,1,PC2606C,Fixed site,given
C-00900,Rota-1,2026-06-18,1,RT2606C,Fixed site,given
C-00900,Penta-2,2026-07-16,2,PT2607B,Fixed site,given
C-00900,OPV-2,2026-07-16,2,OP2607B,Fixed site,given
C-00900,PCV-2,2026-07-16,2,PC2607B,Fixed site,given
C-00900,Rota-2,2026-07-16,2,RT2607B,Fixed site,given
C-00900,Penta-3,2026-08-13,3,PT2608B,Fixed site,given
C-00900,OPV-3,2026-08-13,3,OP2608B,Fixed site,given
C-00900,PCV-3,2026-08-13,3,PC2608B,Fixed site,given
C-00900,Measles-1,2026-09-24,1,MR2609C,Fixed site,given
C-00901,BCG,2026-05-06,1,BC2605A,Fixed site,given
C-00901,Penta-1,2026-07-17,1,PT2607C,Fixed site,given
C-00901,OPV-1,2026-07-17,1,OP2607C,Fixed site,given
C-00901,PCV-1,2026-07-17,1,PC2607C,Fixed site,given
C-00901,Rota-1,2026-07-17,1,RT2607C,Fixed site,given
C-00901,Penta-2,2026-08-14,2,PT2608B,Fixed site,given
C-00901,OPV-2,2026-08-14,2,OP2608B,Fixed site,given
C-00901,PCV-2,2026-08-14,2,PC2608B,Fixed site,given
C-00901,Rota-2,2026-08-14,2,RT2608B,Fixed site,given
C-00901,Penta-3,2026-09-24,3,PT2609C,Fixed site,given
C-00901,OPV-3,2026-09-24,3,OP2609C,Fixed site,given
C-00901,PCV-3,2026-09-24,3,PC2609C,Fixed site,given
C-00902,BCG,2024-10-24,1,BC2410C,Fixed site,given
C-00902,Penta-1,2024-11-27,1,PT2411D,Fixed site,given
C-00902,OPV-1,2024-11-27,1,OP2411D,Fixed site,given
C-00902,PCV-1,2024-11-27,1,PC2411D,Fixed site,given
C-00902,Penta-2,2024-12-25,2,PT2412D,Fixed site,given
C-00902,OPV-2,2024-12-25,2,OP2412D,Fixed site,given
C-00902,PCV-2,2024-12-25,2,PC2412D,Fixed site,given
C-00902,Rota-2,2024-12-25,2,RT2412D,Fixed site,given
C-00902,Penta-3,2025-04-30,3,PT2504D,Fixed site,given
C-00902,OPV-3,2025-04-30,3,OP2504D,Fixed site,given
C-00902,PCV-3,2025-04-30,3,PC2504D,Fixed site,given
C-00902,Measles-1,2025-07-03,1,MR2507A,Fixed site,given
C-00902,Yellow Fever,2025-07-03,1,YF2507A,Fixed site,given
C-00903,BCG,2026-02-18,1,BC2602C,Fixed site,given
C-00903,OPV-0,2026-02-18,0,OP2602C,Fixed site,given
C-00903,Penta-1,2026-05-03,1,PT2605A,Fixed site,given
C-00903,OPV-1,2026-05-03,1,OP2605A,Fixed site,given
C-00903,PCV-1,2026-05-03,1,PC2605A,Fixed site,given
C-00903,Rota-1,2026-05-03,1,RT2605A,Fixed site,given
C-00903,Penta-2,2026-05-31,2,PT2605D,Fixed site,given
C-00903,OPV-2,2026-05-31,2,OP2605D,Fixed site,given
C-00903,PCV-2,2026-05-31,2,PC2605D,Fixed site,given
C-00903,Rota-2,2026-05-31,2,RT2605D,Fixed site,given
C-00903,Penta-3,2026-06-28,3,PT2606D,Fixed site,given
C-00903,OPV-3,2026-06-28,3,OP2606D,Fixed site,given
C-00903,PCV-3,2026-06-28,3,PC2606D,Fixed site,given
C-00904,BCG,2025-03-18,1,BC2503C,Fixed site,given
C-00904,Penta-1,2025-06-13,1,PT2506B,Fixed site,given
C-00904,OPV-1,2025-06-13,1,OP2506B,Fixed site,given
C-00904,PCV-1,2025-06-13,1,PC2506B,Fixed site,given
C-00904,Rota-1,2025-06-13,1,RT2506B,Fixed site,given
C-00904,Penta-2,2025-07-11,2,PT2507B,Fixed site,given
C-00904,OPV-2,2025-07-11,2,OP2507B,Fixed site,given
C-00904,PCV-2,2025-07-11,2,PC2507B,Fixed site,given
C-00904,Rota-2,2025-07-11,2,RT2507B,Fixed site,given
C-00904,Measles-1,2025-09-25,1,MR2509D,Fixed site,given
C-00904,Yellow Fever,2025-09-25,1,YF2509D,Fixed site,given
C-00904,Penta-3,2025-11-17,3,PT2511C,Fixed site,given
C-00904,OPV-3,2025-11-17,3,OP2511C,Fixed site,given
C-00904,PCV-3,2025-11-17,3,PC2511C,Fixed site,given
C-00905,BCG,2024-12-10,1,BC2412B,Fixed site,given
C-00905,OPV-0,2024-12-10,0,OP2412B,Fixed site,given
C-00905,Penta-1,2025-01-23,1,PT2501C,Fixed site,given
C-00905,OPV-1,2025-01-23,1,OP2501C,Fixed site,given
C-00905,PCV-1,2025-01-23,1,PC2501C,Fixed site,given
C-00905,Rota-1,2025-01-23,1,RT2501C,Fixed site,given
C-00905,Penta-2,2025-04-17,2,PT2504C,Fixed site,given
C-00905,OPV-2,2025-04-17,2,OP2504C,Fixed site,given
C-00905,PCV-2,2025-04-17,2,PC2504C,Fixed site,given
C-00905,Rota-2,2025-04-17,2,RT2504C,Fixed site,given
C-00905,Measles-1,2025-09-30,1,MR2509D,Fixed site,given
C-00905,Yellow Fever,2025-09-30,1,YF2509D,Fixed site,given
C-00905,Penta-3,2025-11-12,3,PT2511B,Fixed site,given
C-00905,OPV-3,2025-11-12,3,OP2511B,Fixed site,given
C-00905,PCV-3,2025-11-12,3,PC2511B,Fixed site,given
C-00905,Measles-2,2026-07-07,2,MR2607A,Fixed site,given
C-00906,BCG,2026-04-02,1,BC2604A,Fixed site,given
C-00906,Penta-1,2026-04-13,1,PT2604B,Fixed site,given
C-00906,Penta-2,2026-05-11,2,PT2605B,Fixed site,given
C-00906,OPV-2,2026-05-11,2,OP2605B,Fixed site,given
C-00906,PCV-2,2026-05-11,2,PC2605B,Fixed site,given
C-00906,Rota-2,2026-05-11,2,RT2605B,Fixed site,given
C-00906,OPV-1,2026-09-17,1,OP2609C,Fixed site,given
C-00906,PCV-1,2026-09-17,1,PC2609C,Fixed site,given
C-00906,Rota-1,2026-09-17,1,RT2609C,Fixed site,given
C-00907,BCG,2026-04-20,1,BC2604C,Fixed site,given
C-00907,OPV-0,2026-04-20,0,OP2604C,Fixed site,given
C-00908,BCG,2025-10-01,1,BC2510A,Fixed site,given
C-00908,Penta-1,2026-03-07,1,PT2603A,Fixed site,given
C-00908,PCV-1,2026-03-07,1,PC2603A,Fixed site,given
C-00908,Rota-1,2026-03-07,1,RT2603A,Fixed site,given
C-00908,Penta-2,2026-04-09,2,PT2604B,Fixed site,given
C-00908,OPV-2,2026-04-09,2,OP2604B,Fixed site,given
C-00908,PCV-2,2026-04-09,2,PC2604B,Fixed site,given
C-00908,Rota-2,2026-04-09,2,RT2604B,Fixed site,given
C-00908,Penta-3,2026-05-07,3,PT2605A,Fixed site,given
C-00908,OPV-3,2026-05-07,3,OP2605A,Fixed site,given
C-00908,PCV-3,2026-05-07,3,PC2605A,Fixed site,given
C-00908,Measles-1,2026-07-03,1,MR2607A,Fixed site,given
C-00909,BCG,2026-09-24,1,BC2609C,Fixed site,given
C-00909,OPV-0,2026-09-24,0,OP2609C,Fixed site,given
C-00910,BCG,2025-11-26,1,BC2511D,Fixed site,given
C-00910,Penta-1,2026-01-07,1,PT2601A,Fixed site,given
C-00910,OPV-1,2026-01-07,1,OP2601A,Fixed site,given
C-00910,Rota-1,2026-01-07,1,RT2601A,Fixed site,given
C-00910,Penta-2,2026-02-16,2,PT2602B,Fixed site,given
C-00910,OPV-2,2026-02-16,2,OP2602B,Fixed site,given
C-00910,PCV-2,2026-02-16,2,PC2602B,Fixed site,given
C-00910,Rota-2,2026-02-16,2,RT2602B,Fixed site,given
C-00910,Penta-3,2026-04-14,3,PT2604B,Fixed site,given
C-00910,OPV-3,2026-04-14,3,OP2604B,Fixed site,given
C-00910,PCV-3,2026-04-14,3,PC2604B,Fixed site,given
C-00910,Measles-1,2026-08-28,1,MR2608D,Fixed site,given
C-00910,Yellow Fever,2026-08-28,1,YF2608D,Fixed site,given
C-00911,BCG,2025-06-06,1,BC2506A,Fixed site,given
C-00911,OPV-0,2025-06-06,0,OP2506A,Fixed site,given
C-00911,Penta-1,2025-10-10,1,PT2510B,Fixed site,given
C-00911,PCV-1,2025-10-10,1,PC2510B,Fixed site,given
C-00911,Rota-1,2025-10-10,1,RT2510B,Fixed site,given
C-00911,Penta-2,2025-11-07,2,PT2511A,Fixed site,given
C-00911,OPV-2,2025-11-07,2,OP2511A,Fixed site,given
C-00911,PCV-2,2025-11-07,2,PC2511A,Fixed site,given
C-00911,Rota-2,2025-11-07,2,RT2511A,Fixed site,given
C-00911,Penta-3,2025-12-05,3,PT2512A,Fixed site,given
C-00911,OPV-3,2025-12-05,3,OP2512A,Fixed site,given
C-00911,PCV-3,2025-12-05,3,PC2512A,Fixed site,given
C-00912,BCG,2025-07-30,1,BC2507D,Fixed site,given
C-00912,OPV-0,2025-07-30,0,OP2507D,Fixed site,given
C-00912,Penta-1,2025-09-09,1,PT2509B,Fixed site,given
C-00912,OPV-1,2025-09-09,1,OP2509B,Fixed site,given
C-00912,PCV-1,2025-09-09,1,PC2509B,Fixed site,given
C-00912,Rota-1,2025-09-09,1,RT2509B,Fixed site,given
C-00912,Penta-2,2025-10-12,2,PT2510B,Fixed site,given
C-00912,OPV-2,2025-10-12,2,OP2510B,Fixed site,given
C-00912,PCV-2,2025-10-12,2,PC2510B,Fixed site,given
C-00912,Rota-2,2025-10-12,2,RT2510B,Fixed site,given
C-00912,Penta-3,2026-02-22,3,PT2602C,Fixed site,given
C-00912,OPV-3,2026-02-22,3,OP2602C,Fixed site,given
C-00912,PCV-3,2026-02-22,3,PC2602C,Fixed site,given
C-00912,Measles-1,2026-07-01,1,MR2607A,Fixed site,given
C-00912,Yellow Fever,2026-07-01,1,YF2607A,Fixed site,given
C-00913,BCG,2025-04-01,1,BC2504A,Fixed site,given
C-00913,OPV-0,2025-04-01,0,OP2504A,Fixed site,given
C-00913,Penta-1,2025-06-13,1,PT2506B,Fixed site,given
C-00913,OPV-1,2025-06-13,1,OP2506B,Fixed site,given
C-00913,Rota-1,2025-06-13,1,RT2506B,Fixed site,given
C-00913,Penta-2,2025-07-11,2,PT2507B,Fixed site,given
C-00913,OPV-2,2025-07-11,2,OP2507B,Fixed site,given
C-00913,PCV-2,2025-07-11,2,PC2507B,Fixed site,given
C-00913,Rota-2,2025-07-11,2,RT2507B,Fixed site,given
C-00913,Penta-3,2025-08-08,3,PT2508A,Fixed site,given
C-00913,OPV-3,2025-08-08,3,OP2508A,Fixed site,given
C-00913,PCV-3,2025-08-08,3,PC2508A,Fixed site,given
C-00913,Measles-1,2025-12-25,1,MR2512D,Fixed site,given
C-00913,Yellow Fever,2025-12-25,1,YF2512D,Fixed site,given
C-00914,BCG,2025-12-01,1,BC2512A,Fixed site,given
C-00914,OPV-0,2025-12-01,0,OP2512A,Fixed site,given
C-00914,Penta-1,2026-02-28,1,PT2602D,Fixed site,given
C-00914,OPV-1,2026-02-28,1,OP2602D,Fixed site,given
C-00914,PCV-1,2026-02-28,1,PC2602D,Fixed site,given
C-00914,Rota-1,2026-02-28,1,RT2602D,Fixed site,given
C-00914,Penta-2,2026-03-28,2,PT2603D,Fixed site,given
C-00914,OPV-2,2026-03-28,2,OP2603D,Fixed site,given
C-00914,PCV-2,2026-03-28,2,PC2603D,Fixed site,given
C-00914,Rota-2,2026-03-28,2,RT2603D,Fixed site,given
C-00914,Penta-3,2026-06-29,3,PT2606D,Fixed site,given
C-00914,OPV-3,2026-06-29,3,OP2606D,Fixed site,given
C-00914,PCV-3,2026-06-29,3,PC2606D,Fixed site,given
C-00914,Measles-1,2026-09-24,1,MR2609C,Fixed site,given
C-00914,Yellow Fever,2026-09-24,1,YF2609C,Fixed site,given
C-00915,Penta-1,2026-07-04,1,PT2607A,Fixed site,given
C-00915,OPV-1,2026-07-04,1,OP2607A,Fixed site,given
C-00915,PCV-1,2026-07-04,1,PC2607A,Fixed site,given
C-00915,Rota-1,2026-07-04,1,RT2607A,Fixed site,given
C-00915,Penta-2,2026-08-01,2,PT2608A,Fixed site,given
C-00915,OPV-2,2026-08-01,2,OP2608A,Fixed site,given
C-00915,PCV-2,2026-08-01,2,PC2608A,Fixed site,given
C-00915,Rota-2,2026-08-01,2,RT2608A,Fixed site,given
C-00915,Penta-3,2026-08-29,3,PT2608D,Fixed site,given
C-00915,PCV-3,2026-08-29,3,PC2608D,Fixed site,given
C-00916,BCG,2025-10-24,1,BC2510C,Fixed site,given
C-00916,OPV-0,2025-10-24,0,OP2510C,Fixed site,given
C-00916,Penta-1,2025-12-27,1,PT2512D,Fixed site,given
C-00916,OPV-1,2025-12-27,1,OP2512D,Fixed site,given
C-00916,PCV-1,2025-12-27,1,PC2512D,Fixed site,given
C-00916,Rota-1,2025-12-27,1,RT2512D,Fixed site,given
C-00916,Penta-2,2026-02-12,2,PT2602B,Fixed site,given
C-00916,OPV-2,2026-02-12,2,OP2602B,Fixed site,given
C-00916,PCV-2,2026-02-12,2,PC2602B,Fixed site,given
C-00916,Rota-2,2026-02-12,2,RT2602B,Fixed site,given
C-00916,Penta-3,2026-05-24,3,PT2605C,Fixed site,given
C-00916,PCV-3,2026-05-24,3,PC2605C,Fixed site,given
C-00917,BCG,2025-11-01,1,BC2511A,Fixed site,given
C-00917,OPV-0,2025-11-01,0,OP2511A,Fixed site,given
C-00917,Penta-1,2025-12-09,1,PT2512B,Fixed site,given
C-00917,OPV-1,2025-12-09,1,OP2512B,Fixed site,given
C-00917,PCV-1,2025-12-09,1,PC2512B,Fixed site,given
C-00917,Penta-2,2026-01-06,2,PT2601A,Fixed site,given
C-00917,OPV-2,2026-01-06,2,OP2601A,Fixed site,given
C-00917,PCV-2,2026-01-06,2,PC2601A,Fixed site,given
C-00917,Rota-2,2026-01-06,2,RT2601A,Fixed site,given
C-00917,Measles-1,2026-09-08,1,MR2609A,Fixed site,given
C-00917,Yellow Fever,2026-09-08,1,YF2609A,Fixed site,given
C-00917,Penta-3,2026-09-24,3,PT2609C,Fixed site,given
C-00917,OPV-3,2026-09-24,3,OP2609C,Fixed site,given
C-00917,PCV-3,2026-09-24,3,PC2609C,Fixed site,given
C-00918,Penta-1,2025-05-12,1,PT2505B,Fixed site,given
C-00918,OPV-1,2025-05-12,1,OP2505B,Fixed site,given
C-00918,PCV-1,2025-05-12,1,PC2505B,Fixed site,given
C-00918,Rota-1,2025-05-12,1,RT2505B,Fixed site,given
C-00918,Penta-2,2025-07-20,2,PT2507C,Fixed site,given
C-00918,OPV-2,2025-07-20,2,OP2507C,Fixed site,given
C-00918,PCV-2,2025-07-20,2,PC2507C,Fixed site,given
C-00918,Rota-2,2025-07-20,2,RT2507C,Fixed site,given
C-00918,Penta-3,2025-08-17,3,PT2508C,Fixed site,given
C-00918,OPV-3,2025-08-17,3,OP2508C,Fixed site,given
C-00918,PCV-3,2025-08-17,3,PC2508C,Fixed site,given
C-00918,Measles-1,2026-02-23,1,MR2602C,Fixed site,given
C-00918,Yellow Fever,2026-02-23,1,YF2602C,Fixed site,given
C-00919,BCG,2026-04-30,1,BC2604D,Fixed site,given
C-00919,Penta-1,2026-07-02,1,PT2607A,Fixed site,given
C-00919,OPV-1,2026-07-02,1,OP2607A,Fixed site,given
C-00919,Rota-1,2026-07-02,1,RT2607A,Fixed site,given
C-00919,Penta-2,2026-07-30,2,PT2607D,Fixed site,given
C-00919,OPV-2,2026-07-30,2,OP2607D,Fixed site,given
C-00919,PCV-2,2026-07-30,2,PC2607D,Fixed site,given
C-00919,Rota-2,2026-07-30,2,RT2607D,Fixed site,given
C-00919,Penta-3,2026-09-24,3,PT2609C,Outreach,given
C-00919,OPV-3,2026-09-24,3,OP2609C,Outreach,given
C-00919,PCV-3,2026-09-24,3,PC2609C,Outreach,given
C-00920,Penta-1,2026-06-28,1,PT2606D,Fixed site,given
C-00920,OPV-1,2026-06-28,1,OP2606D,Fixed site,given
C-00920,PCV-1,2026-06-28,1,PC2606D,Fixed site,given
C-00920,Rota-1,2026-06-28,1,RT2606D,Fixed site,given
C-00920,BCG,2026-09-24,1,BC2609C,Fixed site,given
C-00921,Penta-1,2025-01-07,1,PT2501A,Fixed site,given
C-00921,OPV-1,2025-01-07,1,OP2501A,Fixed site,given
C-00921,PCV-1,2025-01-07,1,PC2501A,Fixed site,given
C-00921,Rota-1,2025-01-07,1,RT2501A,Fixed site,given
C-00921,BCG,2025-01-30,1,BC2501D,Outreach,given
C-00921,Penta-2,2025-02-04,2,PT2502A,Fixed site,given
C-00921,OPV-2,2025-02-04,2,OP2502A,Fixed site,given
C-00921,PCV-2,2025-02-04,2,PC2502A,Fixed site,given
C-00921,Rota-2,2025-02-04,2,RT2502A,Fixed site,given
C-00921,Penta-3,2025-08-31,3,PT2508D,Fixed site,given
C-00921,OPV-3,2025-08-31,3,OP2508D,Fixed site,given
C-00921,PCV-3,2025-08-31,3,PC2508D,Fixed site,given
C-00921,Measles-1,2026-04-04,1,MR2604A,Fixed site,given
C-00921,Yellow Fever,2026-04-04,1,YF2604A,Fixed site,given
C-00921,Measles-2,2026-09-24,2,MR2609C,Fixed site,given
C-00922,BCG,2025-09-26,1,BC2509D,Fixed site,given
C-00922,OPV-0,2025-09-26,0,OP2509D,Fixed site,given
C-00922,Penta-1,2026-04-12,1,PT2604B,Fixed site,given
C-00922,OPV-1,2026-04-12,1,OP2604B,Fixed site,given
C-00922,PCV-1,2026-04-12,1,PC2604B,Fixed site,given
C-00922,Rota-1,2026-04-12,1,RT2604B,Fixed site,given
C-00923,BCG,2026-05-07,1,BC2605A,Fixed site,given
C-00923,OPV-0,2026-05-07,0,OP2605A,Fixed site,given
C-00923,Penta-1,2026-06-23,1,PT2606C,Fixed site,given
C-00923,OPV-1,2026-06-23,1,OP2606C,Fixed site,given
C-00923,PCV-1,2026-06-23,1,PC2606C,Fixed site,given
C-00923,Rota-1,2026-06-23,1,RT2606C,Fixed site,given
C-00923,Penta-2,2026-08-13,2,PT2608B,Fixed site,given
C-00923,OPV-2,2026-08-13,2,OP2608B,Fixed site,given
C-00923,PCV-2,2026-08-13,2,PC2608B,Fixed site,given
C-00923,Rota-2,2026-08-13,2,RT2608B,Fixed site,given
C-00924,BCG,2024-09-15,1,BC2409B,Fixed site,given
C-00924,OPV-0,2024-09-15,0,OP2409B,Fixed site,given
C-00924,Penta-1,2024-10-26,1,PT2410D,Fixed site,given
C-00924,OPV-1,2024-10-26,1,OP2410D,Fixed site,given
C-00924,PCV-1,2024-10-26,1,PC2410D,Fixed site,given
C-00924,Rota-1,2024-10-26,1,RT2410D,Fixed site,given
C-00924,Penta-2,2024-12-14,2,PT2412B,Fixed site,given
C-00924,OPV-2,2024-12-14,2,OP2412B,Fixed site,given
C-00924,PCV-2,2024-12-14,2,PC2412B,Fixed site,given
C-00924,Rota-2,2024-12-14,2,RT2412B,Fixed site,given
C-00924,Penta-3,2025-01-11,3,PT2501B,Fixed site,given
C-00924,OPV-3,2025-01-11,3,OP2501B,Fixed site,given
C-00924,Measles-1,2026-01-28,1,MR2601D,Fixed site,given
C-00924,Yellow Fever,2026-01-28,1,YF2601D,Fixed site,given
C-00924,Measles-2,2026-03-04,2,MR2603A,Fixed site,given
C-00925,BCG,2026-07-21,1,BC2607C,Fixed site,given
C-00925,Penta-1,2026-08-16,1,PT2608B,Fixed site,given
C-00925,OPV-1,2026-08-16,1,OP2608B,Fixed site,given
C-00925,PCV-1,2026-08-16,1,PC2608B,Fixed site,given
C-00925,Rota-1,2026-08-16,1,RT2608B,Fixed site,given
C-00926,BCG,2025-12-28,1,BC2512D,Fixed site,given
C-00926,Penta-1,2026-01-23,1,PT2601C,Fixed site,given
C-00926,OPV-1,2026-01-23,1,OP2601C,Fixed site,given
C-00926,PCV-1,2026-01-23,1,PC2601C,Fixed site,given
C-00926,Rota-1,2026-01-23,1,RT2601C,Fixed site,given
C-00926,Penta-2,2026-02-20,2,PT2602C,Fixed site,given
C-00926,OPV-2,2026-02-20,2,OP2602C,Fixed site,given
C-00926,PCV-2,2026-02-20,2,PC2602C,Fixed site,given
C-00926,Rota-2,2026-02-20,2,RT2602C,Fixed site,given
C-00926,Penta-3,2026-07-09,3,PT2607B,Fixed site,given
C-00926,OPV-3,2026-07-09,3,OP2607B,Fixed site,given
C-00926,PCV-3,2026-07-09,3,PC2607B,Fixed site,given
C-00926,Measles-1,2026-09-24,1,MR2609C,Fixed site,given
C-00927,BCG,2025-11-05,1,BC2511A,Fixed site,given
C-00927,Penta-1,2025-12-28,1,PT2512D,Fixed site,given
C-00927,OPV-1,2025-12-28,1,OP2512D,Fixed site,given
C-00927,PCV-1,2025-12-28,1,PC2512D,Fixed site,given
C-00927,Rota-1,2025-12-28,1,RT2512D,Fixed site,given
C-00927,Penta-2,2026-01-25,2,PT2601D,Fixed site,given
C-00927,OPV-2,2026-01-25,2,OP2601D,Fixed site,given
C-00927,PCV-2,2026-01-25,2,PC2601D,Fixed site,given
C-00927,Rota-2,2026-01-25,2,RT2601D,Fixed site,given
C-00927,Penta-3,2026-02-22,3,PT2602C,Fixed site,given
C-00927,OPV-3,2026-02-22,3,OP2602C,Fixed site,given
C-00927,PCV-3,2026-02-22,3,PC2602C,Fixed site,given
C-00927,Measles-1,2026-06-23,1,MR2606C,Outreach,given
C-00927,Yellow Fever,2026-06-23,1,YF2606C,Outreach,given
C-00928,BCG,2025-04-29,1,BC2504D,Fixed site,given
C-00928,OPV-0,2025-04-29,0,OP2504D,Fixed site,given
C-00928,Penta-1,2025-10-23,1,PT2510C,Fixed site,given
C-00928,OPV-1,2025-10-23,1,OP2510C,Fixed site,given
C-00928,PCV-1,2025-10-23,1,PC2510C,Fixed site,given
C-00928,Rota-1,2025-10-23,1,RT2510C,Fixed site,given
C-00928,Penta-2,2025-11-20,2,PT2511C,Fixed site,given
C-00928,OPV-2,2025-11-20,2,OP2511C,Fixed site,given
C-00928,PCV-2,2025-11-20,2,PC2511C,Fixed site,given
C-00928,Rota-2,2025-11-20,2,RT2511C,Fixed site,given
C-00928,Penta-3,2025-12-18,3,PT2512C,Fixed site,given
C-00928,OPV-3,2025-12-18,3,OP2512C,Fixed site,given
C-00928,PCV-3,2025-12-18,3,PC2512C,Fixed site,given
C-00928,Measles-1,2026-06-08,1,MR2606A,Fixed site,given
C-00928,Yellow Fever,2026-06-08,1,YF2606A,Fixed site,given
C-00929,BCG,2026-07-28,1,BC2607D,Fixed site,given
C-00929,Penta-1,2026-08-17,1,PT2608C,Fixed site,given
C-00929,OPV-1,2026-08-17,1,OP2608C,Fixed site,given
C-00929,PCV-1,2026-08-17,1,PC2608C,Fixed site,given
C-00929,Rota-1,2026-08-17,1,RT2608C,Fixed site,given
C-00930,BCG,2024-12-11,1,BC2412B,Fixed site,given
C-00930,Penta-1,2025-01-01,1,PT2501A,Fixed site,given
C-00930,OPV-1,2025-01-01,1,OP2501A,Fixed site,given
C-00930,PCV-1,2025-01-01,1,PC2501A,Fixed site,given
C-00930,Rota-1,2025-01-01,1,RT2501A,Fixed site,given
C-00930,Penta-2,2025-02-21,2,PT2502C,Outreach,given
C-00930,OPV-2,2025-02-21,2,OP2502C,Outreach,given
C-00930,PCV-2,2025-02-21,2,PC2502C,Outreach,given
C-00930,Rota-2,2025-02-21,2,RT2502C,Outreach,given
C-00930,Penta-3,2025-03-21,3,PT2503C,Fixed site,given
C-00930,PCV-3,2025-03-21,3,PC2503C,Fixed site,given
C-00931,BCG,2026-01-24,1,BC2601C,Fixed site,given
C-00931,Penta-1,2026-04-13,1,PT2604B,Outreach,given
C-00931,OPV-1,2026-04-13,1,OP2604B,Outreach,given
C-00931,PCV-1,2026-04-13,1,PC2604B,Outreach,given
C-00931,Rota-1,2026-04-13,1,RT2604B,Outreach,given
C-00931,Penta-2,2026-05-11,2,PT2605B,Fixed site,given
C-00931,OPV-2,2026-05-11,2,OP2605B,Fixed site,given
C-00931,PCV-2,2026-05-11,2,PC2605B,Fixed site,given
C-00931,Rota-2,2026-05-11,2,RT2605B,Fixed site,given
C-00931,Penta-3,2026-06-08,3,PT2606A,Outreach,given
C-00931,OPV-3,2026-06-08,3,OP2606A,Outreach,given
C-00931,PCV-3,2026-06-08,3,PC2606A,Outreach,given
C-00932,BCG,2026-07-10,1,BC2607B,Fixed site,given
C-00932,Penta-1,2026-07-21,1,PT2607C,Fixed site,given
C-00932,Penta-2,2026-08-18,2,PT2608C,Fixed site,given
C-00932,OPV-2,2026-08-18,2,OP2608C,Fixed site,given
C-00932,PCV-2,2026-08-18,2,PC2608C,Fixed site,given
C-00932,Rota-2,2026-08-18,2,RT2608C,Fixed site,given
C-00932,PCV-1,2026-09-24,1,PC2609C,Fixed site,given
C-00932,Rota-1,2026-09-24,1,RT2609C,Fixed site,given
C-00932,Penta-3,2026-09-24,3,PT2609C,Fixed site,given
C-00932,OPV-3,2026-09-24,3,OP2609C,Fixed site,given
C-00932,PCV-3,2026-09-24,3,PC2609C,Fixed site,given
C-00933,BCG,2025-01-24,1,BC2501C,Fixed site,given
C-00933,Penta-1,2025-03-15,1,PT2503B,Fixed site,given
C-00933,OPV-1,2025-03-15,1,OP2503B,Fixed site,given
C-00933,PCV-1,2025-03-15,1,PC2503B,Fixed site,given
C-00933,Rota-1,2025-03-15,1,RT2503B,Fixed site,given
C-00933,Penta-2,2025-04-12,2,PT2504B,Fixed site,given
C-00933,OPV-2,2025-04-12,2,OP2504B,Fixed site,given
C-00933,PCV-2,2025-04-12,2,PC2504B,Fixed site,given
C-00933,Rota-2,2025-04-12,2,RT2504B,Fixed site,given
C-00933,Penta-3,2025-05-10,3,PT2505B,Fixed site,given
C-00933,OPV-3,2025-05-10,3,OP2505B,Fixed site,given
C-00933,PCV-3,2025-05-10,3,PC2505B,Fixed site,given
C-00933,Measles-1,2025-09-15,1,MR2509B,Fixed site,given
C-00933,Yellow Fever,2025-09-15,1,YF2509B,Fixed site,given
C-00934,BCG,2025-03-01,1,BC2503A,Fixed site,given
C-00934,OPV-0,2025-03-01,0,OP2503A,Fixed site,given
C-00934,Penta-1,2025-04-14,1,PT2504B,Fixed site,given
C-00934,OPV-1,2025-04-14,1,OP2504B,Fixed site,given
C-00934,PCV-1,2025-04-14,1,PC2504B,Fixed site,given
C-00934,Rota-1,2025-04-14,1,RT2504B,Fixed site,given
C-00934,Penta-2,2025-07-01,2,PT2507A,Fixed site,given
C-00934,OPV-2,2025-07-01,2,OP2507A,Fixed site,given
C-00934,PCV-2,2025-07-01,2,PC2507A,Fixed site,given
C-00934,Rota-2,2025-07-01,2,RT2507A,Fixed site,given
C-00934,Penta-3,2025-07-29,3,PT2507D,Fixed site,given
C-00934,OPV-3,2025-07-29,3,OP2507D,Fixed site,given
C-00934,PCV-3,2025-07-29,3,PC2507D,Fixed site,given
C-00934,Measles-1,2026-01-09,1,MR2601B,Fixed site,given
C-00934,Measles-2,2026-09-24,2,MR2609C,Fixed site,given
C-00935,BCG,2025-09-24,1,BC2509C,Outreach,given
C-00935,Penta-1,2025-11-17,1,PT2511C,Fixed site,given
C-00935,OPV-1,2025-11-17,1,OP2511C,Fixed site,given
C-00935,PCV-1,2025-11-17,1,PC2511C,Fixed site,given
C-00935,Rota-1,2025-11-17,1,RT2511C,Fixed site,given
C-00935,Penta-2,2026-03-04,2,PT2603A,Fixed site,given
C-00935,OPV-2,2026-03-04,2,OP2603A,Fixed site,given
C-00935,PCV-2,2026-03-04,2,PC2603A,Fixed site,given
C-00935,Rota-2,2026-03-04,2,RT2603A,Fixed site,given
C-00935,Penta-3,2026-04-01,3,PT2604A,Fixed site,given
C-00935,OPV-3,2026-04-01,3,OP2604A,Fixed site,given
C-00935,PCV-3,2026-04-01,3,PC2604A,Fixed site,given
C-00935,Measles-1,2026-07-06,1,MR2607A,Fixed site,given
C-00936,BCG,2025-10-15,1,BC2510B,Fixed site,given
C-00936,Penta-1,2026-02-15,1,PT2602B,Fixed site,given
C-00936,OPV-1,2026-02-15,1,OP2602B,Fixed site,given
C-00936,PCV-1,2026-02-15,1,PC2602B,Fixed site,given
C-00936,Rota-1,2026-02-15,1,RT2602B,Fixed site,given
C-00936,Penta-2,2026-03-15,2,PT2603B,Fixed site,given
C-00936,OPV-2,2026-03-15,2,OP2603B,Fixed site,given
C-00936,PCV-2,2026-03-15,2,PC2603B,Fixed site,given
C-00936,Rota-2,2026-03-15,2,RT2603B,Fixed site,given
C-00936,Penta-3,2026-04-12,3,PT2604B,Fixed site,given
C-00936,OPV-3,2026-04-12,3,OP2604B,Fixed site,given
C-00936,Measles-1,2026-07-24,1,MR2607C,Fixed site,given
C-00936,Yellow Fever,2026-07-24,1,YF2607C,Fixed site,given
C-00937,BCG,2025-12-03,1,BC2512A,Fixed site,given
C-00937,Penta-1,2025-12-11,1,PT2512B,Fixed site,given
C-00937,OPV-1,2025-12-11,1,OP2512B,Fixed site,given
C-00937,PCV-1,2025-12-11,1,PC2512B,Fixed site,given
C-00937,Rota-1,2025-12-11,1,RT2512B,Fixed site,given
C-00937,Penta-2,2026-01-16,2,PT2601B,Fixed site,given
C-00937,OPV-2,2026-01-16,2,OP2601B,Fixed site,given
C-00937,PCV-2,2026-01-16,2,PC2601B,Fixed site,given
C-00937,Rota-2,2026-01-16,2,RT2601B,Fixed site,given
C-00937,Penta-3,2026-05-27,3,PT2605D,Fixed site,given
C-00937,OPV-3,2026-05-27,3,OP2605D,Fixed site,given
C-00937,PCV-3,2026-05-27,3,PC2605D,Fixed site,given
C-00937,Measles-1,2026-08-15,1,MR2608B,Fixed site,given
C-00937,Yellow Fever,2026-08-15,1,YF2608B,Fixed site,given
C-00938,BCG,2025-11-17,1,BC2511C,Fixed site,given
C-00938,Penta-1,2025-12-24,1,PT2512C,Fixed site,given
C-00938,OPV-1,2025-12-24,1,OP2512C,Fixed site,given
C-00938,PCV-1,2025-12-24,1,PC2512C,Fixed site,given
C-00938,Rota-1,2025-12-24,1,RT2512C,Fixed site,given
C-00938,Penta-2,2026-06-25,2,PT2606D,Outreach,given
C-00938,OPV-2,2026-06-25,2,OP2606D,Outreach,given
C-00938,PCV-2,2026-06-25,2,PC2606D,Outreach,given
C-00938,Penta-3,2026-07-23,3,PT2607C,Fixed site,given
C-00938,OPV-3,2026-07-23,3,OP2607C,Fixed site,given
C-00938,PCV-3,2026-07-23,3,PC2607C,Fixed site,given
C-00938,Measles-1,2026-09-24,1,MR2609C,Fixed site,given
C-00938,Yellow Fever,2026-09-24,1,YF2609C,Fixed site,given
C-00939,BCG,2024-12-28,1,BC2412D,Fixed site,given
C-00939,Penta-1,2025-01-22,1,PT2501C,Fixed site,given
C-00939,OPV-1,2025-01-22,1,OP2501C,Fixed site,given
C-00939,PCV-1,2025-01-22,1,PC2501C,Fixed site,given
C-00939,Rota-1,2025-01-22,1,RT2501C,Fixed site,given
C-00939,Penta-2,2025-02-19,2,PT2502C,Outreach,given
C-00939,OPV-2,2025-02-19,2,OP2502C,Outreach,given
C-00939,PCV-2,2025-02-19,2,PC2502C,Outreach,given
C-00939,Penta-3,2025-04-23,3,PT2504C,Fixed site,given
C-00939,OPV-3,2025-04-23,3,OP2504C,Fixed site,given
C-00939,PCV-3,2025-04-23,3,PC2504C,Fixed site,given
C-00939,Measles-1,2025-08-01,1,MR2508A,Fixed site,given
C-00939,Yellow Fever,2025-08-01,1,YF2508A,Fixed site,given
C-00939,Measles-2,2026-05-24,2,MR2605C,Fixed site,given
C-00940,BCG,2026-09-10,1,BC2609B,Fixed site,given
C-00940,Penta-1,2026-09-24,1,PT2609C,Fixed site,given
C-00940,OPV-1,2026-09-24,1,OP2609C,Fixed site,given
C-00940,PCV-1,2026-09-24,1,PC2609C,Fixed site,given
C-00940,Rota-1,2026-09-24,1,RT2609C,Fixed site,given
C-00941,BCG,2024-02-04,1,BC2402A,Fixed site,given
C-00941,OPV-3,2024-08-19,3,OP2408C,Outreach,given
C-00941,Penta-1,2024-10-28,1,PT2410D,Fixed site,given
C-00941,OPV-1,2024-10-28,1,OP2410D,Fixed site,given
C-00941,PCV-1,2024-10-28,1,PC2410D,Fixed site,given
C-00941,Rota-1,2024-10-28,1,RT2410D,Fixed site,given
C-00941,Measles-1,2025-06-16,1,MR2506B,Fixed site,given
C-00941,Yellow Fever,2025-06-16,1,YF2506B,Fixed site,given
C-00942,BCG,2024-12-01,1,BC2412A,Fixed site,given
C-00942,OPV-0,2024-12-01,0,OP2412A,Fixed site,given
C-00942,Penta-1,2025-05-19,1,PT2505C,Fixed site,given
C-00942,OPV-1,2025-05-19,1,OP2505C,Fixed site,given
C-00942,PCV-1,2025-05-19,1,PC2505C,Fixed site,given
C-00942,Rota-1,2025-05-19,1,RT2505C,Fixed site,given
C-00942,Penta-2,2025-06-16,2,PT2506B,Fixed site,given
C-00942,OPV-2,2025-06-16,2,OP2506B,Fixed site,given
C-00942,PCV-2,2025-06-16,2,PC2506B,Fixed site,given
C-00942,Rota-2,2025-06-16,2,RT2506B,Fixed site,given
C-00942,Penta-3,2025-07-14,3,PT2507B,Fixed site,given
C-00942,OPV-3,2025-07-14,3,OP2507B,Fixed site,given
C-00942,PCV-3,2025-07-14,3,PC2507B,Fixed site,given
C-00942,Measles-1,2025-09-08,1,MR2509A,Fixed site,given
C-00942,Yellow Fever,2025-09-08,1,YF2509A,Fixed site,given
C-00942,Measles-2,2026-09-24,2,MR2609C,Fixed site,given
C-00943,BCG,2026-07-30,1,BC2607D,Fixed site,given
C-00943,Penta-1,2026-09-15,1,PT2609B,Fixed site,given
C-00943,OPV-1,2026-09-15,1,OP2609B,Fixed site,given
C-00943,PCV-1,2026-09-15,1,PC2609B,Fixed site,given
C-00943,Rota-1,2026-09-15,1,RT2609B,Fixed site,given
C-00944,BCG,2024-12-18,1,BC2412C,Fixed site,given
C-00944,OPV-0,2024-12-18,0,OP2412C,Fixed site,given
C-00944,Penta-1,2025-01-30,1,PT2501D,Fixed site,given
C-00944,OPV-1,2025-01-30,1,OP2501D,Fixed site,given
C-00944,PCV-1,2025-01-30,1,PC2501D,Fixed site,given
C-00944,Penta-2,2025-03-09,2,PT2503B,Fixed site,given
C-00944,PCV-2,2025-03-09,2,PC2503B,Fixed site,given
C-00944,Rota-2,2025-03-09,2,RT2503B,Fixed site,given
C-00944,Penta-3,2025-08-13,3,PT2508B,Fixed site,given
C-00944,OPV-3,2025-08-13,3,OP2508B,Fixed site,given
C-00944,PCV-3,2025-08-13,3,PC2508B,Fixed site,given
C-00944,Measles-1,2026-03-20,1,MR2603C,Fixed site,given
C-00944,Yellow Fever,2026-03-20,1,YF2603C,Fixed site,given
C-00944,Measles-2,2026-08-12,2,MR2608B,Fixed site,given
C-00945,BCG,2026-09-24,1,BC2609C,Fixed site,given
C-00945,OPV-0,2026-09-24,0,OP2609C,Fixed site,given
C-00946,BCG,2024-10-05,1,BC2410A,Fixed site,given
C-00946,Penta-1,2024-10-31,1,PT2410D,Fixed site,given
C-00946,OPV-1,2024-10-31,1,OP2410D,Fixed site,given
C-00946,PCV-1,2024-10-31,1,PC2410D,Fixed site,given
C-00946,Penta-2,2025-02-13,2,PT2502B,Fixed site,given
C-00946,OPV-2,2025-02-13,2,OP2502B,Fixed site,given
C-00946,PCV-2,2025-02-13,2,PC2502B,Fixed site,given
C-00946,Rota-2,2025-02-13,2,RT2502B,Fixed site,given
C-00946,Penta-3,2025-03-13,3,PT2503B,Fixed site,given
C-00946,OPV-3,2025-03-13,3,OP2503B,Fixed site,given
C-00946,PCV-3,2025-03-13,3,PC2503B,Fixed site,given
C-00946,Measles-1,2025-11-22,1,MR2511C,Fixed site,given
C-00946,Yellow Fever,2025-11-22,1,YF2511C,Fixed site,given
C-00947,Penta-1,2026-04-25,1,PT2604D,Fixed site,given
C-00947,OPV-1,2026-04-25,1,OP2604D,Fixed site,given
C-00947,PCV-1,2026-04-25,1,PC2604D,Fixed site,given
C-00947,Rota-1,2026-04-25,1,RT2604D,Fixed site,given
C-00947,BCG,2026-04-28,1,BC2604D,Fixed site,given
C-00947,Penta-2,2026-06-04,2,PT2606A,Fixed site,given
C-00947,OPV-2,2026-06-04,2,OP2606A,Fixed site,given
C-00947,PCV-2,2026-06-04,2,PC2606A,Fixed site,given
C-00947,Rota-2,2026-06-04,2,RT2606A,Fixed site,given
C-00947,Penta-3,2026-09-24,3,PT2609C,Fixed site,given
C-00947,PCV-3,2026-09-24,3,PC2609C,Fixed site,given
C-00948,BCG,2026-08-03,1,BC2608A,Fixed site,given
C-00948,Penta-1,2026-09-24,1,PT2609C,Fixed site,given
C-00948,OPV-1,2026-09-24,1,OP2609C,Fixed site,given
C-00948,PCV-1,2026-09-24,1,PC2609C,Fixed site,given
C-00948,Rota-1,2026-09-24,1,RT2609C,Fixed site,given
C-00949,BCG,2024-03-11,1,BC2403B,Fixed site,given
C-00949,Penta-1,2024-04-09,1,PT2404B,Fixed site,given
C-00949,OPV-1,2024-04-09,1,OP2404B,Fixed site,given
C-00949,PCV-1,2024-04-09,1,PC2404B,Fixed site,given
C-00949,Rota-1,2024-04-09,1,RT2404B,Fixed site,given
C-00949,Penta-2,2024-05-14,2,PT2405B,Fixed site,given
C-00949,OPV-2,2024-05-14,2,OP2405B,Fixed site,given
C-00949,Measles-1,2024-10-29,1,MR2410D,Fixed site,given
C-00949,Yellow Fever,2024-10-29,1,YF2410D,Fixed site,given
C-00949,Penta-3,2025-01-02,3,PT2501A,Outreach,given
C-00949,OPV-3,2025-01-02,3,OP2501A,Outreach,given
C-00949,PCV-3,2025-01-02,3,PC2501A,Outreach,given
C-00949,Measles-2,2026-02-01,2,MR2602A,Fixed site,given
C-00950,BCG,2024-12-24,1,BC2412C,Fixed site,given
C-00950,Penta-1,2025-02-02,1,PT2502A,Fixed site,given
C-00950,OPV-1,2025-02-02,1,OP2502A,Fixed site,given
C-00950,PCV-1,2025-02-02,1,PC2502A,Fixed site,given
C-00950,Rota-1,2025-02-02,1,RT2502A,Fixed site,given
C-00950,Penta-2,2025-03-02,2,PT2503A,Fixed site,given
C-00950,OPV-2,2025-03-02,2,OP2503A,Fixed site,given
C-00950,PCV-2,2025-03-02,2,PC2503A,Fixed site,given
C-00950,Rota-2,2025-03-02,2,RT2503A,Fixed site,given
C-00950,Penta-3,2025-04-18,3,PT2504C,Fixed site,given
C-00950,OPV-3,2025-04-18,3,OP2504C,Fixed site,given
C-00950,PCV-3,2025-04-18,3,PC2504C,Fixed site,given
C-00950,Measles-1,2025-08-29,1,MR2508D,Fixed site,given
C-00950,Yellow Fever,2025-08-29,1,YF2508D,Fixed site,given
C-00950,Measles-2,2026-03-19,2,MR2603C,Fixed site,given
C-00951,BCG,2024-06-24,1,BC2406C,Fixed site,given
C-00951,OPV-0,2024-06-24,0,OP2406C,Fixed site,given
C-00951,Penta-1,2024-09-04,1,PT2409A,Fixed site,given
C-00951,OPV-1,2024-09-04,1,OP2409A,Fixed site,given
C-00951,PCV-1,2024-09-04,1,PC2409A,Fixed site,given
C-00951,Rota-1,2024-09-04,1,RT2409A,Fixed site,given
C-00951,Measles-1,2025-05-08,1,MR2505A,Fixed site,given
C-00951,Yellow Fever,2025-05-08,1,YF2505A,Fixed site,given
C-00952,BCG,2025-08-28,1,BC2508D,Fixed site,given
C-00952,Penta-1,2025-11-13,1,PT2511B,Outreach,given
C-00952,OPV-1,2025-11-13,1,OP2511B,Outreach,given
C-00952,PCV-1,2025-11-13,1,PC2511B,Outreach,given
C-00952,Rota-1,2025-11-13,1,RT2511B,Outreach,given
C-00952,Penta-2,2025-12-11,2,PT2512B,Fixed site,given
C-00952,OPV-2,2025-12-11,2,OP2512B,Fixed site,given
C-00952,PCV-2,2025-12-11,2,PC2512B,Fixed site,given
C-00952,Rota-2,2025-12-11,2,RT2512B,Fixed site,given
C-00953,BCG,2025-08-04,1,BC2508A,Fixed site,given
C-00953,OPV-0,2025-08-04,0,OP2508A,Fixed site,given
C-00953,Penta-1,2025-09-28,1,PT2509D,Fixed site,given
C-00953,PCV-1,2025-09-28,1,PC2509D,Fixed site,given
C-00953,Rota-1,2025-09-28,1,RT2509D,Fixed site,given
C-00953,Penta-2,2025-10-26,2,PT2510D,Fixed site,given
C-00953,OPV-2,2025-10-26,2,OP2510D,Fixed site,given
C-00953,PCV-2,2025-10-26,2,PC2510D,Fixed site,given
C-00953,Rota-2,2025-10-26,2,RT2510D,Fixed site,given
C-00953,Measles-1,2026-05-25,1,MR2605D,Fixed site,given
C-00953,Yellow Fever,2026-05-25,1,YF2605D,Fixed site,given
C-00953,Penta-3,2026-07-04,3,PT2607A,Fixed site,given
C-00953,OPV-3,2026-07-04,3,OP2607A,Fixed site,given
C-00953,PCV-3,2026-07-04,3,PC2607A,Fixed site,given
C-00954,BCG,2026-04-21,1,BC2604C,Fixed site,given
C-00954,Penta-1,2026-06-17,1,PT2606C,Fixed site,given
C-00954,OPV-1,2026-06-17,1,OP2606C,Fixed site,given
C-00954,PCV-1,2026-06-17,1,PC2606C,Fixed site,given
C-00954,Rota-1,2026-06-17,1,RT2606C,Fixed site,given
C-00954,Penta-2,2026-07-15,2,PT2607B,Fixed site,given
C-00954,OPV-2,2026-07-15,2,OP2607B,Fixed site,given
C-00954,PCV-2,2026-07-15,2,PC2607B,Fixed site,given
C-00954,Rota-2,2026-07-15,2,RT2607B,Fixed site,given
C-00954,Penta-3,2026-09-24,3,PT2609C,Fixed site,given
C-00954,OPV-3,2026-09-24,3,OP2609C,Fixed site,given
C-00954,PCV-3,2026-09-24,3,PC2609C,Fixed site,given
C-00955,BCG,2024-05-27,1,BC2405D,Fixed site,given
C-00955,Penta-1,2024-07-11,1,PT2407B,Fixed site,given
C-00955,OPV-1,2024-07-11,1,OP2407B,Fixed site,given
C-00955,PCV-1,2024-07-11,1,PC2407B,Fixed site,given
C-00955,Rota-1,2024-07-11,1,RT2407B,Fixed site,given
C-00955,Penta-2,2024-08-08,2,PT2408A,Fixed site,given
C-00955,OPV-2,2024-08-08,2,OP2408A,Fixed site,given
C-00955,PCV-2,2024-08-08,2,PC2408A,Fixed site,given
C-00955,Penta-3,2024-09-06,3,PT2409A,Fixed site,given
C-00955,OPV-3,2024-09-06,3,OP2409A,Fixed site,given
C-00955,PCV-3,2024-09-06,3,PC2409A,Fixed site,given
C-00955,Measles-1,2024-12-19,1,MR2412C,Fixed site,given
C-00955,Yellow Fever,2024-12-19,1,YF2412C,Fixed site,given
C-00956,BCG,2026-05-22,1,BC2605C,Fixed site,given
C-00956,Penta-1,2026-07-21,1,PT2607C,Fixed site,given
C-00956,PCV-1,2026-07-21,1,PC2607C,Fixed site,given
C-00956,Rota-1,2026-07-21,1,RT2607C,Fixed site,given
C-00956,Penta-2,2026-08-18,2,PT2608C,Fixed site,given
C-00956,PCV-2,2026-08-18,2,PC2608C,Fixed site,given
C-00956,Rota-2,2026-08-18,2,RT2608C,Fixed site,given
C-00956,Penta-3,2026-09-15,3,PT2609B,Fixed site,given
C-00956,OPV-3,2026-09-15,3,OP2609B,Fixed site,given
C-00956,PCV-3,2026-09-15,3,PC2609B,Fixed site,given
C-00957,BCG,2025-03-13,1,BC2503B,Fixed site,given
C-00957,Penta-1,2025-05-26,1,PT2505D,Fixed site,given
C-00957,OPV-1,2025-05-26,1,OP2505D,Fixed site,given
C-00957,PCV-1,2025-05-26,1,PC2505D,Fixed site,given
C-00957,Rota-1,2025-05-26,1,RT2505D,Fixed site,given
C-00957,Penta-2,2025-06-23,2,PT2506C,Fixed site,given
C-00957,OPV-2,2025-06-23,2,OP2506C,Fixed site,given
C-00957,PCV-2,2025-06-23,2,PC2506C,Fixed site,given
C-00957,Rota-2,2025-06-23,2,RT2506C,Fixed site,given
C-00957,Penta-3,2025-07-21,3,PT2507C,Fixed site,given
C-00957,OPV-3,2025-07-21,3,OP2507C,Fixed site,given
C-00957,PCV-3,2025-07-21,3,PC2507C,Fixed site,given
C-00957,Measles-1,2026-07-18,1,MR2607C,Fixed site,given
C-00957,Yellow Fever,2026-07-18,1,YF2607C,Fixed site,given
C-00958,Penta-1,2026-04-04,1,PT2604A,Fixed site,given
C-00958,OPV-1,2026-04-04,1,OP2604A,Fixed site,given
C-00958,PCV-1,2026-04-04,1,PC2604A,Fixed site,given
C-00958,Rota-1,2026-04-04,1,RT2604A,Fixed site,given
C-00958,BCG,2026-04-10,1,BC2604B,Fixed site,given
C-00958,Penta-2,2026-05-11,2,PT2605B,Fixed site,given
C-00958,OPV-2,2026-05-11,2,OP2605B,Fixed site,given
C-00958,PCV-2,2026-05-11,2,PC2605B,Fixed site,given
C-00958,Rota-2,2026-05-11,2,RT2605B,Fixed site,given
C-00958,Penta-3,2026-06-08,3,PT2606A,Fixed site,given
C-00958,OPV-3,2026-06-08,3,OP2606A,Fixed site,given
C-00958,PCV-3,2026-06-08,3,PC2606A,Fixed site,given
C-00959,BCG,2026-03-21,1,BC2603C,Fixed site,given
C-00959,Penta-1,2026-04-13,1,PT2604B,Fixed site,given
C-00959,PCV-1,2026-04-13,1,PC2604B,Fixed site,given
C-00959,Rota-1,2026-04-13,1,RT2604B,Fixed site,given
C-00959,Penta-2,2026-05-11,2,PT2605B,Fixed site,given
C-00959,OPV-2,2026-05-11,2,OP2605B,Fixed site,given
C-00959,PCV-2,2026-05-11,2,PC2605B,Fixed site,given
C-00959,Rota-2,2026-05-11,2,RT2605B,Fixed site,given
C-00959,Penta-3,2026-06-08,3,PT2606A,Fixed site,given
C-00959,OPV-3,2026-06-08,3,OP2606A,Fixed site,given
C-00959,PCV-3,2026-06-08,3,PC2606A,Fixed site,given
C-00960,BCG,2025-11-22,1,BC2511C,Fixed site,given
C-00960,Penta-1,2026-03-04,1,PT2603A,Fixed site,given
C-00960,OPV-1,2026-03-04,1,OP2603A,Fixed site,given
C-00960,PCV-1,2026-03-04,1,PC2603A,Fixed site,given
C-00960,Rota-1,2026-03-04,1,RT2603A,Fixed site,given
C-00960,Penta-2,2026-04-01,2,PT2604A,Outreach,given
C-00960,OPV-2,2026-04-01,2,OP2604A,Outreach,given
C-00960,PCV-2,2026-04-01,2,PC2604A,Outreach,given
C-00960,Rota-2,2026-04-01,2,RT2604A,Outreach,given
C-00960,Measles-1,2026-04-27,1,MR2604D,Fixed site,given
C-00960,Yellow Fever,2026-04-27,1,YF2604D,Fixed site,given
C-00960,Penta-3,2026-04-29,3,PT2604D,Fixed site,given
C-00960,OPV-3,2026-04-29,3,OP2604D,Fixed site,given
C-00960,PCV-3,2026-04-29,3,PC2604D,Fixed site,given
C-00961,BCG,2026-01-09,1,BC2601B,Fixed site,given
C-00961,OPV-0,2026-01-09,0,OP2601B,Fixed site,given
C-00961,Penta-1,2026-02-15,1,PT2602B,Fixed site,given
C-00961,OPV-1,2026-02-15,1,OP2602B,Fixed site,given
C-00961,PCV-1,2026-02-15,1,PC2602B,Fixed site,given
C-00961,Rota-1,2026-02-15,1,RT2602B,Fixed site,given
C-00961,Penta-2,2026-03-15,2,PT2603B,Fixed site,given
C-00961,OPV-2,2026-03-15,2,OP2603B,Fixed site,given
C-00961,PCV-2,2026-03-15,2,PC2603B,Fixed site,given
C-00961,Rota-2,2026-03-15,2,RT2603B,Fixed site,given
C-00961,Penta-3,2026-04-12,3,PT2604B,Fixed site,given
C-00961,OPV-3,2026-04-12,3,OP2604B,Fixed site,given
C-00961,PCV-3,2026-04-12,3,PC2604B,Fixed site,given
C-00961,Measles-1,2026-09-24,1,MR2609C,Fixed site,given
C-00961,Yellow Fever,2026-09-24,1,YF2609C,Fixed site,given
C-00962,BCG,2025-03-25,1,BC2503D,Fixed site,given
C-00962,OPV-0,2025-03-25,0,OP2503D,Fixed site,given
C-00962,Penta-1,2025-04-29,1,PT2504D,Fixed site,given
C-00962,OPV-1,2025-04-29,1,OP2504D,Fixed site,given
C-00962,PCV-1,2025-04-29,1,PC2504D,Fixed site,given
C-00962,Rota-1,2025-04-29,1,RT2504D,Fixed site,given
C-00962,Penta-2,2025-06-28,2,PT2506D,Fixed site,given
C-00962,OPV-2,2025-06-28,2,OP2506D,Fixed site,given
C-00962,PCV-2,2025-06-28,2,PC2506D,Fixed site,given
C-00962,Rota-2,2025-06-28,2,RT2506D,Fixed site,given
C-00962,Penta-3,2025-07-26,3,PT2507D,Fixed site,given
C-00962,OPV-3,2025-07-26,3,OP2507D,Fixed site,given
C-00962,PCV-3,2025-07-26,3,PC2507D,Fixed site,given
C-00962,Measles-1,2026-03-23,1,MR2603C,Fixed site,given
C-00962,Yellow Fever,2026-03-23,1,YF2603C,Fixed site,given
C-00962,Measles-2,2026-09-18,2,MR2609C,Fixed site,given
C-00963,BCG,2025-04-12,1,BC2504B,Fixed site,given
C-00963,Penta-1,2025-06-18,1,PT2506C,Fixed site,given
C-00963,OPV-1,2025-06-18,1,OP2506C,Fixed site,given
C-00963,PCV-1,2025-06-18,1,PC2506C,Fixed site,given
C-00963,Rota-1,2025-06-18,1,RT2506C,Fixed site,given
C-00963,Penta-2,2025-09-02,2,PT2509A,Fixed site,given
C-00963,OPV-2,2025-09-02,2,OP2509A,Fixed site,given
C-00963,PCV-2,2025-09-02,2,PC2509A,Fixed site,given
C-00963,Rota-2,2025-09-02,2,RT2509A,Fixed site,given
C-00963,Penta-3,2025-09-30,3,PT2509D,Fixed site,given
C-00963,OPV-3,2025-09-30,3,OP2509D,Fixed site,given
C-00963,PCV-3,2025-09-30,3,PC2509D,Fixed site,given
C-00963,Measles-1,2026-03-16,1,MR2603B,Fixed site,given
C-00963,Yellow Fever,2026-03-16,1,YF2603B,Fixed site,given
C-00963,Measles-2,2026-09-19,2,MR2609C,Fixed site,given
C-00964,BCG,2024-10-27,1,BC2410D,Fixed site,given
C-00964,Penta-1,2025-01-15,1,PT2501B,Fixed site,given
C-00964,OPV-1,2025-01-15,1,OP2501B,Fixed site,given
C-00964,PCV-1,2025-01-15,1,PC2501B,Fixed site,given
C-00964,Rota-1,2025-01-15,1,RT2501B,Fixed site,given
C-00964,Penta-2,2025-02-12,2,PT2502B,Fixed site,given
C-00964,OPV-2,2025-02-12,2,OP2502B,Fixed site,given
C-00964,PCV-2,2025-02-12,2,PC2502B,Fixed site,given
C-00964,Rota-2,2025-02-12,2,RT2502B,Fixed site,given
C-00964,OPV-3,2025-05-13,3,OP2505B,Fixed site,given
C-00964,Measles-1,2025-07-13,1,MR2507B,Fixed site,given
C-00964,Yellow Fever,2025-07-13,1,YF2507B,Fixed site,given
C-00964,Measles-2,2026-09-24,2,MR2609C,Fixed site,given
C-00965,Penta-1,2026-08-07,1,PT2608A,Fixed site,given
C-00965,OPV-1,2026-08-07,1,OP2608A,Fixed site,given
C-00965,PCV-1,2026-08-07,1,PC2608A,Fixed site,given
C-00965,Rota-1,2026-08-07,1,RT2608A,Fixed site,given
C-00965,BCG,2026-08-09,1,BC2608B,Fixed site,given
C-00966,Penta-1,2026-01-14,1,PT2601B,Fixed site,given
C-00966,OPV-1,2026-01-14,1,OP2601B,Fixed site,given
C-00966,PCV-1,2026-01-14,1,PC2601B,Fixed site,given
C-00966,Rota-1,2026-01-14,1,RT2601B,Fixed site,given
C-00966,Penta-2,2026-02-11,2,PT2602B,Fixed site,given
C-00966,OPV-2,2026-02-11,2,OP2602B,Fixed site,given
C-00966,PCV-2,2026-02-11,2,PC2602B,Fixed site,given
C-00966,Rota-2,2026-02-11,2,RT2602B,Fixed site,given
C-00966,Measles-1,2026-07-13,1,MR2607B,Fixed site,given
C-00966,Yellow Fever,2026-07-13,1,YF2607B,Fixed site,given
C-00966,Penta-3,2026-09-09,3,PT2609B,Fixed site,given
C-00966,PCV-3,2026-09-09,3,PC2609B,Fixed site,given
C-00967,BCG,2026-09-24,1,BC2609C,Fixed site,given
C-00968,BCG,2024-08-15,1,BC2408B,Fixed site,given
C-00968,OPV-0,2024-08-15,0,OP2408B,Fixed site,given
C-00968,Penta-1,2024-10-22,1,PT2410C,Fixed site,given
C-00968,OPV-1,2024-10-22,1,OP2410C,Fixed site,given
C-00968,PCV-1,2024-10-22,1,PC2410C,Fixed site,given
C-00968,Rota-1,2024-10-22,1,RT2410C,Fixed site,given
C-00968,Penta-2,2024-11-19,2,PT2411C,Fixed site,given
C-00968,OPV-2,2024-11-19,2,OP2411C,Fixed site,given
C-00968,PCV-2,2024-11-19,2,PC2411C,Fixed site,given
C-00968,Rota-2,2024-11-19,2,RT2411C,Fixed site,given
C-00968,Penta-3,2025-03-18,3,PT2503C,Fixed site,given
C-00968,OPV-3,2025-03-18,3,OP2503C,Fixed site,given
C-00968,PCV-3,2025-03-18,3,PC2503C,Fixed site,given
C-00968,Measles-1,2025-05-23,1,MR2505C,Fixed site,given
C-00968,Yellow Fever,2025-05-23,1,YF2505C,Fixed site,given
C-00968,Measles-2,2026-02-11,2,MR2602B,Fixed site,given
C-00969,BCG,2026-05-29,1,BC2605D,Fixed site,given
C-00969,OPV-0,2026-05-29,0,OP2605D,Fixed site,given
C-00969,Penta-1,2026-07-25,1,PT2607D,Fixed site,given
C-00969,OPV-1,2026-07-25,1,OP2607D,Fixed site,given
C-00969,PCV-1,2026-07-25,1,PC2607D,Fixed site,given
C-00969,Rota-1,2026-07-25,1,RT2607D,Fixed site,given
C-00969,Penta-2,2026-08-22,2,PT2608C,Fixed site,given
C-00969,OPV-2,2026-08-22,2,OP2608C,Fixed site,given
C-00969,PCV-2,2026-08-22,2,PC2608C,Fixed site,given
C-00969,Rota-2,2026-08-22,2,RT2608C,Fixed site,given
C-00969,Penta-3,2026-09-24,3,PT2609C,Fixed site,given
C-00969,OPV-3,2026-09-24,3,OP2609C,Fixed site,given
C-00969,PCV-3,2026-09-24,3,PC2609C,Fixed site,given
C-00970,Penta-1,2025-07-07,1,PT2507A,Fixed site,given
C-00970,PCV-1,2025-07-07,1,PC2507A,Fixed site,given
C-00970,Rota-1,2025-07-07,1,RT2507A,Fixed site,given
C-00970,Penta-2,2025-08-04,2,PT2508A,Fixed site,given
C-00970,OPV-2,2025-08-04,2,OP2508A,Fixed site,given
C-00970,PCV-2,2025-08-04,2,PC2508A,Fixed site,given
C-00970,Rota-2,2025-08-04,2,RT2508A,Fixed site,given
C-00970,BCG,2025-08-12,1,BC2508B,Fixed site,given
C-00970,Penta-3,2025-09-01,3,PT2509A,Fixed site,given
C-00970,OPV-3,2025-09-01,3,OP2509A,Fixed site,given
C-00970,PCV-3,2025-09-01,3,PC2509A,Fixed site,given
C-00970,Measles-1,2026-03-27,1,MR2603D,Fixed site,given
C-00970,Yellow Fever,2026-03-27,1,YF2603D,Fixed site,given
C-00971,BCG,2024-07-23,1,BC2407C,Fixed site,given
C-00971,OPV-0,2024-07-23,0,OP2407C,Fixed site,given
C-00971,Penta-1,2024-09-02,1,PT2409A,Fixed site,given
C-00971,OPV-1,2024-09-02,1,OP2409A,Fixed site,given
C-00971,PCV-1,2024-09-02,1,PC2409A,Fixed site,given
C-00971,Rota-1,2024-09-02,1,RT2409A,Fixed site,given
C-00971,Penta-2,2024-10-05,2,PT2410A,Fixed site,given
C-00971,OPV-2,2024-10-05,2,OP2410A,Fixed site,given
C-00971,PCV-2,2024-10-05,2,PC2410A,Fixed site,given
C-00971,Rota-2,2024-10-05,2,RT2410A,Fixed site,given
C-00971,Penta-3,2024-11-02,3,PT2411A,Fixed site,given
C-00971,OPV-3,2024-11-02,3,OP2411A,Fixed site,given
C-00971,PCV-3,2024-11-02,3,PC2411A,Fixed site,given
C-00971,Measles-1,2025-06-16,1,MR2506B,Fixed site,given
C-00971,Yellow Fever,2025-06-16,1,YF2506B,Fixed site,given
C-00972,BCG,2026-05-02,1,BC2605A,Fixed site,given
C-00972,OPV-0,2026-05-02,0,OP2605A,Fixed site,given
C-00972,Penta-1,2026-07-18,1,PT2607C,Fixed site,given
C-00972,OPV-1,2026-07-18,1,OP2607C,Fixed site,given
C-00972,PCV-1,2026-07-18,1,PC2607C,Fixed site,given
C-00972,Rota-1,2026-07-18,1,RT2607C,Fixed site,given
C-00972,Penta-2,2026-08-20,2,PT2608C,Fixed site,given
C-00972,OPV-2,2026-08-20,2,OP2608C,Fixed site,given
C-00972,PCV-2,2026-08-20,2,PC2608C,Fixed site,given
C-00972,Rota-2,2026-08-20,2,RT2608C,Fixed site,given
C-00972,Penta-3,2026-09-17,3,PT2609C,Fixed site,given
C-00972,OPV-3,2026-09-17,3,OP2609C,Fixed site,given
C-00972,PCV-3,2026-09-17,3,PC2609C,Fixed site,given
C-00973,Penta-1,2026-01-13,1,PT2601B,Fixed site,given
C-00973,OPV-1,2026-01-13,1,OP2601B,Fixed site,given
C-00973,PCV-1,2026-01-13,1,PC2601B,Fixed site,given
C-00973,Rota-1,2026-01-13,1,RT2601B,Fixed site,given
C-00973,Penta-2,2026-02-10,2,PT2602B,Fixed site,given
C-00973,OPV-2,2026-02-10,2,OP2602B,Fixed site,given
C-00973,PCV-2,2026-02-10,2,PC2602B,Fixed site,given
C-00973,Penta-3,2026-04-30,3,PT2604D,Fixed site,given
C-00973,OPV-3,2026-04-30,3,OP2604D,Fixed site,given
C-00973,PCV-3,2026-04-30,3,PC2604D,Fixed site,given
C-00973,Measles-1,2026-07-04,1,MR2607A,Fixed site,given
C-00973,Yellow Fever,2026-07-04,1,YF2607A,Fixed site,given
C-00974,BCG,2025-04-19,1,BC2504C,Fixed site,given
C-00974,OPV-0,2025-04-19,0,OP2504C,Fixed site,given
C-00974,Penta-1,2025-06-03,1,PT2506A,Fixed site,given
C-00974,OPV-1,2025-06-03,1,OP2506A,Fixed site,given
C-00974,PCV-1,2025-06-03,1,PC2506A,Fixed site,given
C-00974,Rota-1,2025-06-03,1,RT2506A,Fixed site,given
C-00974,Penta-2,2025-11-10,2,PT2511B,Fixed site,given
C-00974,OPV-2,2025-11-10,2,OP2511B,Fixed site,given
C-00974,PCV-2,2025-11-10,2,PC2511B,Fixed site,given
C-00974,Rota-2,2025-11-10,2,RT2511B,Fixed site,given
C-00974,Penta-3,2025-12-08,3,PT2512A,Fixed site,given
C-00974,OPV-3,2025-12-08,3,OP2512A,Fixed site,given
C-00974,PCV-3,2025-12-08,3,PC2512A,Fixed site,given
C-00974,Measles-1,2026-01-18,1,MR2601C,Fixed site,given
C-00974,Yellow Fever,2026-01-18,1,YF2601C,Fixed site,given
C-00975,BCG,2025-05-29,1,BC2505D,Fixed site,given
C-00975,Penta-1,2025-06-26,1,PT2506D,Fixed site,given
C-00975,OPV-1,2025-06-26,1,OP2506D,Fixed site,given
C-00975,PCV-1,2025-06-26,1,PC2506D,Fixed site,given
C-00975,Rota-1,2025-06-26,1,RT2506D,Fixed site,given
C-00975,Measles-1,2026-04-22,1,MR2604C,Fixed site,given
C-00975,Yellow Fever,2026-04-22,1,YF2604C,Fixed site,given
C-00976,BCG,2024-07-19,1,BC2407C,Fixed site,given
C-00976,Penta-1,2024-08-17,1,PT2408C,Fixed site,given
C-00976,OPV-1,2024-08-17,1,OP2408C,Fixed site,given
C-00976,PCV-1,2024-08-17,1,PC2408C,Fixed site,given
C-00976,Rota-1,2024-08-17,1,RT2408C,Fixed site,given
C-00976,Penta-2,2024-10-20,2,PT2410C,Fixed site,given
C-00976,OPV-2,2024-10-20,2,OP2410C,Fixed site,given
C-00976,PCV-2,2024-10-20,2,PC2410C,Fixed site,given
C-00976,Rota-2,2024-10-20,2,RT2410C,Fixed site,given
C-00976,Penta-3,2025-06-05,3,PT2506A,Fixed site,given
C-00976,OPV-3,2025-06-05,3,OP2506A,Fixed site,given
C-00976,Measles-1,2025-06-28,1,MR2506D,Fixed site,given
C-00976,Yellow Fever,2025-06-28,1,YF2506D,Fixed site,given
C-00976,Measles-2,2026-04-05,2,MR2604A,Fixed site,given
C-00977,BCG,2025-05-15,1,BC2505B,Fixed site,given
C-00977,Penta-1,2025-06-16,1,PT2506B,Fixed site,given
C-00977,OPV-1,2025-06-16,1,OP2506B,Fixed site,given
C-00977,PCV-1,2025-06-16,1,PC2506B,Fixed site,given
C-00977,Rota-1,2025-06-16,1,RT2506B,Fixed site,given
C-00977,Penta-2,2025-08-25,2,PT2508D,Fixed site,given
C-00977,OPV-2,2025-08-25,2,OP2508D,Fixed site,given
C-00977,PCV-2,2025-08-25,2,PC2508D,Fixed site,given
C-00977,Rota-2,2025-08-25,2,RT2508D,Fixed site,given
C-00977,Penta-3,2025-10-29,3,PT2510D,Outreach,given
C-00977,OPV-3,2025-10-29,3,OP2510D,Outreach,given
C-00977,PCV-3,2025-10-29,3,PC2510D,Outreach,given
C-00977,Measles-1,2026-05-07,1,MR2605A,Fixed site,given
C-00977,Yellow Fever,2026-05-07,1,YF2605A,Fixed site,given
C-00978,BCG,2024-12-18,1,BC2412C,Fixed site,given
C-00978,Penta-1,2025-02-03,1,PT2502A,Fixed site,given
C-00978,OPV-1,2025-02-03,1,OP2502A,Fixed site,given
C-00978,PCV-1,2025-02-03,1,PC2502A,Fixed site,given
C-00978,Rota-1,2025-02-03,1,RT2502A,Fixed site,given
C-00978,Penta-2,2025-03-07,2,PT2503A,Fixed site,given
C-00978,OPV-2,2025-03-07,2,OP2503A,Fixed site,given
C-00978,PCV-2,2025-03-07,2,PC2503A,Fixed site,given
C-00978,Rota-2,2025-03-07,2,RT2503A,Fixed site,given
C-00978,Penta-3,2025-04-04,3,PT2504A,Outreach,given
C-00978,OPV-3,2025-04-04,3,OP2504A,Outreach,given
C-00978,PCV-3,2025-04-04,3,PC2504A,Outreach,given
C-00978,Measles-1,2025-09-06,1,MR2509A,Fixed site,given
C-00978,Yellow Fever,2025-09-06,1,YF2509A,Fixed site,given
C-00979,BCG,2026-02-02,1,BC2602A,Fixed site,given
C-00979,OPV-0,2026-02-02,0,OP2602A,Fixed site,given
C-00979,Penta-1,2026-07-24,1,PT2607C,Fixed site,given
C-00979,OPV-1,2026-07-24,1,OP2607C,Fixed site,given
C-00979,PCV-1,2026-07-24,1,PC2607C,Fixed site,given
C-00979,Rota-1,2026-07-24,1,RT2607C,Fixed site,given
C-00979,Penta-2,2026-08-21,2,PT2608C,Fixed site,given
C-00979,OPV-2,2026-08-21,2,OP2608C,Fixed site,given
C-00979,Rota-2,2026-08-21,2,RT2608C,Fixed site,given
C-00979,Penta-3,2026-09-18,3,PT2609C,Fixed site,given
C-00979,OPV-3,2026-09-18,3,OP2609C,Fixed site,given
C-00979,PCV-3,2026-09-18,3,PC2609C,Fixed site,given
C-00980,BCG,2026-08-19,1,BC2608C,Fixed site,given
C-00980,Penta-1,2026-09-17,1,PT2609C,Fixed site,given
C-00980,OPV-1,2026-09-17,1,OP2609C,Fixed site,given
C-00980,PCV-1,2026-09-17,1,PC2609C,Fixed site,given
C-00981,BCG,2026-02-26,1,BC2602D,Fixed site,given
C-00981,Penta-1,2026-04-04,1,PT2604A,Fixed site,given
C-00981,PCV-1,2026-04-04,1,PC2604A,Fixed site,given
C-00981,Rota-1,2026-04-04,1,RT2604A,Fixed site,given
C-00981,Penta-2,2026-08-10,2,PT2608B,Outreach,given
C-00981,OPV-2,2026-08-10,2,OP2608B,Outreach,given
C-00981,PCV-2,2026-08-10,2,PC2608B,Outreach,given
C-00981,Rota-2,2026-08-10,2,RT2608B,Outreach,given
C-00981,Penta-3,2026-09-24,3,PT2609C,Fixed site,given
C-00981,OPV-3,2026-09-24,3,OP2609C,Fixed site,given
C-00981,PCV-3,2026-09-24,3,PC2609C,Fixed site,given
C-00982,BCG,2026-08-25,1,BC2608D,Fixed site,given
C-00983,Penta-1,2026-04-18,1,PT2604C,Fixed site,given
C-00983,OPV-1,2026-04-18,1,OP2604C,Fixed site,given
C-00983,PCV-1,2026-04-18,1,PC2604C,Fixed site,given
C-00983,Rota-1,2026-04-18,1,RT2604C,Fixed site,given
C-00983,BCG,2026-04-27,1,BC2604D,Outreach,given
C-00983,Penta-2,2026-07-13,2,PT2607B,Fixed site,given
C-00983,OPV-2,2026-07-13,2,OP2607B,Fixed site,given
C-00983,PCV-2,2026-07-13,2,PC2607B,Fixed site,given
C-00983,Rota-2,2026-07-13,2,RT2607B,Fixed site,given
C-00983,Penta-3,2026-08-10,3,PT2608B,Fixed site,given
C-00983,OPV-3,2026-08-10,3,OP2608B,Fixed site,given
C-00983,PCV-3,2026-08-10,3,PC2608B,Fixed site,given
C-00984,Penta-1,2025-10-08,1,PT2510A,Fixed site,given
C-00984,OPV-1,2025-10-08,1,OP2510A,Fixed site,given
C-00984,PCV-1,2025-10-08,1,PC2510A,Fixed site,given
C-00984,Rota-1,2025-10-08,1,RT2510A,Fixed site,given
C-00984,Penta-2,2025-11-25,2,PT2511D,Fixed site,given
C-00984,OPV-2,2025-11-25,2,OP2511D,Fixed site,given
C-00984,PCV-2,2025-11-25,2,PC2511D,Fixed site,given
C-00984,Rota-2,2025-11-25,2,RT2511D,Fixed site,given
C-00984,Penta-3,2026-04-23,3,PT2604C,Fixed site,given
C-00984,OPV-3,2026-04-23,3,OP2604C,Fixed site,given
C-00984,Measles-1,2026-05-25,1,MR2605D,Fixed site,given
C-00984,Yellow Fever,2026-05-25,1,YF2605D,Fixed site,given
C-00985,BCG,2026-09-15,1,BC2609B,Fixed site,given
C-00985,OPV-0,2026-09-15,0,OP2609B,Fixed site,given
C-00986,BCG,2026-05-22,1,BC2605C,Fixed site,given
C-00986,OPV-0,2026-05-22,0,OP2605C,Fixed site,given
C-00986,Penta-1,2026-06-23,1,PT2606C,Fixed site,given
C-00986,Penta-2,2026-07-21,2,PT2607C,Fixed site,given
C-00986,PCV-2,2026-07-21,2,PC2607C,Fixed site,given
C-00986,Rota-2,2026-07-21,2,RT2607C,Fixed site,given
C-00986,OPV-1,2026-09-24,1,OP2609C,Fixed site,given
C-00986,PCV-1,2026-09-24,1,PC2609C,Fixed site,given
C-00986,Rota-1,2026-09-24,1,RT2609C,Fixed site,given
C-00986,Penta-3,2026-09-24,3,PT2609C,Fixed site,given
C-00986,PCV-3,2026-09-24,3,PC2609C,Fixed site,given
C-00987,BCG,2025-04-07,1,BC2504A,Fixed site,given
C-00987,Penta-1,2025-05-11,1,PT2505B,Fixed site,given
C-00987,OPV-1,2025-05-11,1,OP2505B,Fixed site,given
C-00987,PCV-1,2025-05-11,1,PC2505B,Fixed site,given
C-00987,Rota-1,2025-05-11,1,RT2505B,Fixed site,given
C-00987,Penta-2,2025-06-10,2,PT2506B,Fixed site,given
C-00987,OPV-2,2025-06-10,2,OP2506B,Fixed site,given
C-00987,PCV-2,2025-06-10,2,PC2506B,Fixed site,given
C-00987,Rota-2,2025-06-10,2,RT2506B,Fixed site,given
C-00987,Penta-3,2025-08-27,3,PT2508D,Fixed site,given
C-00987,PCV-3,2025-08-27,3,PC2508D,Fixed site,given
C-00988,BCG,2025-12-04,1,BC2512A,Fixed site,given
C-00988,Penta-1,2026-02-25,1,PT2602D,Fixed site,given
C-00988,OPV-1,2026-02-25,1,OP2602D,Fixed site,given
C-00988,PCV-1,2026-02-25,1,PC2602D,Fixed site,given
C-00988,Rota-1,2026-02-25,1,RT2602D,Fixed site,given
C-00988,Penta-2,2026-03-25,2,PT2603D,Fixed site,given
C-00988,OPV-2,2026-03-25,2,OP2603D,Fixed site,given
C-00988,PCV-2,2026-03-25,2,PC2603D,Fixed site,given
C-00988,Rota-2,2026-03-25,2,RT2603D,Fixed site,given
C-00988,Penta-3,2026-04-22,3,PT2604C,Fixed site,given
C-00988,OPV-3,2026-04-22,3,OP2604C,Fixed site,given
C-00988,PCV-3,2026-04-22,3,PC2604C,Fixed site,given
C-00988,Measles-1,2026-09-10,1,MR2609B,Fixed site,given
C-00989,BCG,2026-07-03,1,BC2607A,Fixed site,given
C-00989,OPV-0,2026-07-03,0,OP2607A,Fixed site,given
C-00989,Penta-1,2026-08-14,1,PT2608B,Fixed site,given
C-00989,Penta-2,2026-09-11,2,PT2609B,Fixed site,given
C-00989,OPV-2,2026-09-11,2,OP2609B,Fixed site,given
C-00989,PCV-2,2026-09-11,2,PC2609B,Fixed site,given
C-00989,Rota-2,2026-09-11,2,RT2609B,Fixed site,given
C-00989,OPV-1,2026-09-24,1,OP2609C,Fixed site,given
C-00989,PCV-1,2026-09-24,1,PC2609C,Fixed site,given
C-00989,Rota-1,2026-09-24,1,RT2609C,Fixed site,given
C-00990,BCG,2026-09-24,1,BC2609C,Fixed site,given
C-00990,OPV-0,2026-09-24,0,OP2609C,Fixed site,given
C-00991,BCG,2025-12-24,1,BC2512C,Fixed site,given
C-00991,Penta-1,2026-01-27,1,PT2601D,Fixed site,given
C-00991,OPV-1,2026-01-27,1,OP2601D,Fixed site,given
C-00991,PCV-1,2026-01-27,1,PC2601D,Fixed site,given
C-00991,Penta-2,2026-03-19,2,PT2603C,Outreach,given
C-00991,OPV-2,2026-03-19,2,OP2603C,Outreach,given
C-00991,PCV-2,2026-03-19,2,PC2603C,Outreach,given
C-00991,Rota-2,2026-03-19,2,RT2603C,Outreach,given
C-00991,Measles-1,2026-09-14,1,MR2609B,Fixed site,given
C-00991,Yellow Fever,2026-09-14,1,YF2609B,Fixed site,given
C-00991,Penta-3,2026-09-24,3,PT2609C,Fixed site,given
C-00991,OPV-3,2026-09-24,3,OP2609C,Fixed site,given
C-00991,PCV-3,2026-09-24,3,PC2609C,Fixed site,given
C-00992,Penta-1,2025-11-13,1,PT2511B,Fixed site,given
C-00992,OPV-1,2025-11-13,1,OP2511B,Fixed site,given
C-00992,PCV-1,2025-11-13,1,PC2511B,Fixed site,given
C-00992,Rota-1,2025-11-13,1,RT2511B,Fixed site,given
C-00992,Penta-2,2025-12-11,2,PT2512B,Fixed site,given
C-00992,OPV-2,2025-12-11,2,OP2512B,Fixed site,given
C-00992,PCV-2,2025-12-11,2,PC2512B,Fixed site,given
C-00992,Rota-2,2025-12-11,2,RT2512B,Fixed site,given
C-00992,Penta-3,2026-01-08,3,PT2601A,Fixed site,given
C-00992,PCV-3,2026-01-08,3,PC2601A,Fixed site,given
C-00992,Measles-1,2026-06-19,1,MR2606C,Fixed site,given
C-00993,BCG,2024-10-14,1,BC2410B,Fixed site,given
C-00993,Penta-1,2025-01-10,1,PT2501B,Fixed site,given
C-00993,OPV-1,2025-01-10,1,OP2501B,Fixed site,given
C-00993,PCV-1,2025-01-10,1,PC2501B,Fixed site,given
C-00993,Rota-1,2025-01-10,1,RT2501B,Fixed site,given
C-00993,OPV-3,2025-05-28,3,OP2505D,Fixed site,given
C-00993,Measles-1,2025-10-17,1,MR2510C,Fixed site,given
C-00993,Yellow Fever,2025-10-17,1,YF2510C,Fixed site,given
C-00993,Measles-2,2026-09-19,2,MR2609C,Fixed site,given
C-00994,BCG,2025-04-11,1,BC2504B,Fixed site,given
C-00994,Penta-1,2025-08-29,1,PT2508D,Fixed site,given
C-00994,PCV-1,2025-08-29,1,PC2508D,Fixed site,given
C-00994,Rota-1,2025-08-29,1,RT2508D,Fixed site,given
C-00994,Penta-2,2025-09-26,2,PT2509D,Fixed site,given
C-00994,OPV-2,2025-09-26,2,OP2509D,Fixed site,given
C-00994,PCV-2,2025-09-26,2,PC2509D,Fixed site,given
C-00994,Rota-2,2025-09-26,2,RT2509D,Fixed site,given
C-00994,Measles-1,2025-12-09,1,MR2512B,Fixed site,given
C-00994,Yellow Fever,2025-12-09,1,YF2512B,Fixed site,given
C-00994,Penta-3,2026-01-30,3,PT2601D,Fixed site,given
C-00994,OPV-3,2026-01-30,3,OP2601D,Fixed site,given
C-00994,PCV-3,2026-01-30,3,PC2601D,Fixed site,given
C-00995,BCG,2026-07-31,1,BC2607D,Fixed site,given
C-00995,Penta-1,2026-09-22,1,PT2609C,Fixed site,given
C-00995,OPV-1,2026-09-22,1,OP2609C,Fixed site,given
C-00995,PCV-1,2026-09-22,1,PC2609C,Fixed site,given
C-00995,Rota-1,2026-09-22,1,RT2609C,Fixed site,given
C-00996,BCG,2026-06-01,1,BC2606A,Fixed site,given
C-00996,OPV-0,2026-06-01,0,OP2606A,Fixed site,given
C-00996,Penta-1,2026-07-10,1,PT2607B,Fixed site,given
C-00996,PCV-1,2026-07-10,1,PC2607B,Fixed site,given
C-00996,Rota-1,2026-07-10,1,RT2607B,Fixed site,given
C-00996,Penta-2,2026-08-07,2,PT2608A,Fixed site,given
C-00996,OPV-2,2026-08-07,2,OP2608A,Fixed site,given
C-00996,PCV-2,2026-08-07,2,PC2608A,Fixed site,given
C-00996,Rota-2,2026-08-07,2,RT2608A,Fixed site,given
C-00996,Penta-3,2026-09-04,3,PT2609A,Fixed site,given
C-00996,OPV-3,2026-09-04,3,OP2609A,Fixed site,given
C-00996,PCV-3,2026-09-04,3,PC2609A,Fixed site,given
C-00997,BCG,2026-03-07,1,BC2603A,Fixed site,given
C-00997,Penta-1,2026-05-17,1,PT2605C,Fixed site,given
C-00997,OPV-1,2026-05-17,1,OP2605C,Fixed site,given
C-00997,Rota-1,2026-05-17,1,RT2605C,Fixed site,given
C-00997,Penta-2,2026-07-15,2,PT2607B,Fixed site,given
C-00997,OPV-2,2026-07-15,2,OP2607B,Fixed site,given
C-00997,PCV-2,2026-07-15,2,PC2607B,Fixed site,given
C-00997,Rota-2,2026-07-15,2,RT2607B,Fixed site,given
C-00997,Penta-3,2026-08-12,3,PT2608B,Fixed site,given
C-00997,OPV-3,2026-08-12,3,OP2608B,Fixed site,given
C-00997,PCV-3,2026-08-12,3,PC2608B,Fixed site,given
C-00998,Penta-1,2025-11-10,1,PT2511B,Fixed site,given
C-00998,OPV-1,2025-11-10,1,OP2511B,Fixed site,given
C-00998,PCV-1,2025-11-10,1,PC2511B,Fixed site,given
C-00998,BCG,2025-11-14,1,BC2511B,Fixed site,given
C-00998,Penta-2,2026-01-30,2,PT2601D,Fixed site,given
C-00998,OPV-2,2026-01-30,2,OP2601D,Fixed site,given
C-00998,PCV-2,2026-01-30,2,PC2601D,Fixed site,given
C-00998,Rota-2,2026-01-30,2,RT2601D,Fixed site,given
C-00998,Penta-3,2026-02-27,3,PT2602D,Fixed site,given
C-00998,OPV-3,2026-02-27,3,OP2602D,Fixed site,given
C-00998,PCV-3,2026-02-27,3,PC2602D,Fixed site,given
C-00999,BCG,2025-07-25,1,BC2507D,Fixed site,given
C-00999,OPV-0,2025-07-25,0,OP2507D,Fixed site,given
C-00999,Penta-1,2025-10-27,1,PT2510D,Fixed site,given
C-00999,OPV-1,2025-10-27,1,OP2510D,Fixed site,given
C-00999,PCV-1,2025-10-27,1,PC2510D,Fixed site,given
C-00999,Rota-1,2025-10-27,1,RT2510D,Fixed site,given
C-00999,Penta-2,2025-11-24,2,PT2511C,Fixed site,given
C-00999,OPV-2,2025-11-24,2,OP2511C,Fixed site,given
C-00999,PCV-2,2025-11-24,2,PC2511C,Fixed site,given
C-00999,Rota-2,2025-11-24,2,RT2511C,Fixed site,given
C-00999,Penta-3,2026-02-23,3,PT2602C,Fixed site,given
C-00999,OPV-3,2026-02-23,3,OP2602C,Fixed site,given
C-00999,PCV-3,2026-02-23,3,PC2602C,Fixed site,given
C-00999,Measles-1,2026-09-24,1,MR2609C,Fixed site,given
C-00999,Yellow Fever,2026-09-24,1,YF2609C,Fixed site,given
C-01000,BCG,2025-11-27,1,BC2511D,Fixed site,given
C-01000,Penta-1,2025-12-21,1,PT2512C,Fixed site,given
C-01000,OPV-1,2025-12-21,1,OP2512C,Fixed site,given
C-01000,PCV-1,2025-12-21,1,PC2512C,Fixed site,given
C-01000,Rota-1,2025-12-21,1,RT2512C,Fixed site,given
C-01000,Penta-2,2026-03-02,2,PT2603A,Fixed site,given
C-01000,OPV-2,2026-03-02,2,OP2603A,Fixed site,given
C-01000,PCV-2,2026-03-02,2,PC2603A,Fixed site,given
C-01000,Rota-2,2026-03-02,2,RT2603A,Fixed site,given
C-01000,Penta-3,2026-06-06,3,PT2606A,Fixed site,given
C-01000,OPV-3,2026-06-06,3,OP2606A,Fixed site,given
C-01000,Measles-1,2026-08-11,1,MR2608B,Fixed site,given
C-01000,Yellow Fever,2026-08-11,1,YF2608B,Fixed site,given
C-01001,BCG,2025-06-07,1,BC2506A,Fixed site,given
C-01001,Penta-1,2025-08-05,1,PT2508A,Fixed site,given
C-01001,OPV-1,2025-08-05,1,OP2508A,Fixed site,given
C-01001,PCV-1,2025-08-05,1,PC2508A,Fixed site,given
C-01001,Rota-1,2025-08-05,1,RT2508A,Fixed site,given
C-01001,Penta-2,2025-12-07,2,PT2512A,Fixed site,given
C-01001,OPV-2,2025-12-07,2,OP2512A,Fixed site,given
C-01001,PCV-2,2025-12-07,2,PC2512A,Fixed site,given
C-01001,Rota-2,2025-12-07,2,RT2512A,Fixed site,given
C-01001,Penta-3,2026-01-04,3,PT2601A,Fixed site,given
C-01001,OPV-3,2026-01-04,3,OP2601A,Fixed site,given
C-01001,PCV-3,2026-01-04,3,PC2601A,Fixed site,given
C-01001,Measles-1,2026-08-19,1,MR2608C,Fixed site,given
C-01001,Yellow Fever,2026-08-19,1,YF2608C,Fixed site,given
C-01002,BCG,2026-09-09,1,BC2609B,Fixed site,given
C-01003,BCG,2025-02-07,1,BC2502A,Fixed site,given
C-01003,Penta-1,2025-04-17,1,PT2504C,Fixed site,given
C-01003,OPV-1,2025-04-17,1,OP2504C,Fixed site,given
C-01003,PCV-1,2025-04-17,1,PC2504C,Fixed site,given
C-01003,Rota-1,2025-04-17,1,RT2504C,Fixed site,given
C-01003,Penta-2,2025-05-15,2,PT2505B,Fixed site,given
C-01003,OPV-2,2025-05-15,2,OP2505B,Fixed site,given
C-01003,PCV-2,2025-05-15,2,PC2505B,Fixed site,given
C-01003,Rota-2,2025-05-15,2,RT2505B,Fixed site,given
C-01003,Penta-3,2025-06-12,3,PT2506B,Fixed site,given
C-01003,OPV-3,2025-06-12,3,OP2506B,Fixed site,given
C-01003,PCV-3,2025-06-12,3,PC2506B,Fixed site,given
C-01003,Measles-1,2026-04-25,1,MR2604D,Fixed site,given
C-01003,Yellow Fever,2026-04-25,1,YF2604D,Fixed site,given
C-01003,Measles-2,2026-09-24,2,MR2609C,Fixed site,given
C-01004,BCG,2025-11-23,1,BC2511C,Fixed site,given
C-01004,OPV-0,2025-11-23,0,OP2511C,Fixed site,given
C-01004,Penta-1,2026-01-21,1,PT2601C,Fixed site,given
C-01004,PCV-1,2026-01-21,1,PC2601C,Fixed site,given
C-01004,Penta-2,2026-03-13,2,PT2603B,Fixed site,given
C-01004,OPV-2,2026-03-13,2,OP2603B,Fixed site,given
C-01004,PCV-2,2026-03-13,2,PC2603B,Fixed site,given
C-01004,Rota-2,2026-03-13,2,RT2603B,Fixed site,given
C-01004,Penta-3,2026-09-24,3,PT2609C,Fixed site,given
C-01004,OPV-3,2026-09-24,3,OP2609C,Fixed site,given
C-01004,Measles-1,2026-09-24,1,MR2609C,Fixed site,given
C-01004,Yellow Fever,2026-09-24,1,YF2609C,Fixed site,given
C-01005,BCG,2025-04-04,1,BC2504A,Fixed site,given
C-01005,OPV-0,2025-04-04,0,OP2504A,Fixed site,given
C-01005,Penta-1,2025-06-01,1,PT2506A,Fixed site,given
C-01005,OPV-1,2025-06-01,1,OP2506A,Fixed site,given
C-01005,PCV-1,2025-06-01,1,PC2506A,Fixed site,given
C-01005,Rota-1,2025-06-01,1,RT2506A,Fixed site,given
C-01006,Penta-1,2025-02-16,1,PT2502B,Fixed site,given
C-01006,OPV-1,2025-02-16,1,OP2502B,Fixed site,given
C-01006,PCV-1,2025-02-16,1,PC2502B,Fixed site,given
C-01006,Rota-1,2025-02-16,1,RT2502B,Fixed site,given
C-01006,BCG,2025-03-28,1,BC2503D,Fixed site,given
C-01006,Penta-2,2025-05-20,2,PT2505C,Fixed site,given
C-01006,OPV-2,2025-05-20,2,OP2505C,Fixed site,given
C-01006,PCV-2,2025-05-20,2,PC2505C,Fixed site,given
C-01006,Rota-2,2025-05-20,2,RT2505C,Fixed site,given
C-01006,Penta-3,2025-06-17,3,PT2506C,Fixed site,given
C-01006,OPV-3,2025-06-17,3,OP2506C,Fixed site,given
C-01006,PCV-3,2025-06-17,3,PC2506C,Fixed site,given
C-01006,Measles-1,2026-03-21,1,MR2603C,Fixed site,given
C-01006,Yellow Fever,2026-03-21,1,YF2603C,Fixed site,given
C-01006,Measles-2,2026-07-05,2,MR2607A,Fixed site,given
C-01007,BCG,2025-02-07,1,BC2502A,Fixed site,given
C-01007,OPV-0,2025-02-07,0,OP2502A,Fixed site,given
C-01007,Penta-1,2025-03-23,1,PT2503C,Fixed site,given
C-01007,OPV-1,2025-03-23,1,OP2503C,Fixed site,given
C-01007,PCV-1,2025-03-23,1,PC2503C,Fixed site,given
C-01007,Rota-1,2025-03-23,1,RT2503C,Fixed site,given
C-01007,Penta-2,2025-05-05,2,PT2505A,Fixed site,given
C-01007,OPV-2,2025-05-05,2,OP2505A,Fixed site,given
C-01007,PCV-2,2025-05-05,2,PC2505A,Fixed site,given
C-01007,Rota-2,2025-05-05,2,RT2505A,Fixed site,given
C-01007,Penta-3,2025-06-26,3,PT2506D,Fixed site,given
C-01007,OPV-3,2025-06-26,3,OP2506D,Fixed site,given
C-01007,PCV-3,2025-06-26,3,PC2506D,Fixed site,given
C-01007,Measles-1,2025-12-16,1,MR2512B,Fixed site,given
C-01007,Yellow Fever,2025-12-16,1,YF2512B,Fixed site,given
C-01008,BCG,2025-02-26,1,BC2502D,Fixed site,given
C-01008,OPV-0,2025-02-26,0,OP2502D,Fixed site,given
C-01008,Penta-1,2025-06-29,1,PT2506D,Fixed site,given
C-01008,OPV-1,2025-06-29,1,OP2506D,Fixed site,given
C-01008,PCV-1,2025-06-29,1,PC2506D,Fixed site,given
C-01008,Rota-1,2025-06-29,1,RT2506D,Fixed site,given
C-01008,Penta-2,2025-07-27,2,PT2507D,Fixed site,given
C-01008,OPV-2,2025-07-27,2,OP2507D,Fixed site,given
C-01008,PCV-2,2025-07-27,2,PC2507D,Fixed site,given
C-01008,Rota-2,2025-07-27,2,RT2507D,Fixed site,given
C-01008,Penta-3,2026-01-30,3,PT2601D,Fixed site,given
C-01008,OPV-3,2026-01-30,3,OP2601D,Fixed site,given
C-01008,PCV-3,2026-01-30,3,PC2601D,Fixed site,given
C-01008,Measles-1,2026-03-23,1,MR2603C,Fixed site,given
C-01008,Yellow Fever,2026-03-23,1,YF2603C,Fixed site,given
C-01008,Measles-2,2026-09-18,2,MR2609C,Fixed site,given
C-01009,BCG,2025-03-29,1,BC2503D,Fixed site,given
C-01009,Penta-1,2025-05-19,1,PT2505C,Fixed site,given
C-01009,OPV-1,2025-05-19,1,OP2505C,Fixed site,given
C-01009,PCV-1,2025-05-19,1,PC2505C,Fixed site,given
C-01009,Rota-1,2025-05-19,1,RT2505C,Fixed site,given
C-01009,Penta-2,2025-06-16,2,PT2506B,Fixed site,given
C-01009,OPV-2,2025-06-16,2,OP2506B,Fixed site,given
C-01009,PCV-2,2025-06-16,2,PC2506B,Fixed site,given
C-01009,Rota-2,2025-06-16,2,RT2506B,Fixed site,given
C-01009,Penta-3,2025-07-14,3,PT2507B,Fixed site,given
C-01009,OPV-3,2025-07-14,3,OP2507B,Fixed site,given
C-01009,Measles-1,2026-06-22,1,MR2606C,Fixed site,given
C-01009,Yellow Fever,2026-06-22,1,YF2606C,Fixed site,given
C-01010,Penta-1,2026-03-24,1,PT2603C,Fixed site,given
C-01010,OPV-1,2026-03-24,1,OP2603C,Fixed site,given
C-01010,PCV-1,2026-03-24,1,PC2603C,Fixed site,given
C-01010,Rota-1,2026-03-24,1,RT2603C,Fixed site,given
C-01010,BCG,2026-04-01,1,BC2604A,Fixed site,given
C-01010,Penta-2,2026-05-24,2,PT2605C,Fixed site,given
C-01010,OPV-2,2026-05-24,2,OP2605C,Fixed site,given
C-01010,PCV-2,2026-05-24,2,PC2605C,Fixed site,given
C-01010,Rota-2,2026-05-24,2,RT2605C,Fixed site,given
C-01010,Penta-3,2026-09-24,3,PT2609C,Fixed site,given
C-01010,OPV-3,2026-09-24,3,OP2609C,Fixed site,given
C-01010,PCV-3,2026-09-24,3,PC2609C,Fixed site,given
C-01011,BCG,2025-12-28,1,BC2512D,Fixed site,given
C-01011,OPV-0,2025-12-28,0,OP2512D,Fixed site,given
C-01011,Penta-1,2026-01-25,1,PT2601D,Fixed site,given
C-01011,Penta-2,2026-02-22,2,PT2602C,Fixed site,given
C-01011,OPV-2,2026-02-22,2,OP2602C,Fixed site,given
C-01011,PCV-2,2026-02-22,2,PC2602C,Fixed site,given
C-01011,Rota-2,2026-02-22,2,RT2602C,Fixed site,given
C-01011,Penta-3,2026-04-16,3,PT2604B,Fixed site,given
C-01011,OPV-3,2026-04-16,3,OP2604B,Fixed site,given
C-01011,PCV-3,2026-04-16,3,PC2604B,Fixed site,given
C-01011,OPV-1,2026-09-22,1,OP2609C,Fixed site,given
C-01011,PCV-1,2026-09-22,1,PC2609C,Fixed site,given
C-01011,Rota-1,2026-09-22,1,RT2609C,Fixed site,given
C-01011,Measles-1,2026-09-24,1,MR2609C,Fixed site,given
C-01011,Yellow Fever,2026-09-24,1,YF2609C,Fixed site,given
C-01012,BCG,2025-10-07,1,BC2510A,Fixed site,given
C-01012,Penta-1,2026-04-01,1,PT2604A,Fixed site,given
C-01012,OPV-1,2026-04-01,1,OP2604A,Fixed site,given
C-01012,PCV-1,2026-04-01,1,PC2604A,Fixed site,given
C-01012,Rota-1,2026-04-01,1,RT2604A,Fixed site,given
C-01012,Penta-2,2026-04-29,2,PT2604D,Fixed site,given
C-01012,OPV-2,2026-04-29,2,OP2604D,Fixed site,given
C-01012,PCV-2,2026-04-29,2,PC2604D,Fixed site,given
C-01012,Rota-2,2026-04-29,2,RT2604D,Fixed site,given
C-01012,Penta-3,2026-05-27,3,PT2605D,Fixed site,given
C-01012,OPV-3,2026-05-27,3,OP2605D,Fixed site,given
C-01012,PCV-3,2026-05-27,3,PC2605D,Fixed site,given
C-01012,Measles-1,2026-06-15,1,MR2606B,Fixed site,given
C-01013,BCG,2025-07-22,1,BC2507C,Fixed site,given
C-01013,OPV-0,2025-07-22,0,OP2507C,Fixed site,given
C-01013,Penta-1,2025-08-27,1,PT2508D,Outreach,given
C-01013,OPV-1,2025-08-27,1,OP2508D,Outreach,given
C-01013,PCV-1,2025-08-27,1,PC2508D,Outreach,given
C-01013,Rota-1,2025-08-27,1,RT2508D,Outreach,given
C-01013,Penta-2,2025-11-13,2,PT2511B,Fixed site,given
C-01013,OPV-2,2025-11-13,2,OP2511B,Fixed site,given
C-01013,PCV-2,2025-11-13,2,PC2511B,Fixed site,given
C-01013,Rota-2,2025-11-13,2,RT2511B,Fixed site,given
C-01013,Penta-3,2025-12-11,3,PT2512B,Fixed site,given
C-01013,OPV-3,2025-12-11,3,OP2512B,Fixed site,given
C-01013,PCV-3,2025-12-11,3,PC2512B,Fixed site,given
C-01013,Measles-1,2026-06-12,1,MR2606B,Fixed site,given
C-01013,Yellow Fever,2026-06-12,1,YF2606B,Fixed site,given
C-01014,Penta-1,2025-11-30,1,PT2511D,Fixed site,given
C-01014,OPV-1,2025-11-30,1,OP2511D,Fixed site,given
C-01014,PCV-1,2025-11-30,1,PC2511D,Fixed site,given
C-01014,Rota-1,2025-11-30,1,RT2511D,Fixed site,given
C-01014,Penta-2,2025-12-28,2,PT2512D,Fixed site,given
C-01014,PCV-2,2025-12-28,2,PC2512D,Fixed site,given
C-01014,Rota-2,2025-12-28,2,RT2512D,Fixed site,given
C-01014,Penta-3,2026-04-03,3,PT2604A,Fixed site,given
C-01014,OPV-3,2026-04-03,3,OP2604A,Fixed site,given
C-01014,Measles-1,2026-09-21,1,MR2609C,Fixed site,given
C-01014,Yellow Fever,2026-09-21,1,YF2609C,Fixed site,given
C-01015,BCG,2025-01-11,1,BC2501B,Outreach,given
C-01015,Penta-1,2025-02-01,1,PT2502A,Fixed site,given
C-01015,OPV-1,2025-02-01,1,OP2502A,Fixed site,given
C-01015,PCV-1,2025-02-01,1,PC2502A,Fixed site,given
C-01015,Rota-1,2025-02-01,1,RT2502A,Fixed site,given
C-01015,Penta-2,2025-03-01,2,PT2503A,Fixed site,given
C-01015,OPV-2,2025-03-01,2,OP2503A,Fixed site,given
C-01015,Rota-2,2025-03-01,2,RT2503A,Fixed site,given
C-01015,Penta-3,2025-03-29,3,PT2503D,Fixed site,given
C-01015,OPV-3,2025-03-29,3,OP2503D,Fixed site,given
C-01015,PCV-3,2025-03-29,3,PC2503D,Fixed site,given
C-01015,Measles-1,2025-09-14,1,MR2509B,Fixed site,given
C-01015,Yellow Fever,2025-09-14,1,YF2509B,Fixed site,given
C-01015,Measles-2,2026-08-21,2,MR2608C,Fixed site,given
C-01016,BCG,2025-05-01,1,BC2505A,Fixed site,given
C-01016,Penta-1,2025-06-27,1,PT2506D,Fixed site,given
C-01016,OPV-1,2025-06-27,1,OP2506D,Fixed site,given
C-01016,PCV-1,2025-06-27,1,PC2506D,Fixed site,given
C-01016,Rota-1,2025-06-27,1,RT2506D,Fixed site,given
C-01016,Penta-2,2025-07-25,2,PT2507D,Outreach,given
C-01016,OPV-2,2025-07-25,2,OP2507D,Outreach,given
C-01016,PCV-2,2025-07-25,2,PC2507D,Outreach,given
C-01016,Rota-2,2025-07-25,2,RT2507D,Outreach,given
C-01016,Penta-3,2025-11-11,3,PT2511B,Fixed site,given
C-01016,OPV-3,2025-11-11,3,OP2511B,Fixed site,given
C-01016,PCV-3,2025-11-11,3,PC2511B,Fixed site,given
C-01016,Measles-1,2026-06-05,1,MR2606A,Fixed site,given
C-01017,BCG,2025-11-09,1,BC2511B,Fixed site,given
C-01017,Penta-1,2026-01-23,1,PT2601C,Fixed site,given
C-01017,OPV-1,2026-01-23,1,OP2601C,Fixed site,given
C-01017,Rota-1,2026-01-23,1,RT2601C,Fixed site,given
C-01017,Penta-2,2026-03-24,2,PT2603C,Fixed site,given
C-01017,OPV-2,2026-03-24,2,OP2603C,Fixed site,given
C-01017,PCV-2,2026-03-24,2,PC2603C,Fixed site,given
C-01017,Rota-2,2026-03-24,2,RT2603C,Fixed site,given
C-01017,Penta-3,2026-04-21,3,PT2604C,Fixed site,given
C-01017,OPV-3,2026-04-21,3,OP2604C,Fixed site,given
C-01017,Measles-1,2026-09-24,1,MR2609C,Fixed site,given
C-01017,Yellow Fever,2026-09-24,1,YF2609C,Fixed site,given
C-01018,BCG,2025-03-08,1,BC2503A,Fixed site,given
C-01018,OPV-0,2025-03-08,0,OP2503A,Fixed site,given
C-01018,Penta-1,2025-06-14,1,PT2506B,Fixed site,given
C-01018,OPV-1,2025-06-14,1,OP2506B,Fixed site,given
C-01018,PCV-1,2025-06-14,1,PC2506B,Fixed site,given
C-01018,Rota-1,2025-06-14,1,RT2506B,Fixed site,given
C-01018,Penta-2,2025-08-21,2,PT2508C,Fixed site,given
C-01018,OPV-2,2025-08-21,2,OP2508C,Fixed site,given
C-01018,PCV-2,2025-08-21,2,PC2508C,Fixed site,given
C-01018,Rota-2,2025-08-21,2,RT2508C,Fixed site,given
C-01018,Penta-3,2025-09-18,3,PT2509C,Fixed site,given
C-01018,OPV-3,2025-09-18,3,OP2509C,Fixed site,given
C-01018,PCV-3,2025-09-18,3,PC2509C,Fixed site,given
C-01018,Measles-1,2025-12-20,1,MR2512C,Fixed site,given
C-01018,Yellow Fever,2025-12-20,1,YF2512C,Fixed site,given
C-01018,Measles-2,2026-09-24,2,MR2609C,Fixed site,given
C-01019,BCG,2026-05-19,1,BC2605C,Fixed site,given
C-01019,OPV-0,2026-05-19,0,OP2605C,Fixed site,given
C-01019,Penta-1,2026-06-29,1,PT2606D,Fixed site,given
C-01019,OPV-1,2026-06-29,1,OP2606D,Fixed site,given
C-01019,PCV-1,2026-06-29,1,PC2606D,Fixed site,given
C-01019,Rota-1,2026-06-29,1,RT2606D,Fixed site,given
C-01019,OPV-3,2026-08-25,3,OP2608D,Fixed site,given
C-01020,BCG,2024-11-27,1,BC2411D,Fixed site,given
C-01020,Penta-1,2025-01-26,1,PT2501D,Fixed site,given
C-01020,OPV-1,2025-01-26,1,OP2501D,Fixed site,given
C-01020,PCV-1,2025-01-26,1,PC2501D,Fixed site,given
C-01020,Rota-1,2025-01-26,1,RT2501D,Fixed site,given
C-01020,Penta-2,2025-04-16,2,PT2504B,Fixed site,given
C-01020,PCV-2,2025-04-16,2,PC2504B,Fixed site,given
C-01020,Rota-2,2025-04-16,2,RT2504B,Fixed site,given
C-01020,Penta-3,2025-05-14,3,PT2505B,Fixed site,given
C-01020,PCV-3,2025-05-14,3,PC2505B,Fixed site,given
C-01020,Measles-1,2025-12-04,1,MR2512A,Fixed site,given
C-01020,Yellow Fever,2025-12-04,1,YF2512A,Fixed site,given
C-01021,BCG,2024-08-22,1,BC2408C,Fixed site,given
C-01021,Penta-1,2024-10-08,1,PT2410A,Fixed site,given
C-01021,OPV-1,2024-10-08,1,OP2410A,Fixed site,given
C-01021,PCV-1,2024-10-08,1,PC2410A,Fixed site,given
C-01021,Rota-1,2024-10-08,1,RT2410A,Fixed site,given
C-01021,Penta-2,2024-11-05,2,PT2411A,Fixed site,given
C-01021,OPV-2,2024-11-05,2,OP2411A,Fixed site,given
C-01021,PCV-2,2024-11-05,2,PC2411A,Fixed site,given
C-01021,Penta-3,2025-02-22,3,PT2502C,Fixed site,given
C-01021,OPV-3,2025-02-22,3,OP2502C,Fixed site,given
C-01021,PCV-3,2025-02-22,3,PC2502C,Fixed site,given
C-01021,Measles-1,2025-05-31,1,MR2505D,Fixed site,given
C-01021,Yellow Fever,2025-05-31,1,YF2505D,Fixed site,given
C-01021,Measles-2,2026-08-02,2,MR2608A,Fixed site,given
C-01022,BCG,2025-12-10,1,BC2512B,Fixed site,given
C-01022,Penta-1,2026-02-18,1,PT2602C,Fixed site,given
C-01022,OPV-1,2026-02-18,1,OP2602C,Fixed site,given
C-01022,PCV-1,2026-02-18,1,PC2602C,Fixed site,given
C-01022,Rota-1,2026-02-18,1,RT2602C,Fixed site,given
C-01022,Penta-2,2026-03-18,2,PT2603C,Fixed site,given
C-01022,OPV-2,2026-03-18,2,OP2603C,Fixed site,given
C-01022,PCV-2,2026-03-18,2,PC2603C,Fixed site,given
C-01022,Rota-2,2026-03-18,2,RT2603C,Fixed site,given
C-01022,Penta-3,2026-06-14,3,PT2606B,Fixed site,given
C-01022,OPV-3,2026-06-14,3,OP2606B,Fixed site,given
C-01022,PCV-3,2026-06-14,3,PC2606B,Fixed site,given
C-01022,Measles-1,2026-09-24,1,MR2609C,Fixed site,given
C-01022,Yellow Fever,2026-09-24,1,YF2609C,Fixed site,given
C-01023,BCG,2026-01-17,1,BC2601C,Fixed site,given
C-01023,Penta-1,2026-02-08,1,PT2602A,Fixed site,given
C-01023,OPV-1,2026-02-08,1,OP2602A,Fixed site,given
C-01023,PCV-1,2026-02-08,1,PC2602A,Fixed site,given
C-01023,Penta-2,2026-03-11,2,PT2603B,Fixed site,given
C-01023,OPV-2,2026-03-11,2,OP2603B,Fixed site,given
C-01023,PCV-2,2026-03-11,2,PC2603B,Fixed site,given
C-01023,Rota-2,2026-03-11,2,RT2603B,Fixed site,given
C-01023,Penta-3,2026-04-08,3,PT2604A,Fixed site,given
C-01023,OPV-3,2026-04-08,3,OP2604A,Fixed site,given
C-01023,PCV-3,2026-04-08,3,PC2604A,Fixed site,given
C-01023,Measles-1,2026-08-26,1,MR2608D,Fixed site,given
C-01023,Yellow Fever,2026-08-26,1,YF2608D,Fixed site,given
C-01024,Penta-1,2026-06-19,1,PT2606C,Fixed site,given
C-01024,OPV-1,2026-06-19,1,OP2606C,Fixed site,given
C-01024,PCV-1,2026-06-19,1,PC2606C,Fixed site,given
C-01024,Penta-2,2026-07-20,2,PT2607C,Fixed site,given
C-01024,OPV-2,2026-07-20,2,OP2607C,Fixed site,given
C-01024,PCV-2,2026-07-20,2,PC2607C,Fixed site,given
C-01024,Rota-2,2026-07-20,2,RT2607C,Fixed site,given
C-01024,Penta-3,2026-09-24,3,PT2609C,Fixed site,given
C-01024,OPV-3,2026-09-24,3,OP2609C,Fixed site,given
C-01024,PCV-3,2026-09-24,3,PC2609C,Fixed site,given
C-01025,BCG,2024-10-18,1,BC2410C,Fixed site,given
C-01025,Penta-1,2025-02-03,1,PT2502A,Fixed site,given
C-01025,OPV-1,2025-02-03,1,OP2502A,Fixed site,given
C-01025,PCV-1,2025-02-03,1,PC2502A,Fixed site,given
C-01025,Rota-1,2025-02-03,1,RT2502A,Fixed site,given
C-01025,Penta-2,2025-03-03,2,PT2503A,Fixed site,given
C-01025,OPV-2,2025-03-03,2,OP2503A,Fixed site,given
C-01025,Rota-2,2025-03-03,2,RT2503A,Fixed site,given
C-01025,Penta-3,2025-05-07,3,PT2505A,Fixed site,given
C-01025,OPV-3,2025-05-07,3,OP2505A,Fixed site,given
C-01025,PCV-3,2025-05-07,3,PC2505A,Fixed site,given
C-01025,Measles-1,2025-12-15,1,MR2512B,Fixed site,given
C-01025,Yellow Fever,2025-12-15,1,YF2512B,Fixed site,given
C-01026,BCG,2026-07-28,1,BC2607D,Fixed site,given
C-01026,OPV-0,2026-07-28,0,OP2607D,Fixed site,given
C-01026,Penta-1,2026-09-20,1,PT2609C,Fixed site,given
C-01026,OPV-1,2026-09-20,1,OP2609C,Fixed site,given
C-01026,PCV-1,2026-09-20,1,PC2609C,Fixed site,given
C-01026,Rota-1,2026-09-20,1,RT2609C,Fixed site,given
C-01027,BCG,2026-01-14,1,BC2601B,Fixed site,given
C-01027,OPV-0,2026-01-14,0,OP2601B,Fixed site,given
C-01027,Penta-1,2026-02-18,1,PT2602C,Fixed site,given
C-01027,OPV-1,2026-02-18,1,OP2602C,Fixed site,given
C-01027,PCV-1,2026-02-18,1,PC2602C,Fixed site,given
C-01027,Rota-1,2026-02-18,1,RT2602C,Fixed site,given
C-01027,Penta-2,2026-03-18,2,PT2603C,Fixed site,given
C-01027,OPV-2,2026-03-18,2,OP2603C,Fixed site,given
C-01027,Rota-2,2026-03-18,2,RT2603C,Fixed site,given
C-01027,Penta-3,2026-04-15,3,PT2604B,Fixed site,given
C-01027,OPV-3,2026-04-15,3,OP2604B,Fixed site,given
C-01027,Measles-1,2026-09-24,1,MR2609C,Fixed site,given
C-01027,Yellow Fever,2026-09-24,1,YF2609C,Fixed site,given
C-01028,Penta-1,2026-05-05,1,PT2605A,Fixed site,given
C-01028,OPV-1,2026-05-05,1,OP2605A,Fixed site,given
C-01028,PCV-1,2026-05-05,1,PC2605A,Fixed site,given
C-01028,Rota-1,2026-05-05,1,RT2605A,Fixed site,given
C-01028,Penta-2,2026-07-07,2,PT2607A,Fixed site,given
C-01028,OPV-2,2026-07-07,2,OP2607A,Fixed site,given
C-01028,PCV-2,2026-07-07,2,PC2607A,Fixed site,given
C-01028,Rota-2,2026-07-07,2,RT2607A,Fixed site,given
C-01028,BCG,2026-09-20,1,BC2609C,Fixed site,given
C-01028,Penta-3,2026-09-24,3,PT2609C,Fixed site,given
C-01028,OPV-3,2026-09-24,3,OP2609C,Fixed site,given
C-01028,PCV-3,2026-09-24,3,PC2609C,Fixed site,given
C-01029,BCG,2024-04-14,1,BC2404B,Fixed site,given
C-01029,OPV-0,2024-04-14,0,OP2404B,Fixed site,given
C-01029,Penta-1,2024-06-28,1,PT2406D,Fixed site,given
C-01029,OPV-1,2024-06-28,1,OP2406D,Fixed site,given
C-01029,Rota-1,2024-06-28,1,RT2406D,Fixed site,given
C-01029,Penta-2,2024-09-18,2,PT2409C,Fixed site,given
C-01029,OPV-2,2024-09-18,2,OP2409C,Fixed site,given
C-01029,PCV-2,2024-09-18,2,PC2409C,Fixed site,given
C-01029,Rota-2,2024-09-18,2,RT2409C,Fixed site,given
C-01029,Penta-3,2024-10-16,3,PT2410B,Fixed site,given
C-01029,OPV-3,2024-10-16,3,OP2410B,Fixed site,given
C-01029,PCV-3,2024-10-16,3,PC2410B,Fixed site,given
C-01029,Measles-1,2025-01-16,1,MR2501B,Fixed site,given
C-01029,Yellow Fever,2025-01-16,1,YF2501B,Fixed site,given
C-01030,BCG,2024-08-20,1,BC2408C,Fixed site,given
C-01030,OPV-0,2024-08-20,0,OP2408C,Fixed site,given
C-01030,Penta-1,2024-10-25,1,PT2410D,Fixed site,given
C-01030,OPV-1,2024-10-25,1,OP2410D,Fixed site,given
C-01030,PCV-1,2024-10-25,1,PC2410D,Fixed site,given
C-01030,Rota-1,2024-10-25,1,RT2410D,Fixed site,given
C-01030,Penta-2,2024-11-22,2,PT2411C,Fixed site,given
C-01030,OPV-2,2024-11-22,2,OP2411C,Fixed site,given
C-01030,Rota-2,2024-11-22,2,RT2411C,Fixed site,given
C-01030,Penta-3,2024-12-20,3,PT2412C,Fixed site,given
C-01030,OPV-3,2024-12-20,3,OP2412C,Fixed site,given
C-01030,PCV-3,2024-12-20,3,PC2412C,Fixed site,given
C-01030,Measles-1,2025-06-26,1,MR2506D,Fixed site,given
C-01030,Yellow Fever,2025-06-26,1,YF2506D,Fixed site,given
C-01031,BCG,2026-04-21,1,BC2604C,Fixed site,given
C-01031,OPV-0,2026-04-21,0,OP2604C,Fixed site,given
C-01031,Penta-1,2026-06-19,1,PT2606C,Fixed site,given
C-01031,OPV-1,2026-06-19,1,OP2606C,Fixed site,given
C-01031,PCV-1,2026-06-19,1,PC2606C,Fixed site,given
C-01031,Rota-1,2026-06-19,1,RT2606C,Fixed site,given
C-01031,Penta-2,2026-07-17,2,PT2607C,Fixed site,given
C-01031,OPV-2,2026-07-17,2,OP2607C,Fixed site,given
C-01031,PCV-2,2026-07-17,2,PC2607C,Fixed site,given
C-01031,Rota-2,2026-07-17,2,RT2607C,Fixed site,given
C-01031,Penta-3,2026-09-24,3,PT2609C,Fixed site,given
C-01031,OPV-3,2026-09-24,3,OP2609C,Fixed site,given
C-01031,PCV-3,2026-09-24,3,PC2609C,Fixed site,given
C-01032,BCG,2026-01-28,1,BC2601D,Fixed site,given
C-01032,OPV-0,2026-01-28,0,OP2601D,Fixed site,given
C-01032,Penta-1,2026-03-21,1,PT2603C,Fixed site,given
C-01032,OPV-1,2026-03-21,1,OP2603C,Fixed site,given
C-01032,PCV-1,2026-03-21,1,PC2603C,Fixed site,given
C-01032,Rota-1,2026-03-21,1,RT2603C,Fixed site,given
C-01032,Penta-2,2026-04-30,2,PT2604D,Fixed site,given
C-01032,OPV-2,2026-04-30,2,OP2604D,Fixed site,given
C-01032,PCV-2,2026-04-30,2,PC2604D,Fixed site,given
C-01032,Rota-2,2026-04-30,2,RT2604D,Fixed site,given
C-01033,BCG,2024-05-15,1,BC2405B,Fixed site,given
C-01033,Penta-1,2024-09-18,1,PT2409C,Outreach,given
C-01033,OPV-1,2024-09-18,1,OP2409C,Outreach,given
C-01033,PCV-1,2024-09-18,1,PC2409C,Outreach,given
C-01033,Rota-1,2024-09-18,1,RT2409C,Outreach,given
C-01033,Penta-2,2024-10-16,2,PT2410B,Fixed site,given
C-01033,OPV-2,2024-10-16,2,OP2410B,Fixed site,given
C-01033,PCV-2,2024-10-16,2,PC2410B,Fixed site,given
C-01033,Rota-2,2024-10-16,2,RT2410B,Fixed site,given
C-01033,Penta-3,2024-12-29,3,PT2412D,Fixed site,given
C-01033,OPV-3,2024-12-29,3,OP2412D,Fixed site,given
C-01033,PCV-3,2024-12-29,3,PC2412D,Fixed site,given
C-01033,Measles-1,2025-02-13,1,MR2502B,Fixed site,given
C-01033,Measles-2,2025-10-28,2,MR2510D,Fixed site,given
C-01034,BCG,2026-09-11,1,BC2609B,Fixed site,given
C-01034,OPV-0,2026-09-11,0,OP2609B,Fixed site,given
C-01035,BCG,2025-11-11,1,BC2511B,Fixed site,given
C-01035,OPV-0,2025-11-11,0,OP2511B,Fixed site,given
C-01035,Penta-1,2026-02-02,1,PT2602A,Fixed site,given
C-01035,OPV-1,2026-02-02,1,OP2602A,Fixed site,given
C-01035,PCV-1,2026-02-02,1,PC2602A,Fixed site,given
C-01035,Rota-1,2026-02-02,1,RT2602A,Fixed site,given
C-01035,Penta-2,2026-05-16,2,PT2605B,Fixed site,given
C-01035,OPV-2,2026-05-16,2,OP2605B,Fixed site,given
C-01035,PCV-2,2026-05-16,2,PC2605B,Fixed site,given
C-01035,Rota-2,2026-05-16,2,RT2605B,Fixed site,given
C-01035,Penta-3,2026-06-13,3,PT2606B,Fixed site,given
C-01035,OPV-3,2026-06-13,3,OP2606B,Fixed site,given
C-01035,PCV-3,2026-06-13,3,PC2606B,Fixed site,given
C-01035,Measles-1,2026-09-24,1,MR2609C,Fixed site,given
C-01035,Yellow Fever,2026-09-24,1,YF2609C,Fixed site,given
C-01036,BCG,2025-03-02,1,BC2503A,Fixed site,given
C-01036,Penta-1,2025-03-12,1,PT2503B,Fixed site,given
C-01036,OPV-1,2025-03-12,1,OP2503B,Fixed site,given
C-01036,PCV-1,2025-03-12,1,PC2503B,Fixed site,given
C-01036,Rota-1,2025-03-12,1,RT2503B,Fixed site,given
C-01036,Penta-2,2025-04-14,2,PT2504B,Fixed site,given
C-01036,OPV-2,2025-04-14,2,OP2504B,Fixed site,given
C-01036,PCV-2,2025-04-14,2,PC2504B,Fixed site,given
C-01036,Rota-2,2025-04-14,2,RT2504B,Fixed site,given
C-01036,Penta-3,2025-05-29,3,PT2505D,Fixed site,given
C-01036,OPV-3,2025-05-29,3,OP2505D,Fixed site,given
C-01036,Measles-1,2025-10-22,1,MR2510C,Fixed site,given
C-01036,Yellow Fever,2025-10-22,1,YF2510C,Fixed site,given
C-01037,BCG,2026-03-27,1,BC2603D,Fixed site,given
C-01038,BCG,2024-12-03,1,BC2412A,Outreach,given
C-01038,OPV-0,2024-12-03,0,OP2412A,Outreach,given
C-01038,Penta-1,2025-03-03,1,PT2503A,Fixed site,given
C-01038,OPV-1,2025-03-03,1,OP2503A,Fixed site,given
C-01038,PCV-1,2025-03-03,1,PC2503A,Fixed site,given
C-01038,Rota-1,2025-03-03,1,RT2503A,Fixed site,given
C-01039,BCG,2026-07-20,1,BC2607C,Outreach,given
C-01039,Penta-1,2026-09-24,1,PT2609C,Fixed site,given
C-01039,OPV-1,2026-09-24,1,OP2609C,Fixed site,given
C-01039,PCV-1,2026-09-24,1,PC2609C,Fixed site,given
C-01039,Rota-1,2026-09-24,1,RT2609C,Fixed site,given
C-01040,Penta-1,2024-11-06,1,PT2411A,Fixed site,given
C-01040,OPV-1,2024-11-06,1,OP2411A,Fixed site,given
C-01040,PCV-1,2024-11-06,1,PC2411A,Fixed site,given
C-01040,Rota-1,2024-11-06,1,RT2411A,Fixed site,given
C-01040,BCG,2024-12-16,1,BC2412B,Fixed site,given
C-01040,OPV-3,2025-03-28,3,OP2503D,Fixed site,given
C-01041,BCG,2025-01-04,1,BC2501A,Fixed site,given
C-01041,Penta-1,2025-01-30,1,PT2501D,Fixed site,given
C-01041,OPV-1,2025-01-30,1,OP2501D,Fixed site,given
C-01041,PCV-1,2025-01-30,1,PC2501D,Fixed site,given
C-01041,Penta-2,2025-02-27,2,PT2502D,Fixed site,given
C-01041,OPV-2,2025-02-27,2,OP2502D,Fixed site,given
C-01041,PCV-2,2025-02-27,2,PC2502D,Fixed site,given
C-01041,Rota-2,2025-02-27,2,RT2502D,Fixed site,given
C-01041,Penta-3,2025-06-18,3,PT2506C,Fixed site,given
C-01041,OPV-3,2025-06-18,3,OP2506C,Fixed site,given
C-01041,PCV-3,2025-06-18,3,PC2506C,Fixed site,given
C-01041,Measles-1,2026-05-13,1,MR2605B,Fixed site,given
C-01041,Yellow Fever,2026-05-13,1,YF2605B,Fixed site,given
C-01042,Penta-1,2026-02-06,1,PT2602A,Fixed site,given
C-01042,OPV-1,2026-02-06,1,OP2602A,Fixed site,given
C-01042,PCV-1,2026-02-06,1,PC2602A,Fixed site,given
C-01042,Rota-1,2026-02-06,1,RT2602A,Fixed site,given
C-01042,Penta-2,2026-07-14,2,PT2607B,Fixed site,given
C-01042,OPV-2,2026-07-14,2,OP2607B,Fixed site,given
C-01042,PCV-2,2026-07-14,2,PC2607B,Fixed site,given
C-01042,Rota-2,2026-07-14,2,RT2607B,Fixed site,given
C-01042,Penta-3,2026-08-11,3,PT2608B,Fixed site,given
C-01042,OPV-3,2026-08-11,3,OP2608B,Fixed site,given
C-01042,PCV-3,2026-08-11,3,PC2608B,Fixed site,given
C-01042,Measles-1,2026-09-02,1,MR2609A,Fixed site,given
C-01042,Yellow Fever,2026-09-02,1,YF2609A,Fixed site,given
C-01043,BCG,2026-07-15,1,BC2607B,Fixed site,given
C-01043,Penta-1,2026-07-23,1,PT2607C,Fixed site,given
C-01043,OPV-1,2026-07-23,1,OP2607C,Fixed site,given
C-01043,PCV-1,2026-07-23,1,PC2607C,Fixed site,given
C-01043,Penta-2,2026-08-20,2,PT2608C,Fixed site,given
C-01043,OPV-2,2026-08-20,2,OP2608C,Fixed site,given
C-01043,PCV-2,2026-08-20,2,PC2608C,Fixed site,given
C-01043,Rota-2,2026-08-20,2,RT2608C,Fixed site,given
C-01043,Penta-3,2026-09-17,3,PT2609C,Fixed site,given
C-01043,PCV-3,2026-09-17,3,PC2609C,Fixed site,given
C-01044,BCG,2026-08-01,1,BC2608A,Fixed site,given
C-01044,OPV-0,2026-08-01,0,OP2608A,Fixed site,given
C-01044,Penta-1,2026-09-24,1,PT2609C,Fixed site,given
C-01044,OPV-1,2026-09-24,1,OP2609C,Fixed site,given
C-01044,PCV-1,2026-09-24,1,PC2609C,Fixed site,given
C-01044,Rota-1,2026-09-24,1,RT2609C,Fixed site,given
C-01045,BCG,2026-04-18,1,BC2604C,Fixed site,given
C-01045,OPV-0,2026-04-18,0,OP2604C,Fixed site,given
C-01045,Penta-1,2026-05-20,1,PT2605C,Fixed site,given
C-01045,PCV-1,2026-05-20,1,PC2605C,Fixed site,given
C-01045,Rota-1,2026-05-20,1,RT2605C,Fixed site,given
C-01045,Penta-2,2026-06-17,2,PT2606C,Fixed site,given
C-01045,OPV-2,2026-06-17,2,OP2606C,Fixed site,given
C-01045,PCV-2,2026-06-17,2,PC2606C,Fixed site,given
C-01045,Rota-2,2026-06-17,2,RT2606C,Fixed site,given
C-01045,Penta-3,2026-07-15,3,PT2607B,Fixed site,given
C-01045,OPV-3,2026-07-15,3,OP2607B,Fixed site,given
C-01045,PCV-3,2026-07-15,3,PC2607B,Fixed site,given
C-01046,BCG,2025-01-09,1,BC2501B,Fixed site,given
C-01046,OPV-0,2025-01-09,0,OP2501B,Fixed site,given
C-01046,Penta-1,2025-03-08,1,PT2503A,Outreach,given
C-01046,OPV-1,2025-03-08,1,OP2503A,Outreach,given
C-01046,PCV-1,2025-03-08,1,PC2503A,Outreach,given
C-01046,Rota-1,2025-03-08,1,RT2503A,Outreach,given
C-01046,Penta-2,2025-04-05,2,PT2504A,Fixed site,given
C-01046,OPV-2,2025-04-05,2,OP2504A,Fixed site,given
C-01046,PCV-2,2025-04-05,2,PC2504A,Fixed site,given
C-01046,Penta-3,2025-08-01,3,PT2508A,Fixed site,given
C-01046,PCV-3,2025-08-01,3,PC2508A,Fixed site,given
C-01047,BCG,2024-12-26,1,BC2412D,Fixed site,given
C-01047,OPV-0,2024-12-26,0,OP2412D,Fixed site,given
C-01047,Penta-1,2025-02-09,1,PT2502B,Fixed site,given
C-01047,OPV-1,2025-02-09,1,OP2502B,Fixed site,given
C-01047,PCV-1,2025-02-09,1,PC2502B,Fixed site,given
C-01047,Rota-1,2025-02-09,1,RT2502B,Fixed site,given
C-01047,Penta-2,2025-05-30,2,PT2505D,Fixed site,given
C-01047,PCV-2,2025-05-30,2,PC2505D,Fixed site,given
C-01047,Rota-2,2025-05-30,2,RT2505D,Fixed site,given
C-01047,Measles-1,2025-10-06,1,MR2510A,Fixed site,given
C-01047,Penta-3,2025-10-27,3,PT2510D,Fixed site,given
C-01047,OPV-3,2025-10-27,3,OP2510D,Fixed site,given
C-01047,PCV-3,2025-10-27,3,PC2510D,Fixed site,given
C-01047,Measles-2,2026-06-23,2,MR2606C,Fixed site,given
C-01048,BCG,2025-05-16,1,BC2505B,Fixed site,given
C-01048,Penta-1,2025-06-30,1,PT2506D,Fixed site,given
C-01048,OPV-1,2025-06-30,1,OP2506D,Fixed site,given
C-01048,PCV-1,2025-06-30,1,PC2506D,Fixed site,given
C-01048,Rota-1,2025-06-30,1,RT2506D,Fixed site,given
C-01048,Penta-2,2025-08-06,2,PT2508A,Fixed site,given
C-01048,OPV-2,2025-08-06,2,OP2508A,Fixed site,given
C-01048,PCV-2,2025-08-06,2,PC2508A,Fixed site,given
C-01048,Rota-2,2025-08-06,2,RT2508A,Fixed site,given
C-01048,Penta-3,2026-03-25,3,PT2603D,Fixed site,given
C-01048,OPV-3,2026-03-25,3,OP2603D,Fixed site,given
C-01048,PCV-3,2026-03-25,3,PC2603D,Fixed site,given
C-01048,Measles-1,2026-07-08,1,MR2607A,Fixed site,given
C-01048,Yellow Fever,2026-07-08,1,YF2607A,Fixed site,given
C-01049,Penta-1,2025-05-31,1,PT2505D,Fixed site,given
C-01049,OPV-1,2025-05-31,1,OP2505D,Fixed site,given
C-01049,PCV-1,2025-05-31,1,PC2505D,Fixed site,given
C-01049,Rota-1,2025-05-31,1,RT2505D,Fixed site,given
C-01049,Penta-2,2025-10-12,2,PT2510B,Fixed site,given
C-01049,OPV-2,2025-10-12,2,OP2510B,Fixed site,given
C-01049,PCV-2,2025-10-12,2,PC2510B,Fixed site,given
C-01049,Rota-2,2025-10-12,2,RT2510B,Fixed site,given
C-01049,Penta-3,2025-11-09,3,PT2511B,Fixed site,given
C-01049,OPV-3,2025-11-09,3,OP2511B,Fixed site,given
C-01049,PCV-3,2025-11-09,3,PC2511B,Fixed site,given
C-01049,Measles-1,2026-02-11,1,MR2602B,Fixed site,given
C-01049,Yellow Fever,2026-02-11,1,YF2602B,Fixed site,given
C-01049,Measles-2,2026-09-24,2,MR2609C,Fixed site,given
C-01050,BCG,2026-01-27,1,BC2601D,Fixed site,given
C-01050,Penta-1,2026-02-22,1,PT2602C,Fixed site,given
C-01050,PCV-1,2026-02-22,1,PC2602C,Fixed site,given
C-01050,Penta-2,2026-03-24,2,PT2603C,Fixed site,given
C-01050,OPV-2,2026-03-24,2,OP2603C,Fixed site,given
C-01050,PCV-2,2026-03-24,2,PC2603C,Fixed site,given
C-01050,Rota-2,2026-03-24,2,RT2603C,Fixed site,given
C-01050,Penta-3,2026-04-21,3,PT2604C,Fixed site,given
C-01050,OPV-3,2026-04-21,3,OP2604C,Fixed site,given
C-01050,PCV-3,2026-04-21,3,PC2604C,Fixed site,given
C-01050,Measles-1,2026-09-24,1,MR2609C,Fixed site,given
C-01050,Yellow Fever,2026-09-24,1,YF2609C,Fixed site,given
C-01051,BCG,2024-06-19,1,BC2406C,Outreach,given
C-01051,OPV-0,2024-06-19,0,OP2406C,Outreach,given
C-01051,Penta-1,2024-08-08,1,PT2408A,Fixed site,given
C-01051,OPV-1,2024-08-08,1,OP2408A,Fixed site,given
C-01051,PCV-1,2024-08-08,1,PC2408A,Fixed site,given
C-01051,Rota-1,2024-08-08,1,RT2408A,Fixed site,given
C-01051,Measles-1,2025-03-28,1,MR2503D,Fixed site,given
C-01051,Yellow Fever,2025-03-28,1,YF2503D,Fixed site,given
C-01051,Measles-2,2026-01-28,2,MR2601D,Fixed site,given
C-01052,BCG,2025-12-17,1,BC2512C,Fixed site,given
C-01052,OPV-0,2025-12-17,0,OP2512C,Fixed site,given
C-01052,Penta-1,2026-02-01,1,PT2602A,Fixed site,given
C-01052,OPV-1,2026-02-01,1,OP2602A,Fixed site,given
C-01052,PCV-1,2026-02-01,1,PC2602A,Fixed site,given
C-01052,Rota-1,2026-02-01,1,RT2602A,Fixed site,given
C-01052,Penta-2,2026-03-07,2,PT2603A,Fixed site,given
C-01052,PCV-2,2026-03-07,2,PC2603A,Fixed site,given
C-01052,Rota-2,2026-03-07,2,RT2603A,Fixed site,given
C-01052,Penta-3,2026-07-09,3,PT2607B,Fixed site,given
C-01052,OPV-3,2026-07-09,3,OP2607B,Fixed site,given
C-01052,Measles-1,2026-09-24,1,MR2609C,Fixed site,given
C-01052,Yellow Fever,2026-09-24,1,YF2609C,Fixed site,given
C-01053,BCG,2025-03-31,1,BC2503D,Fixed site,given
C-01053,Penta-1,2025-09-23,1,PT2509C,Fixed site,given
C-01053,OPV-1,2025-09-23,1,OP2509C,Fixed site,given
C-01053,PCV-1,2025-09-23,1,PC2509C,Fixed site,given
C-01053,Rota-1,2025-09-23,1,RT2509C,Fixed site,given
C-01053,Penta-2,2025-10-21,2,PT2510C,Fixed site,given
C-01053,OPV-2,2025-10-21,2,OP2510C,Fixed site,given
C-01053,PCV-2,2025-10-21,2,PC2510C,Fixed site,given
C-01053,Rota-2,2025-10-21,2,RT2510C,Fixed site,given
C-01054,BCG,2026-01-22,1,BC2601C,Fixed site,given
C-01054,OPV-0,2026-01-22,0,OP2601C,Fixed site,given
C-01054,Penta-1,2026-06-27,1,PT2606D,Fixed site,given
C-01054,PCV-1,2026-06-27,1,PC2606D,Fixed site,given
C-01054,Rota-1,2026-06-27,1,RT2606D,Fixed site,given
C-01054,Penta-2,2026-07-25,2,PT2607D,Fixed site,given
C-01054,OPV-2,2026-07-25,2,OP2607D,Fixed site,given
C-01054,PCV-2,2026-07-25,2,PC2607D,Fixed site,given
C-01054,Rota-2,2026-07-25,2,RT2607D,Fixed site,given
C-01054,Penta-3,2026-08-22,3,PT2608C,Fixed site,given
C-01054,OPV-3,2026-08-22,3,OP2608C,Fixed site,given
C-01054,PCV-3,2026-08-22,3,PC2608C,Fixed site,given
C-01055,BCG,2025-04-24,1,BC2504C,Fixed site,given
C-01055,OPV-0,2025-04-24,0,OP2504C,Fixed site,given
C-01055,Penta-1,2025-05-29,1,PT2505D,Fixed site,given
C-01055,OPV-1,2025-05-29,1,OP2505D,Fixed site,given
C-01055,PCV-1,2025-05-29,1,PC2505D,Fixed site,given
C-01055,Rota-1,2025-05-29,1,RT2505D,Fixed site,given
C-01055,Penta-2,2025-06-26,2,PT2506D,Fixed site,given
C-01055,OPV-2,2025-06-26,2,OP2506D,Fixed site,given
C-01055,PCV-2,2025-06-26,2,PC2506D,Fixed site,given
C-01055,Rota-2,2025-06-26,2,RT2506D,Fixed site,given
C-01055,Penta-3,2025-09-29,3,PT2509D,Fixed site,given
C-01055,OPV-3,2025-09-29,3,OP2509D,Fixed site,given
C-01055,PCV-3,2025-09-29,3,PC2509D,Fixed site,given
C-01055,Measles-1,2026-06-02,1,MR2606A,Outreach,given
C-01055,Yellow Fever,2026-06-02,1,YF2606A,Outreach,given
C-01056,BCG,2024-12-10,1,BC2412B,Fixed site,given
C-01056,OPV-0,2024-12-10,0,OP2412B,Fixed site,given
C-01056,Penta-1,2025-05-13,1,PT2505B,Fixed site,given
C-01056,OPV-1,2025-05-13,1,OP2505B,Fixed site,given
C-01056,PCV-1,2025-05-13,1,PC2505B,Fixed site,given
C-01056,Rota-1,2025-05-13,1,RT2505B,Fixed site,given
C-01056,Penta-2,2025-06-10,2,PT2506B,Fixed site,given
C-01056,OPV-2,2025-06-10,2,OP2506B,Fixed site,given
C-01056,PCV-2,2025-06-10,2,PC2506B,Fixed site,given
C-01056,Rota-2,2025-06-10,2,RT2506B,Fixed site,given
C-01056,Penta-3,2025-11-03,3,PT2511A,Fixed site,given
C-01056,OPV-3,2025-11-03,3,OP2511A,Fixed site,given
C-01056,PCV-3,2025-11-03,3,PC2511A,Fixed site,given
C-01056,Measles-1,2026-04-27,1,MR2604D,Fixed site,given
C-01056,Yellow Fever,2026-04-27,1,YF2604D,Fixed site,given
C-01056,Measles-2,2026-06-12,2,MR2606B,Fixed site,given
C-01057,BCG,2026-06-23,1,BC2606C,Fixed site,given
C-01057,OPV-0,2026-06-23,0,OP2606C,Fixed site,given
C-01057,Penta-1,2026-08-26,1,PT2608D,Fixed site,given
C-01057,OPV-1,2026-08-26,1,OP2608D,Fixed site,given
C-01057,PCV-1,2026-08-26,1,PC2608D,Fixed site,given
C-01057,Rota-1,2026-08-26,1,RT2608D,Fixed site,given
C-01057,Penta-2,2026-09-24,2,PT2609C,Outreach,given
C-01057,OPV-2,2026-09-24,2,OP2609C,Outreach,given
C-01057,Rota-2,2026-09-24,2,RT2609C,Outreach,given
C-01058,BCG,2025-07-05,1,BC2507A,Fixed site,given
C-01058,OPV-0,2025-07-05,0,OP2507A,Fixed site,given
C-01058,Penta-1,2025-11-07,1,PT2511A,Fixed site,given
C-01058,OPV-1,2025-11-07,1,OP2511A,Fixed site,given
C-01058,PCV-1,2025-11-07,1,PC2511A,Fixed site,given
C-01058,Rota-1,2025-11-07,1,RT2511A,Fixed site,given
C-01058,Penta-2,2026-05-11,2,PT2605B,Fixed site,given
C-01058,OPV-2,2026-05-11,2,OP2605B,Fixed site,given
C-01058,PCV-2,2026-05-11,2,PC2605B,Fixed site,given
C-01058,Rota-2,2026-05-11,2,RT2605B,Fixed site,given
C-01058,Penta-3,2026-06-08,3,PT2606A,Fixed site,given
C-01058,OPV-3,2026-06-08,3,OP2606A,Fixed site,given
C-01058,PCV-3,2026-06-08,3,PC2606A,Fixed site,given
C-01058,Measles-1,2026-09-24,1,MR2609C,Fixed site,given
C-01058,Yellow Fever,2026-09-24,1,YF2609C,Fixed site,given
C-01059,BCG,2024-11-29,1,BC2411D,Fixed site,given
C-01059,Penta-1,2024-12-01,1,PT2412A,Fixed site,given
C-01059,OPV-1,2024-12-01,1,OP2412A,Fixed site,given
C-01059,PCV-1,2024-12-01,1,PC2412A,Fixed site,given
C-01059,Rota-1,2024-12-01,1,RT2412A,Fixed site,given
C-01059,Penta-2,2025-01-29,2,PT2501D,Fixed site,given
C-01059,OPV-2,2025-01-29,2,OP2501D,Fixed site,given
C-01059,PCV-2,2025-01-29,2,PC2501D,Fixed site,given
C-01059,Rota-2,2025-01-29,2,RT2501D,Fixed site,given
C-01059,Measles-1,2025-07-23,1,MR2507C,Fixed site,given
C-01059,Yellow Fever,2025-07-23,1,YF2507C,Fixed site,given
C-01059,OPV-3,2025-09-01,3,OP2509A,Fixed site,given
C-01060,BCG,2025-10-26,1,BC2510D,Fixed site,given
C-01060,OPV-0,2025-10-26,0,OP2510D,Fixed site,given
C-01060,Penta-1,2026-04-14,1,PT2604B,Fixed site,given
C-01060,OPV-1,2026-04-14,1,OP2604B,Fixed site,given
C-01060,PCV-1,2026-04-14,1,PC2604B,Fixed site,given
C-01060,Rota-1,2026-04-14,1,RT2604B,Fixed site,given
C-01060,Penta-2,2026-05-12,2,PT2605B,Fixed site,given
C-01060,OPV-2,2026-05-12,2,OP2605B,Fixed site,given
C-01060,PCV-2,2026-05-12,2,PC2605B,Fixed site,given
C-01060,Rota-2,2026-05-12,2,RT2605B,Fixed site,given
C-01060,Penta-3,2026-08-10,3,PT2608B,Fixed site,given
C-01060,OPV-3,2026-08-10,3,OP2608B,Fixed site,given
C-01060,PCV-3,2026-08-10,3,PC2608B,Fixed site,given
C-01060,Measles-1,2026-09-20,1,MR2609C,Fixed site,given
C-01060,Yellow Fever,2026-09-20,1,YF2609C,Fixed site,given
C-01061,BCG,2025-12-08,1,BC2512A,Fixed site,given
C-01061,Penta-1,2026-05-09,1,PT2605B,Fixed site,given
C-01061,OPV-1,2026-05-09,1,OP2605B,Fixed site,given
C-01061,PCV-1,2026-05-09,1,PC2605B,Fixed site,given
C-01061,Rota-1,2026-05-09,1,RT2605B,Fixed site,given
C-01061,Penta-2,2026-06-06,2,PT2606A,Fixed site,given
C-01061,OPV-2,2026-06-06,2,OP2606A,Fixed site,given
C-01061,PCV-2,2026-06-06,2,PC2606A,Fixed site,given
C-01061,Rota-2,2026-06-06,2,RT2606A,Fixed site,given
C-01061,Penta-3,2026-07-21,3,PT2607C,Fixed site,given
C-01061,OPV-3,2026-07-21,3,OP2607C,Fixed site,given
C-01061,Measles-1,2026-09-24,1,MR2609C,Fixed site,given
C-01061,Yellow Fever,2026-09-24,1,YF2609C,Fixed site,given
C-01062,Penta-1,2025-08-09,1,PT2508B,Fixed site,given
C-01062,OPV-1,2025-08-09,1,OP2508B,Fixed site,given
C-01062,PCV-1,2025-08-09,1,PC2508B,Fixed site,given
C-01062,Rota-1,2025-08-09,1,RT2508B,Fixed site,given
C-01062,BCG,2025-08-10,1,BC2508B,Fixed site,given
C-01062,Measles-1,2026-03-26,1,MR2603D,Outreach,given
C-01062,Yellow Fever,2026-03-26,1,YF2603D,Outreach,given
C-01062,Penta-2,2026-05-01,2,PT2605A,Fixed site,given
C-01062,OPV-2,2026-05-01,2,OP2605A,Fixed site,given
C-01062,PCV-2,2026-05-01,2,PC2605A,Fixed site,given
C-01062,Rota-2,2026-05-01,2,RT2605A,Fixed site,given
C-01062,Penta-3,2026-05-29,3,PT2605D,Fixed site,given
C-01062,OPV-3,2026-05-29,3,OP2605D,Fixed site,given
C-01063,BCG,2026-09-24,1,BC2609C,Fixed site,given
C-01063,OPV-0,2026-09-24,0,OP2609C,Fixed site,given
C-01064,BCG,2025-10-20,1,BC2510C,Fixed site,given
C-01064,OPV-0,2025-10-20,0,OP2510C,Fixed site,given
C-01064,Penta-1,2026-01-07,1,PT2601A,Fixed site,given
C-01064,OPV-1,2026-01-07,1,OP2601A,Fixed site,given
C-01064,PCV-1,2026-01-07,1,PC2601A,Fixed site,given
C-01064,Rota-1,2026-01-07,1,RT2601A,Fixed site,given
C-01064,Penta-2,2026-08-26,2,PT2608D,Fixed site,given
C-01064,OPV-2,2026-08-26,2,OP2608D,Fixed site,given
C-01064,PCV-2,2026-08-26,2,PC2608D,Fixed site,given
C-01064,Rota-2,2026-08-26,2,RT2608D,Fixed site,given
C-01064,Penta-3,2026-09-23,3,PT2609C,Fixed site,given
C-01064,OPV-3,2026-09-23,3,OP2609C,Fixed site,given
C-01064,PCV-3,2026-09-23,3,PC2609C,Fixed site,given
C-01064,Measles-1,2026-09-24,1,MR2609C,Fixed site,given
C-01064,Yellow Fever,2026-09-24,1,YF2609C,Fixed site,given
C-01065,BCG,2025-12-23,1,BC2512C,Fixed site,given
C-01065,Penta-1,2026-02-19,1,PT2602C,Fixed site,given
C-01065,OPV-1,2026-02-19,1,OP2602C,Fixed site,given
C-01065,PCV-1,2026-02-19,1,PC2602C,Fixed site,given
C-01065,Rota-1,2026-02-19,1,RT2602C,Fixed site,given
C-01065,Penta-2,2026-03-19,2,PT2603C,Fixed site,given
C-01065,OPV-2,2026-03-19,2,OP2603C,Fixed site,given
C-01065,PCV-2,2026-03-19,2,PC2603C,Fixed site,given
C-01065,Rota-2,2026-03-19,2,RT2603C,Fixed site,given
C-01065,Penta-3,2026-04-16,3,PT2604B,Fixed site,given
C-01065,OPV-3,2026-04-16,3,OP2604B,Fixed site,given
C-01065,PCV-3,2026-04-16,3,PC2604B,Fixed site,given
C-01066,BCG,2024-03-27,1,BC2403D,Fixed site,given
C-01066,OPV-0,2024-03-27,0,OP2403D,Fixed site,given
C-01066,Penta-1,2024-05-19,1,PT2405C,Fixed site,given
C-01066,OPV-1,2024-05-19,1,OP2405C,Fixed site,given
C-01066,PCV-1,2024-05-19,1,PC2405C,Fixed site,given
C-01066,Rota-1,2024-05-19,1,RT2405C,Fixed site,given
C-01066,Penta-2,2024-08-28,2,PT2408D,Fixed site,given
C-01066,OPV-2,2024-08-28,2,OP2408D,Fixed site,given
C-01066,PCV-2,2024-08-28,2,PC2408D,Fixed site,given
C-01066,Rota-2,2024-08-28,2,RT2408D,Fixed site,given
C-01066,Penta-3,2024-09-25,3,PT2409D,Fixed site,given
C-01066,OPV-3,2024-09-25,3,OP2409D,Fixed site,given
C-01066,PCV-3,2024-09-25,3,PC2409D,Fixed site,given
C-01066,Measles-1,2025-02-22,1,MR2502C,Fixed site,given
C-01066,Yellow Fever,2025-02-22,1,YF2502C,Fixed site,given
C-01066,Measles-2,2025-11-01,2,MR2511A,Fixed site,given
C-01067,BCG,2026-03-25,1,BC2603D,Fixed site,given
C-01067,OPV-0,2026-03-25,0,OP2603D,Fixed site,given
C-01067,Penta-1,2026-04-28,1,PT2604D,Fixed site,given
C-01067,OPV-1,2026-04-28,1,OP2604D,Fixed site,given
C-01067,PCV-1,2026-04-28,1,PC2604D,Fixed site,given
C-01067,Rota-1,2026-04-28,1,RT2604D,Fixed site,given
C-01067,Penta-2,2026-05-26,2,PT2605D,Fixed site,given
C-01067,OPV-2,2026-05-26,2,OP2605D,Fixed site,given
C-01067,PCV-2,2026-05-26,2,PC2605D,Fixed site,given
C-01067,Rota-2,2026-05-26,2,RT2605D,Fixed site,given
C-01067,Penta-3,2026-06-23,3,PT2606C,Fixed site,given
C-01067,OPV-3,2026-06-23,3,OP2606C,Fixed site,given
C-01067,PCV-3,2026-06-23,3,PC2606C,Fixed site,given
C-01068,BCG,2025-06-23,1,BC2506C,Fixed site,given
C-01068,Penta-1,2025-09-03,1,PT2509A,Fixed site,given
C-01068,OPV-1,2025-09-03,1,OP2509A,Fixed site,given
C-01068,PCV-1,2025-09-03,1,PC2509A,Fixed site,given
C-01068,Rota-1,2025-09-03,1,RT2509A,Fixed site,given
C-01068,Penta-2,2025-10-01,2,PT2510A,Fixed site,given
C-01068,OPV-2,2025-10-01,2,OP2510A,Fixed site,given
C-01068,Rota-2,2025-10-01,2,RT2510A,Fixed site,given
C-01068,Penta-3,2025-10-29,3,PT2510D,Fixed site,given
C-01068,OPV-3,2025-10-29,3,OP2510D,Fixed site,given
C-01068,PCV-3,2025-10-29,3,PC2510D,Fixed site,given
C-01068,Measles-1,2026-02-24,1,MR2602C,Fixed site,given
C-01068,Yellow Fever,2026-02-24,1,YF2602C,Fixed site,given
C-01069,BCG,2025-12-07,1,BC2512A,Fixed site,given
C-01069,Penta-1,2026-01-11,1,PT2601B,Fixed site,given
C-01069,OPV-1,2026-01-11,1,OP2601B,Fixed site,given
C-01069,PCV-1,2026-01-11,1,PC2601B,Fixed site,given
C-01069,Rota-1,2026-01-11,1,RT2601B,Fixed site,given
C-01069,Penta-2,2026-02-08,2,PT2602A,Fixed site,given
C-01069,OPV-2,2026-02-08,2,OP2602A,Fixed site,given
C-01069,PCV-2,2026-02-08,2,PC2602A,Fixed site,given
C-01069,Rota-2,2026-02-08,2,RT2602A,Fixed site,given
C-01069,Penta-3,2026-06-24,3,PT2606C,Fixed site,given
C-01069,OPV-3,2026-06-24,3,OP2606C,Fixed site,given
C-01069,PCV-3,2026-06-24,3,PC2606C,Fixed site,given
C-01069,Measles-1,2026-08-14,1,MR2608B,Fixed site,given
C-01069,Yellow Fever,2026-08-14,1,YF2608B,Fixed site,given
C-01070,BCG,2025-03-09,1,BC2503B,Fixed site,given
C-01070,OPV-0,2025-03-09,0,OP2503B,Fixed site,given
C-01070,Penta-1,2025-05-03,1,PT2505A,Fixed site,given
C-01070,OPV-1,2025-05-03,1,OP2505A,Fixed site,given
C-01070,PCV-1,2025-05-03,1,PC2505A,Fixed site,given
C-01070,Penta-2,2025-06-09,2,PT2506B,Fixed site,given
C-01070,OPV-2,2025-06-09,2,OP2506B,Fixed site,given
C-01070,PCV-2,2025-06-09,2,PC2506B,Fixed site,given
C-01070,Rota-2,2025-06-09,2,RT2506B,Fixed site,given
C-01070,Measles-1,2025-12-07,1,MR2512A,Fixed site,given
C-01070,Yellow Fever,2025-12-07,1,YF2512A,Fixed site,given
C-01070,Penta-3,2025-12-11,3,PT2512B,Fixed site,given
C-01070,OPV-3,2025-12-11,3,OP2512B,Fixed site,given
C-01070,PCV-3,2025-12-11,3,PC2512B,Fixed site,given
C-01070,Measles-2,2026-09-24,2,MR2609C,Fixed site,given
C-01071,BCG,2025-08-04,1,BC2508A,Fixed site,given
C-01071,Penta-1,2025-10-23,1,PT2510C,Fixed site,given
C-01071,OPV-1,2025-10-23,1,OP2510C,Fixed site,given
C-01071,PCV-1,2025-10-23,1,PC2510C,Fixed site,given
C-01071,Rota-1,2025-10-23,1,RT2510C,Fixed site,given
C-01071,Penta-2,2025-11-20,2,PT2511C,Fixed site,given
C-01071,OPV-2,2025-11-20,2,OP2511C,Fixed site,given
C-01071,PCV-2,2025-11-20,2,PC2511C,Fixed site,given
C-01071,Rota-2,2025-11-20,2,RT2511C,Fixed site,given
C-01071,Measles-1,2026-04-14,1,MR2604B,Fixed site,given
C-01071,Yellow Fever,2026-04-14,1,YF2604B,Fixed site,given
C-01071,Penta-3,2026-06-09,3,PT2606B,Fixed site,given
C-01071,OPV-3,2026-06-09,3,OP2606B,Fixed site,given
C-01071,PCV-3,2026-06-09,3,PC2606B,Fixed site,given
C-01072,BCG,2026-05-01,1,BC2605A,Fixed site,given
C-01072,OPV-0,2026-05-01,0,OP2605A,Fixed site,given
C-01072,Penta-1,2026-06-12,1,PT2606B,Fixed site,given
C-01072,OPV-1,2026-06-12,1,OP2606B,Fixed site,given
C-01072,PCV-1,2026-06-12,1,PC2606B,Fixed site,given
C-01072,Rota-1,2026-06-12,1,RT2606B,Fixed site,given
C-01072,Penta-2,2026-07-10,2,PT2607B,Fixed site,given
C-01072,OPV-2,2026-07-10,2,OP2607B,Fixed site,given
C-01072,PCV-2,2026-07-10,2,PC2607B,Fixed site,given
C-01072,Rota-2,2026-07-10,2,RT2607B,Fixed site,given
C-01072,Penta-3,2026-08-07,3,PT2608A,Fixed site,given
C-01072,OPV-3,2026-08-07,3,OP2608A,Fixed site,given
C-01072,PCV-3,2026-08-07,3,PC2608A,Fixed site,given
C-01073,BCG,2024-11-08,1,BC2411A,Fixed site,given
C-01073,Penta-1,2024-11-28,1,PT2411D,Fixed site,given
C-01073,OPV-1,2024-11-28,1,OP2411D,Fixed site,given
C-01073,PCV-1,2024-11-28,1,PC2411D,Fixed site,given
C-01073,Rota-1,2024-11-28,1,RT2411D,Fixed site,given
C-01073,Penta-2,2024-12-26,2,PT2412D,Fixed site,given
C-01073,OPV-2,2024-12-26,2,OP2412D,Fixed site,given
C-01073,PCV-2,2024-12-26,2,PC2412D,Fixed site,given
C-01073,Penta-3,2025-03-08,3,PT2503A,Fixed site,given
C-01073,OPV-3,2025-03-08,3,OP2503A,Fixed site,given
C-01073,Measles-1,2025-06-14,1,MR2506B,Fixed site,given
C-01073,Yellow Fever,2025-06-14,1,YF2506B,Fixed site,given
C-01074,BCG,2026-02-17,1,BC2602C,Fixed site,given
C-01074,Penta-1,2026-03-01,1,PT2603A,Fixed site,given
C-01074,OPV-1,2026-03-01,1,OP2603A,Fixed site,given
C-01074,PCV-1,2026-03-01,1,PC2603A,Fixed site,given
C-01074,Rota-1,2026-03-01,1,RT2603A,Fixed site,given
C-01074,Penta-2,2026-05-01,2,PT2605A,Fixed site,given
C-01074,OPV-2,2026-05-01,2,OP2605A,Fixed site,given
C-01074,PCV-2,2026-05-01,2,PC2605A,Fixed site,given
C-01074,Rota-2,2026-05-01,2,RT2605A,Fixed site,given
C-01075,Penta-1,2026-06-27,1,PT2606D,Fixed site,given
C-01075,BCG,2026-07-05,1,BC2607A,Fixed site,given
C-01075,Penta-2,2026-07-25,2,PT2607D,Fixed site,given
C-01075,OPV-2,2026-07-25,2,OP2607D,Fixed site,given
C-01075,PCV-2,2026-07-25,2,PC2607D,Fixed site,given
C-01075,Rota-2,2026-07-25,2,RT2607D,Fixed site,given
C-01075,OPV-1,2026-09-07,1,OP2609A,Fixed site,given
C-01075,PCV-1,2026-09-07,1,PC2609A,Fixed site,given
C-01075,Rota-1,2026-09-07,1,RT2609A,Fixed site,given
C-01075,Penta-3,2026-09-24,3,PT2609C,Fixed site,given
C-01075,OPV-3,2026-09-24,3,OP2609C,Fixed site,given
C-01075,PCV-3,2026-09-24,3,PC2609C,Fixed site,given
C-01076,Penta-1,2025-12-24,1,PT2512C,Fixed site,given
C-01076,OPV-1,2025-12-24,1,OP2512C,Fixed site,given
C-01076,PCV-1,2025-12-24,1,PC2512C,Fixed site,given
C-01076,Rota-1,2025-12-24,1,RT2512C,Fixed site,given
C-01076,Penta-2,2026-01-21,2,PT2601C,Fixed site,given
C-01076,OPV-2,2026-01-21,2,OP2601C,Fixed site,given
C-01076,PCV-2,2026-01-21,2,PC2601C,Fixed site,given
C-01076,Rota-2,2026-01-21,2,RT2601C,Fixed site,given
C-01076,Penta-3,2026-08-24,3,PT2608C,Fixed site,given
C-01076,OPV-3,2026-08-24,3,OP2608C,Fixed site,given
C-01076,PCV-3,2026-08-24,3,PC2608C,Fixed site,given
C-01076,Measles-1,2026-09-15,1,MR2609B,Fixed site,given
C-01076,Yellow Fever,2026-09-15,1,YF2609B,Fixed site,given
C-01077,BCG,2026-06-05,1,BC2606A,Fixed site,given
C-01077,OPV-0,2026-06-05,0,OP2606A,Fixed site,given
C-01077,Penta-1,2026-07-27,1,PT2607D,Fixed site,given
C-01077,OPV-1,2026-07-27,1,OP2607D,Fixed site,given
C-01077,PCV-1,2026-07-27,1,PC2607D,Fixed site,given
C-01077,Rota-1,2026-07-27,1,RT2607D,Fixed site,given
C-01077,Penta-2,2026-08-24,2,PT2608C,Fixed site,given
C-01077,OPV-2,2026-08-24,2,OP2608C,Fixed site,given
C-01077,PCV-2,2026-08-24,2,PC2608C,Fixed site,given
C-01077,Rota-2,2026-08-24,2,RT2608C,Fixed site,given
C-01077,Penta-3,2026-09-24,3,PT2609C,Fixed site,given
C-01077,OPV-3,2026-09-24,3,OP2609C,Fixed site,given
C-01077,PCV-3,2026-09-24,3,PC2609C,Fixed site,given
C-01078,BCG,2026-07-31,1,BC2607D,Fixed site,given
C-01078,Penta-1,2026-08-22,1,PT2608C,Fixed site,given
C-01078,Penta-2,2026-09-19,2,PT2609C,Fixed site,given
C-01078,OPV-2,2026-09-19,2,OP2609C,Fixed site,given
C-01078,PCV-2,2026-09-19,2,PC2609C,Fixed site,given
C-01078,Rota-2,2026-09-19,2,RT2609C,Fixed site,given
C-01078,OPV-1,2026-09-24,1,OP2609C,Fixed site,given
C-01078,PCV-1,2026-09-24,1,PC2609C,Fixed site,given
C-01078,Rota-1,2026-09-24,1,RT2609C,Fixed site,given
C-01079,BCG,2026-08-28,1,BC2608D,Fixed site,given
C-01079,Penta-1,2026-09-24,1,PT2609C,Fixed site,given
C-01079,OPV-1,2026-09-24,1,OP2609C,Fixed site,given
C-01079,PCV-1,2026-09-24,1,PC2609C,Fixed site,given
C-01079,Rota-1,2026-09-24,1,RT2609C,Fixed site,given
C-01080,BCG,2026-05-08,1,BC2605A,Fixed site,given
C-01080,Penta-1,2026-05-31,1,PT2605D,Fixed site,given
C-01080,Penta-2,2026-06-28,2,PT2606D,Fixed site,given
C-01080,OPV-2,2026-06-28,2,OP2606D,Fixed site,given
C-01080,PCV-2,2026-06-28,2,PC2606D,Fixed site,given
C-01080,Rota-2,2026-06-28,2,RT2606D,Fixed site,given
C-01080,OPV-1,2026-09-24,1,OP2609C,Fixed site,given
C-01080,PCV-1,2026-09-24,1,PC2609C,Fixed site,given
C-01080,Rota-1,2026-09-24,1,RT2609C,Fixed site,given
C-01080,Penta-3,2026-09-24,3,PT2609C,Fixed site,given
C-01080,OPV-3,2026-09-24,3,OP2609C,Fixed site,given
C-01080,PCV-3,2026-09-24,3,PC2609C,Fixed site,given
C-01081,Penta-1,2026-04-25,1,PT2604D,Fixed site,given
C-01081,OPV-1,2026-04-25,1,OP2604D,Fixed site,given
C-01081,PCV-1,2026-04-25,1,PC2604D,Fixed site,given
C-01081,Rota-1,2026-04-25,1,RT2604D,Fixed site,given
C-01081,Penta-2,2026-07-15,2,PT2607B,Fixed site,given
C-01081,OPV-2,2026-07-15,2,OP2607B,Fixed site,given
C-01081,PCV-2,2026-07-15,2,PC2607B,Fixed site,given
C-01081,Rota-2,2026-07-15,2,RT2607B,Fixed site,given
C-01081,Penta-3,2026-09-24,3,PT2609C,Fixed site,given
C-01081,OPV-3,2026-09-24,3,OP2609C,Fixed site,given
C-01081,PCV-3,2026-09-24,3,PC2609C,Fixed site,given
C-01082,BCG,2026-08-10,1,BC2608B,Fixed site,given
C-01082,Penta-1,2026-09-24,1,PT2609C,Fixed site,given
C-01082,OPV-1,2026-09-24,1,OP2609C,Fixed site,given
C-01082,PCV-1,2026-09-24,1,PC2609C,Fixed site,given
C-01082,Rota-1,2026-09-24,1,RT2609C,Fixed site,given
C-01083,BCG,2026-03-23,1,BC2603C,Fixed site,given
C-01083,Penta-1,2026-05-03,1,PT2605A,Fixed site,given
C-01083,OPV-1,2026-05-03,1,OP2605A,Fixed site,given
C-01083,PCV-1,2026-05-03,1,PC2605A,Fixed site,given
C-01083,Rota-1,2026-05-03,1,RT2605A,Fixed site,given
C-01083,Penta-2,2026-06-10,2,PT2606B,Fixed site,given
C-01083,OPV-2,2026-06-10,2,OP2606B,Fixed site,given
C-01083,PCV-2,2026-06-10,2,PC2606B,Fixed site,given
C-01083,Rota-2,2026-06-10,2,RT2606B,Fixed site,given
C-01083,OPV-3,2026-09-24,3,OP2609C,Fixed site,given
C-01084,Penta-1,2025-06-20,1,PT2506C,Fixed site,given
C-01084,OPV-1,2025-06-20,1,OP2506C,Fixed site,given
C-01084,PCV-1,2025-06-20,1,PC2506C,Fixed site,given
C-01084,Rota-1,2025-06-20,1,RT2506C,Fixed site,given
C-01084,Penta-2,2025-07-18,2,PT2507C,Fixed site,given
C-01084,OPV-2,2025-07-18,2,OP2507C,Fixed site,given
C-01084,PCV-2,2025-07-18,2,PC2507C,Fixed site,given
C-01084,Rota-2,2025-07-18,2,RT2507C,Fixed site,given
C-01084,Penta-3,2026-03-08,3,PT2603A,Fixed site,given
C-01084,PCV-3,2026-03-08,3,PC2603A,Fixed site,given
C-01084,Measles-1,2026-08-30,1,MR2608D,Fixed site,given
C-01085,BCG,2024-08-22,1,BC2408C,Fixed site,given
C-01085,OPV-0,2024-08-22,0,OP2408C,Fixed site,given
C-01085,Penta-1,2024-11-14,1,PT2411B,Outreach,given
C-01085,OPV-1,2024-11-14,1,OP2411B,Outreach,given
C-01085,PCV-1,2024-11-14,1,PC2411B,Outreach,given
C-01085,Rota-1,2024-11-14,1,RT2411B,Outreach,given
C-01085,Penta-2,2025-02-02,2,PT2502A,Outreach,given
C-01085,PCV-2,2025-02-02,2,PC2502A,Outreach,given
C-01085,Rota-2,2025-02-02,2,RT2502A,Outreach,given
C-01085,Penta-3,2025-03-02,3,PT2503A,Fixed site,given
C-01085,OPV-3,2025-03-02,3,OP2503A,Fixed site,given
C-01085,PCV-3,2025-03-02,3,PC2503A,Fixed site,given
C-01085,Measles-1,2025-06-14,1,MR2506B,Fixed site,given
C-01085,Yellow Fever,2025-06-14,1,YF2506B,Fixed site,given
C-01086,BCG,2024-12-10,1,BC2412B,Fixed site,given
C-01086,OPV-0,2024-12-10,0,OP2412B,Fixed site,given
C-01086,Penta-1,2025-03-13,1,PT2503B,Fixed site,given
C-01086,OPV-1,2025-03-13,1,OP2503B,Fixed site,given
C-01086,PCV-1,2025-03-13,1,PC2503B,Fixed site,given
C-01086,Rota-1,2025-03-13,1,RT2503B,Fixed site,given
C-01086,Penta-2,2025-07-10,2,PT2507B,Fixed site,given
C-01086,OPV-2,2025-07-10,2,OP2507B,Fixed site,given
C-01086,Rota-2,2025-07-10,2,RT2507B,Fixed site,given
C-01086,Penta-3,2025-08-07,3,PT2508A,Fixed site,given
C-01086,OPV-3,2025-08-07,3,OP2508A,Fixed site,given
C-01086,PCV-3,2025-08-07,3,PC2508A,Fixed site,given
C-01086,Measles-1,2025-12-30,1,MR2512D,Fixed site,given
C-01086,Yellow Fever,2025-12-30,1,YF2512D,Fixed site,given
C-01087,BCG,2025-10-25,1,BC2510D,Fixed site,given
C-01087,OPV-0,2025-10-25,0,OP2510D,Fixed site,given
C-01087,Penta-1,2025-12-03,1,PT2512A,Fixed site,given
C-01087,OPV-1,2025-12-03,1,OP2512A,Fixed site,given
C-01087,PCV-1,2025-12-03,1,PC2512A,Fixed site,given
C-01087,Rota-1,2025-12-03,1,RT2512A,Fixed site,given
C-01087,Penta-2,2025-12-31,2,PT2512D,Outreach,given
C-01087,OPV-2,2025-12-31,2,OP2512D,Outreach,given
C-01087,PCV-2,2025-12-31,2,PC2512D,Outreach,given
C-01087,Rota-2,2025-12-31,2,RT2512D,Outreach,given
C-01087,Penta-3,2026-01-28,3,PT2601D,Outreach,given
C-01087,OPV-3,2026-01-28,3,OP2601D,Outreach,given
C-01087,PCV-3,2026-01-28,3,PC2601D,Outreach,given
C-01088,BCG,2025-12-12,1,BC2512B,Outreach,given
C-01088,OPV-0,2025-12-12,0,OP2512B,Outreach,given
C-01088,Penta-1,2026-01-21,1,PT2601C,Fixed site,given
C-01088,OPV-1,2026-01-21,1,OP2601C,Fixed site,given
C-01088,PCV-1,2026-01-21,1,PC2601C,Fixed site,given
C-01088,Measles-1,2026-09-24,1,MR2609C,Fixed site,given
C-01089,Penta-1,2026-05-16,1,PT2605B,Fixed site,given
C-01089,BCG,2026-05-25,1,BC2605D,Fixed site,given
C-01089,Penta-2,2026-06-13,2,PT2606B,Fixed site,given
C-01089,OPV-2,2026-06-13,2,OP2606B,Fixed site,given
C-01089,PCV-2,2026-06-13,2,PC2606B,Fixed site,given
C-01089,Rota-2,2026-06-13,2,RT2606B,Fixed site,given
C-01089,OPV-1,2026-09-24,1,OP2609C,Fixed site,given
C-01089,PCV-1,2026-09-24,1,PC2609C,Fixed site,given
C-01089,Rota-1,2026-09-24,1,RT2609C,Fixed site,given
C-01090,Penta-1,2025-12-29,1,PT2512D,Fixed site,given
C-01090,OPV-1,2025-12-29,1,OP2512D,Fixed site,given
C-01090,PCV-1,2025-12-29,1,PC2512D,Fixed site,given
C-01090,Rota-1,2025-12-29,1,RT2512D,Fixed site,given
C-01090,OPV-3,2026-03-24,3,OP2603C,Fixed site,given
C-01090,BCG,2026-05-08,1,BC2605A,Fixed site,given
C-01091,BCG,2026-03-27,1,BC2603D,Fixed site,given
C-01091,OPV-0,2026-03-27,0,OP2603D,Fixed site,given
C-01091,Penta-1,2026-05-16,1,PT2605B,Fixed site,given
C-01091,OPV-1,2026-05-16,1,OP2605B,Fixed site,given
C-01091,PCV-1,2026-05-16,1,PC2605B,Fixed site,given
C-01091,Rota-1,2026-05-16,1,RT2605B,Fixed site,given
C-01091,Penta-2,2026-06-13,2,PT2606B,Fixed site,given
C-01091,OPV-2,2026-06-13,2,OP2606B,Fixed site,given
C-01091,PCV-2,2026-06-13,2,PC2606B,Fixed site,given
C-01091,Rota-2,2026-06-13,2,RT2606B,Fixed site,given
C-01091,Penta-3,2026-07-12,3,PT2607B,Fixed site,given
C-01091,OPV-3,2026-07-12,3,OP2607B,Fixed site,given
C-01091,PCV-3,2026-07-12,3,PC2607B,Fixed site,given
C-01092,BCG,2026-05-17,1,BC2605C,Fixed site,given
C-01092,OPV-0,2026-05-17,0,OP2605C,Fixed site,given
C-01092,Penta-1,2026-07-10,1,PT2607B,Fixed site,given
C-01092,OPV-1,2026-07-10,1,OP2607B,Fixed site,given
C-01092,PCV-1,2026-07-10,1,PC2607B,Fixed site,given
C-01092,Rota-1,2026-07-10,1,RT2607B,Fixed site,given
C-01092,Penta-2,2026-08-07,2,PT2608A,Fixed site,given
C-01092,OPV-2,2026-08-07,2,OP2608A,Fixed site,given
C-01092,PCV-2,2026-08-07,2,PC2608A,Fixed site,given
C-01092,Rota-2,2026-08-07,2,RT2608A,Fixed site,given
C-01092,Penta-3,2026-09-24,3,PT2609C,Fixed site,given
C-01092,OPV-3,2026-09-24,3,OP2609C,Fixed site,given
C-01092,PCV-3,2026-09-24,3,PC2609C,Fixed site,given
C-01093,BCG,2026-03-30,1,BC2603D,Fixed site,given
C-01093,OPV-0,2026-03-30,0,OP2603D,Fixed site,given
C-01093,Penta-1,2026-05-22,1,PT2605C,Fixed site,given
C-01093,OPV-1,2026-05-22,1,OP2605C,Fixed site,given
C-01093,PCV-1,2026-05-22,1,PC2605C,Fixed site,given
C-01093,Rota-1,2026-05-22,1,RT2605C,Fixed site,given
C-01094,Penta-1,2026-06-29,1,PT2606D,Fixed site,given
C-01094,OPV-1,2026-06-29,1,OP2606D,Fixed site,given
C-01094,PCV-1,2026-06-29,1,PC2606D,Fixed site,given
C-01094,Rota-1,2026-06-29,1,RT2606D,Fixed site,given
C-01094,BCG,2026-08-26,1,BC2608D,Fixed site,given
C-01094,Penta-2,2026-09-24,2,PT2609C,Fixed site,given
C-01094,OPV-2,2026-09-24,2,OP2609C,Fixed site,given
C-01094,PCV-2,2026-09-24,2,PC2609C,Fixed site,given
C-01094,Rota-2,2026-09-24,2,RT2609C,Fixed site,given
C-01095,BCG,2025-02-03,1,BC2502A,Fixed site,given
C-01095,Penta-1,2025-02-28,1,PT2502D,Fixed site,given
C-01095,OPV-1,2025-02-28,1,OP2502D,Fixed site,given
C-01095,PCV-1,2025-02-28,1,PC2502D,Fixed site,given
C-01095,Rota-1,2025-02-28,1,RT2502D,Fixed site,given
C-01095,Penta-2,2025-04-22,2,PT2504C,Fixed site,given
C-01095,OPV-2,2025-04-22,2,OP2504C,Fixed site,given
C-01095,PCV-2,2025-04-22,2,PC2504C,Fixed site,given
C-01095,Rota-2,2025-04-22,2,RT2504C,Fixed site,given
C-01095,Penta-3,2025-07-02,3,PT2507A,Fixed site,given
C-01095,OPV-3,2025-07-02,3,OP2507A,Fixed site,given
C-01095,PCV-3,2025-07-02,3,PC2507A,Fixed site,given
C-01095,Measles-1,2026-04-19,1,MR2604C,Fixed site,given
C-01095,Yellow Fever,2026-04-19,1,YF2604C,Fixed site,given
C-01096,BCG,2025-02-02,1,BC2502A,Fixed site,given
C-01096,OPV-0,2025-02-02,0,OP2502A,Fixed site,given
C-01096,Penta-1,2025-03-26,1,PT2503D,Fixed site,given
C-01096,OPV-1,2025-03-26,1,OP2503D,Fixed site,given
C-01096,PCV-1,2025-03-26,1,PC2503D,Fixed site,given
C-01096,Rota-1,2025-03-26,1,RT2503D,Fixed site,given
C-01096,Penta-2,2025-08-22,2,PT2508C,Fixed site,given
C-01096,OPV-2,2025-08-22,2,OP2508C,Fixed site,given
C-01096,PCV-2,2025-08-22,2,PC2508C,Fixed site,given
C-01096,Rota-2,2025-08-22,2,RT2508C,Fixed site,given
C-01096,Penta-3,2025-09-19,3,PT2509C,Fixed site,given
C-01096,OPV-3,2025-09-19,3,OP2509C,Fixed site,given
C-01096,PCV-3,2025-09-19,3,PC2509C,Fixed site,given
C-01096,Measles-1,2025-11-14,1,MR2511B,Fixed site,given
C-01096,Measles-2,2026-09-24,2,MR2609C,Fixed site,given
C-01097,Penta-1,2025-10-16,1,PT2510B,Fixed site,given
C-01097,OPV-1,2025-10-16,1,OP2510B,Fixed site,given
C-01097,PCV-1,2025-10-16,1,PC2510B,Fixed site,given
C-01097,Rota-1,2025-10-16,1,RT2510B,Fixed site,given
C-01097,Penta-2,2025-11-13,2,PT2511B,Fixed site,given
C-01097,OPV-2,2025-11-13,2,OP2511B,Fixed site,given
C-01097,PCV-2,2025-11-13,2,PC2511B,Fixed site,given
C-01097,Rota-2,2025-11-13,2,RT2511B,Fixed site,given
C-01097,Penta-3,2026-01-01,3,PT2601A,Fixed site,given
C-01097,OPV-3,2026-01-01,3,OP2601A,Fixed site,given
C-01097,PCV-3,2026-01-01,3,PC2601A,Fixed site,given
C-01097,Measles-1,2026-09-24,1,MR2609C,Fixed site,given
C-01097,Yellow Fever,2026-09-24,1,YF2609C,Fixed site,given
C-01098,BCG,2024-10-04,1,BC2410A,Fixed site,given
C-01098,OPV-0,2024-10-04,0,OP2410A,Fixed site,given
C-01098,Penta-1,2025-03-25,1,PT2503D,Fixed site,given
C-01098,OPV-1,2025-03-25,1,OP2503D,Fixed site,given
C-01098,PCV-1,2025-03-25,1,PC2503D,Fixed site,given
C-01098,Rota-1,2025-03-25,1,RT2503D,Fixed site,given
C-01098,Penta-2,2025-04-22,2,PT2504C,Fixed site,given
C-01098,OPV-2,2025-04-22,2,OP2504C,Fixed site,given
C-01098,PCV-2,2025-04-22,2,PC2504C,Fixed site,given
C-01098,Rota-2,2025-04-22,2,RT2504C,Fixed site,given
C-01098,Penta-3,2025-05-20,3,PT2505C,Fixed site,given
C-01098,OPV-3,2025-05-20,3,OP2505C,Fixed site,given
C-01098,PCV-3,2025-05-20,3,PC2505C,Fixed site,given
C-01098,Measles-1,2025-08-07,1,MR2508A,Fixed site,given
C-01098,Yellow Fever,2025-08-07,1,YF2508A,Fixed site,given
C-01098,Measles-2,2026-05-05,2,MR2605A,Fixed site,given
C-01099,BCG,2024-11-20,1,BC2411C,Fixed site,given
C-01099,Penta-1,2024-12-01,1,PT2412A,Fixed site,given
C-01099,OPV-1,2024-12-01,1,OP2412A,Fixed site,given
C-01099,PCV-1,2024-12-01,1,PC2412A,Fixed site,given
C-01099,Rota-1,2024-12-01,1,RT2412A,Fixed site,given
C-01099,Penta-2,2025-01-14,2,PT2501B,Fixed site,given
C-01099,OPV-2,2025-01-14,2,OP2501B,Fixed site,given
C-01099,PCV-2,2025-01-14,2,PC2501B,Fixed site,given
C-01099,Rota-2,2025-01-14,2,RT2501B,Fixed site,given
C-01099,Penta-3,2025-02-11,3,PT2502B,Fixed site,given
C-01099,OPV-3,2025-02-11,3,OP2502B,Fixed site,given
C-01099,PCV-3,2025-02-11,3,PC2502B,Fixed site,given
C-01099,Measles-1,2025-07-21,1,MR2507C,Fixed site,given
C-01099,Yellow Fever,2025-07-21,1,YF2507C,Fixed site,given
C-01100,BCG,2025-10-05,1,BC2510A,Fixed site,given
C-01100,OPV-0,2025-10-05,0,OP2510A,Fixed site,given
C-01100,Penta-1,2025-12-31,1,PT2512D,Fixed site,given
C-01100,OPV-1,2025-12-31,1,OP2512D,Fixed site,given
C-01100,PCV-1,2025-12-31,1,PC2512D,Fixed site,given
C-01100,Rota-1,2025-12-31,1,RT2512D,Fixed site,given
C-01100,Penta-2,2026-08-06,2,PT2608A,Fixed site,given
C-01100,OPV-2,2026-08-06,2,OP2608A,Fixed site,given
C-01100,PCV-2,2026-08-06,2,PC2608A,Fixed site,given
C-01100,Rota-2,2026-08-06,2,RT2608A,Fixed site,given
C-01100,Penta-3,2026-09-03,3,PT2609A,Fixed site,given
C-01100,OPV-3,2026-09-03,3,OP2609A,Fixed site,given
C-01100,PCV-3,2026-09-03,3,PC2609A,Fixed site,given
C-01100,Measles-1,2026-09-24,1,MR2609C,Fixed site,given
C-01101,BCG,2026-01-12,1,BC2601B,Fixed site,given
C-01101,Penta-1,2026-03-29,1,PT2603D,Outreach,given
C-01101,OPV-1,2026-03-29,1,OP2603D,Outreach,given
C-01101,PCV-1,2026-03-29,1,PC2603D,Outreach,given
C-01101,Rota-1,2026-03-29,1,RT2603D,Outreach,given
C-01101,Penta-2,2026-04-26,2,PT2604D,Fixed site,given
C-01101,OPV-2,2026-04-26,2,OP2604D,Fixed site,given
C-01101,PCV-2,2026-04-26,2,PC2604D,Fixed site,given
C-01101,Rota-2,2026-04-26,2,RT2604D,Fixed site,given
C-01101,Penta-3,2026-07-07,3,PT2607A,Fixed site,given
C-01101,OPV-3,2026-07-07,3,OP2607A,Fixed site,given
C-01101,Measles-1,2026-09-06,1,MR2609A,Fixed site,given
C-01102,BCG,2026-04-19,1,BC2604C,Fixed site,given
C-01102,OPV-0,2026-04-19,0,OP2604C,Fixed site,given
C-01102,Penta-1,2026-07-28,1,PT2607D,Fixed site,given
C-01102,OPV-1,2026-07-28,1,OP2607D,Fixed site,given
C-01102,PCV-1,2026-07-28,1,PC2607D,Fixed site,given
C-01102,Rota-1,2026-07-28,1,RT2607D,Fixed site,given
C-01103,BCG,2025-01-05,1,BC2501A,Fixed site,given
C-01103,OPV-0,2025-01-05,0,OP2501A,Fixed site,given
C-01103,Penta-1,2025-07-03,1,PT2507A,Fixed site,given
C-01103,OPV-1,2025-07-03,1,OP2507A,Fixed site,given
C-01103,PCV-1,2025-07-03,1,PC2507A,Fixed site,given
C-01103,Rota-1,2025-07-03,1,RT2507A,Fixed site,given
C-01103,Penta-2,2025-07-31,2,PT2507D,Fixed site,given
C-01103,OPV-2,2025-07-31,2,OP2507D,Fixed site,given
C-01103,PCV-2,2025-07-31,2,PC2507D,Fixed site,given
C-01103,Rota-2,2025-07-31,2,RT2507D,Fixed site,given
C-01103,Penta-3,2025-09-24,3,PT2509C,Fixed site,given
C-01103,OPV-3,2025-09-24,3,OP2509C,Fixed site,given
C-01103,PCV-3,2025-09-24,3,PC2509C,Fixed site,given
C-01103,Measles-1,2026-05-21,1,MR2605C,Fixed site,given
C-01103,Yellow Fever,2026-05-21,1,YF2605C,Fixed site,given
C-01104,BCG,2026-06-22,1,BC2606C,Fixed site,given
C-01104,OPV-0,2026-06-22,0,OP2606C,Fixed site,given
C-01104,Penta-1,2026-09-24,1,PT2609C,Fixed site,given
C-01104,OPV-1,2026-09-24,1,OP2609C,Fixed site,given
C-01104,PCV-1,2026-09-24,1,PC2609C,Fixed site,given
C-01104,Rota-1,2026-09-24,1,RT2609C,Fixed site,given
C-01105,Penta-1,2026-02-12,1,PT2602B,Fixed site,given
C-01105,OPV-1,2026-02-12,1,OP2602B,Fixed site,given
C-01105,PCV-1,2026-02-12,1,PC2602B,Fixed site,given
C-01105,Rota-1,2026-02-12,1,RT2602B,Fixed site,given
C-01105,Penta-2,2026-03-12,2,PT2603B,Fixed site,given
C-01105,OPV-2,2026-03-12,2,OP2603B,Fixed site,given
C-01105,PCV-2,2026-03-12,2,PC2603B,Fixed site,given
C-01105,Rota-2,2026-03-12,2,RT2603B,Fixed site,given
C-01105,Penta-3,2026-04-09,3,PT2604B,Fixed site,given
C-01105,PCV-3,2026-04-09,3,PC2604B,Fixed site,given
C-01105,Measles-1,2026-08-12,1,MR2608B,Fixed site,given
C-01105,Yellow Fever,2026-08-12,1,YF2608B,Fixed site,given
C-01106,BCG,2025-01-30,1,BC2501D,Fixed site,given
C-01106,OPV-0,2025-01-30,0,OP2501D,Fixed site,given
C-01106,OPV-3,2025-05-25,3,OP2505D,Fixed site,given
C-01106,Penta-1,2025-06-06,1,PT2506A,Fixed site,given
C-01106,OPV-1,2025-06-06,1,OP2506A,Fixed site,given
C-01106,PCV-1,2025-06-06,1,PC2506A,Fixed site,given
C-01106,Rota-1,2025-06-06,1,RT2506A,Fixed site,given
C-01106,Penta-2,2025-08-19,2,PT2508C,Fixed site,given
C-01106,OPV-2,2025-08-19,2,OP2508C,Fixed site,given
C-01106,PCV-2,2025-08-19,2,PC2508C,Fixed site,given
C-01106,Rota-2,2025-08-19,2,RT2508C,Fixed site,given
C-01107,BCG,2026-08-11,1,BC2608B,Fixed site,given
C-01107,OPV-0,2026-08-11,0,OP2608B,Fixed site,given
C-01108,BCG,2026-09-24,1,BC2609C,Fixed site,given
C-01108,OPV-0,2026-09-24,0,OP2609C,Fixed site,given
C-01109,BCG,2024-08-01,1,BC2408A,Fixed site,given
C-01109,Penta-1,2024-10-13,1,PT2410B,Fixed site,given
C-01109,OPV-1,2024-10-13,1,OP2410B,Fixed site,given
C-01109,PCV-1,2024-10-13,1,PC2410B,Fixed site,given
C-01109,Rota-1,2024-10-13,1,RT2410B,Fixed site,given
C-01109,Penta-2,2024-11-10,2,PT2411B,Fixed site,given
C-01109,OPV-2,2024-11-10,2,OP2411B,Fixed site,given
C-01109,Rota-2,2024-11-10,2,RT2411B,Fixed site,given
C-01110,BCG,2025-11-02,1,BC2511A,Fixed site,given
C-01110,Penta-1,2026-02-22,1,PT2602C,Fixed site,given
C-01110,OPV-1,2026-02-22,1,OP2602C,Fixed site,given
C-01110,PCV-1,2026-02-22,1,PC2602C,Fixed site,given
C-01110,Rota-1,2026-02-22,1,RT2602C,Fixed site,given
C-01110,Penta-2,2026-03-22,2,PT2603C,Fixed site,given
C-01110,PCV-2,2026-03-22,2,PC2603C,Fixed site,given
C-01110,Rota-2,2026-03-22,2,RT2603C,Fixed site,given
C-01111,BCG,2026-04-30,1,BC2604D,Fixed site,given
C-01111,OPV-0,2026-04-30,0,OP2604D,Fixed site,given
C-01111,Penta-1,2026-06-12,1,PT2606B,Fixed site,given
C-01111,OPV-1,2026-06-12,1,OP2606B,Fixed site,given
C-01111,PCV-1,2026-06-12,1,PC2606B,Fixed site,given
C-01111,Rota-1,2026-06-12,1,RT2606B,Fixed site,given
C-01111,Penta-2,2026-07-10,2,PT2607B,Fixed site,given
C-01111,OPV-2,2026-07-10,2,OP2607B,Fixed site,given
C-01111,PCV-2,2026-07-10,2,PC2607B,Fixed site,given
C-01111,Rota-2,2026-07-10,2,RT2607B,Fixed site,given
C-01111,Penta-3,2026-09-24,3,PT2609C,Fixed site,given
C-01111,OPV-3,2026-09-24,3,OP2609C,Fixed site,given
C-01111,PCV-3,2026-09-24,3,PC2609C,Fixed site,given
C-01112,BCG,2025-11-24,1,BC2511C,Fixed site,given
C-01112,Penta-1,2025-12-17,1,PT2512C,Fixed site,given
C-01112,OPV-1,2025-12-17,1,OP2512C,Fixed site,given
C-01112,Rota-1,2025-12-17,1,RT2512C,Fixed site,given
C-01112,Penta-2,2026-01-14,2,PT2601B,Fixed site,given
C-01112,OPV-2,2026-01-14,2,OP2601B,Fixed site,given
C-01112,PCV-2,2026-01-14,2,PC2601B,Fixed site,given
C-01112,Rota-2,2026-01-14,2,RT2601B,Fixed site,given
C-01112,Penta-3,2026-02-11,3,PT2602B,Fixed site,given
C-01112,OPV-3,2026-02-11,3,OP2602B,Fixed site,given
C-01112,PCV-3,2026-02-11,3,PC2602B,Fixed site,given
C-01112,Measles-1,2026-08-12,1,MR2608B,Fixed site,given
C-01112,Yellow Fever,2026-08-12,1,YF2608B,Fixed site,given
C-01113,BCG,2025-03-25,1,BC2503D,Fixed site,given
C-01113,OPV-0,2025-03-25,0,OP2503D,Fixed site,given
C-01113,Penta-1,2025-12-11,1,PT2512B,Fixed site,given
C-01113,OPV-1,2025-12-11,1,OP2512B,Fixed site,given
C-01113,PCV-1,2025-12-11,1,PC2512B,Fixed site,given
C-01113,Rota-1,2025-12-11,1,RT2512B,Fixed site,given
C-01113,Penta-2,2026-01-08,2,PT2601A,Fixed site,given
C-01113,OPV-2,2026-01-08,2,OP2601A,Fixed site,given
C-01113,PCV-2,2026-01-08,2,PC2601A,Fixed site,given
C-01113,Rota-2,2026-01-08,2,RT2601A,Fixed site,given
C-01113,Penta-3,2026-02-21,3,PT2602C,Fixed site,given
C-01113,OPV-3,2026-02-21,3,OP2602C,Fixed site,given
C-01113,PCV-3,2026-02-21,3,PC2602C,Fixed site,given
C-01113,Measles-1,2026-08-15,1,MR2608B,Outreach,given
C-01114,BCG,2025-10-20,1,BC2510C,Fixed site,given
C-01114,OPV-0,2025-10-20,0,OP2510C,Fixed site,given
C-01114,Penta-1,2025-12-12,1,PT2512B,Outreach,given
C-01114,OPV-1,2025-12-12,1,OP2512B,Outreach,given
C-01114,PCV-1,2025-12-12,1,PC2512B,Outreach,given
C-01114,Rota-1,2025-12-12,1,RT2512B,Outreach,given
C-01114,Penta-2,2026-01-09,2,PT2601B,Fixed site,given
C-01114,OPV-2,2026-01-09,2,OP2601B,Fixed site,given
C-01114,PCV-2,2026-01-09,2,PC2601B,Fixed site,given
C-01114,Penta-3,2026-07-19,3,PT2607C,Fixed site,given
C-01114,OPV-3,2026-07-19,3,OP2607C,Fixed site,given
C-01114,PCV-3,2026-07-19,3,PC2607C,Fixed site,given
C-01114,Measles-1,2026-09-24,1,MR2609C,Outreach,given
C-01114,Yellow Fever,2026-09-24,1,YF2609C,Outreach,given
C-01115,BCG,2024-10-20,1,BC2410C,Fixed site,given
C-01115,Penta-1,2024-12-10,1,PT2412B,Fixed site,given
C-01115,OPV-1,2024-12-10,1,OP2412B,Fixed site,given
C-01115,PCV-1,2024-12-10,1,PC2412B,Fixed site,given
C-01115,Rota-1,2024-12-10,1,RT2412B,Fixed site,given
C-01116,BCG,2025-12-29,1,BC2512D,Fixed site,given
C-01116,OPV-0,2025-12-29,0,OP2512D,Fixed site,given
C-01116,Penta-1,2026-05-09,1,PT2605B,Outreach,given
C-01116,OPV-1,2026-05-09,1,OP2605B,Outreach,given
C-01116,PCV-1,2026-05-09,1,PC2605B,Outreach,given
C-01116,Rota-1,2026-05-09,1,RT2605B,Outreach,given
C-01116,Penta-2,2026-06-06,2,PT2606A,Fixed site,given
C-01116,OPV-2,2026-06-06,2,OP2606A,Fixed site,given
C-01116,PCV-2,2026-06-06,2,PC2606A,Fixed site,given
C-01116,Rota-2,2026-06-06,2,RT2606A,Fixed site,given
C-01116,Penta-3,2026-08-05,3,PT2608A,Fixed site,given
C-01116,OPV-3,2026-08-05,3,OP2608A,Fixed site,given
C-01116,PCV-3,2026-08-05,3,PC2608A,Fixed site,given
C-01116,Measles-1,2026-09-24,1,MR2609C,Fixed site,given
C-01116,Yellow Fever,2026-09-24,1,YF2609C,Fixed site,given
C-01117,BCG,2026-02-25,1,BC2602D,Fixed site,given
C-01117,OPV-0,2026-02-25,0,OP2602D,Fixed site,given
C-01117,Penta-1,2026-04-03,1,PT2604A,Fixed site,given
C-01117,OPV-1,2026-04-03,1,OP2604A,Fixed site,given
C-01117,PCV-1,2026-04-03,1,PC2604A,Fixed site,given
C-01117,Rota-1,2026-04-03,1,RT2604A,Fixed site,given
C-01117,Penta-2,2026-06-25,2,PT2606D,Fixed site,given
C-01117,OPV-2,2026-06-25,2,OP2606D,Fixed site,given
C-01117,Rota-2,2026-06-25,2,RT2606D,Fixed site,given
C-01117,Penta-3,2026-08-22,3,PT2608C,Fixed site,given
C-01117,OPV-3,2026-08-22,3,OP2608C,Fixed site,given
C-01117,PCV-3,2026-08-22,3,PC2608C,Fixed site,given
C-01118,BCG,2025-02-06,1,BC2502A,Fixed site,given
C-01118,Penta-1,2025-04-04,1,PT2504A,Fixed site,given
C-01118,OPV-1,2025-04-04,1,OP2504A,Fixed site,given
C-01118,PCV-1,2025-04-04,1,PC2504A,Fixed site,given
C-01118,Rota-1,2025-04-04,1,RT2504A,Fixed site,given
C-01118,Measles-1,2025-10-31,1,MR2510D,Fixed site,given
C-01118,Yellow Fever,2025-10-31,1,YF2510D,Fixed site,given
C-01118,Penta-2,2025-11-28,2,PT2511D,Fixed site,given
C-01118,OPV-2,2025-11-28,2,OP2511D,Fixed site,given
C-01118,PCV-2,2025-11-28,2,PC2511D,Fixed site,given
C-01118,Penta-3,2025-12-26,3,PT2512D,Fixed site,given
C-01118,OPV-3,2025-12-26,3,OP2512D,Fixed site,given
C-01118,PCV-3,2025-12-26,3,PC2512D,Fixed site,given
C-01119,BCG,2025-09-22,1,BC2509C,Fixed site,given
C-01119,Penta-1,2025-12-08,1,PT2512A,Fixed site,given
C-01119,OPV-1,2025-12-08,1,OP2512A,Fixed site,given
C-01119,PCV-1,2025-12-08,1,PC2512A,Fixed site,given
C-01119,Rota-1,2025-12-08,1,RT2512A,Fixed site,given
C-01119,Penta-2,2026-01-11,2,PT2601B,Fixed site,given
C-01119,OPV-2,2026-01-11,2,OP2601B,Fixed site,given
C-01119,PCV-2,2026-01-11,2,PC2601B,Fixed site,given
C-01119,Rota-2,2026-01-11,2,RT2601B,Fixed site,given
C-01120,BCG,2025-11-19,1,BC2511C,Fixed site,given
C-01120,Penta-1,2025-12-23,1,PT2512C,Outreach,given
C-01120,OPV-1,2025-12-23,1,OP2512C,Outreach,given
C-01120,PCV-1,2025-12-23,1,PC2512C,Outreach,given
C-01120,Rota-1,2025-12-23,1,RT2512C,Outreach,given
C-01120,Penta-2,2026-01-21,2,PT2601C,Fixed site,given
C-01120,OPV-2,2026-01-21,2,OP2601C,Fixed site,given
C-01120,PCV-2,2026-01-21,2,PC2601C,Fixed site,given
C-01120,Rota-2,2026-01-21,2,RT2601C,Fixed site,given
C-01120,Measles-1,2026-08-13,1,MR2608B,Fixed site,given
C-01120,Penta-3,2026-09-24,3,PT2609C,Outreach,given
C-01120,OPV-3,2026-09-24,3,OP2609C,Outreach,given
C-01120,PCV-3,2026-09-24,3,PC2609C,Outreach,given
C-01121,BCG,2026-07-14,1,BC2607B,Fixed site,given
C-01121,Penta-1,2026-07-22,1,PT2607C,Fixed site,given
C-01121,Penta-2,2026-08-19,2,PT2608C,Fixed site,given
C-01121,OPV-2,2026-08-19,2,OP2608C,Fixed site,given
C-01121,PCV-2,2026-08-19,2,PC2608C,Fixed site,given
C-01121,Rota-2,2026-08-19,2,RT2608C,Fixed site,given
C-01121,OPV-1,2026-09-13,1,OP2609B,Fixed site,given
C-01121,PCV-1,2026-09-13,1,PC2609B,Fixed site,given
C-01121,Rota-1,2026-09-13,1,RT2609B,Fixed site,given
C-01121,Penta-3,2026-09-24,3,PT2609C,Fixed site,given
C-01121,OPV-3,2026-09-24,3,OP2609C,Fixed site,given
C-01121,PCV-3,2026-09-24,3,PC2609C,Fixed site,given
C-01122,BCG,2024-12-17,1,BC2412C,Fixed site,given
C-01122,OPV-0,2024-12-17,0,OP2412C,Fixed site,given
C-01122,Penta-1,2025-01-25,1,PT2501D,Fixed site,given
C-01122,OPV-1,2025-01-25,1,OP2501D,Fixed site,given
C-01122,PCV-1,2025-01-25,1,PC2501D,Fixed site,given
C-01122,Rota-1,2025-01-25,1,RT2501D,Fixed site,given
C-01122,Penta-2,2025-05-24,2,PT2505C,Fixed site,given
C-01122,OPV-2,2025-05-24,2,OP2505C,Fixed site,given
C-01122,PCV-2,2025-05-24,2,PC2505C,Fixed site,given
C-01122,Rota-2,2025-05-24,2,RT2505C,Fixed site,given
C-01122,Penta-3,2025-07-03,3,PT2507A,Fixed site,given
C-01122,PCV-3,2025-07-03,3,PC2507A,Fixed site,given
C-01122,Measles-1,2025-09-17,1,MR2509C,Fixed site,given
C-01122,Yellow Fever,2025-09-17,1,YF2509C,Fixed site,given
C-01123,BCG,2025-12-22,1,BC2512C,Fixed site,given
C-01123,Penta-1,2026-04-16,1,PT2604B,Fixed site,given
C-01123,OPV-1,2026-04-16,1,OP2604B,Fixed site,given
C-01123,PCV-1,2026-04-16,1,PC2604B,Fixed site,given
C-01123,Rota-1,2026-04-16,1,RT2604B,Fixed site,given
C-01123,Penta-2,2026-05-14,2,PT2605B,Fixed site,given
C-01123,OPV-2,2026-05-14,2,OP2605B,Fixed site,given
C-01123,PCV-2,2026-05-14,2,PC2605B,Fixed site,given
C-01123,Rota-2,2026-05-14,2,RT2605B,Fixed site,given
C-01123,Penta-3,2026-08-19,3,PT2608C,Fixed site,given
C-01123,OPV-3,2026-08-19,3,OP2608C,Fixed site,given
C-01123,PCV-3,2026-08-19,3,PC2608C,Fixed site,given
C-01123,Measles-1,2026-09-03,1,MR2609A,Fixed site,given
C-01123,Yellow Fever,2026-09-03,1,YF2609A,Fixed site,given
C-01124,Penta-1,2026-02-06,1,PT2602A,Fixed site,given
C-01124,OPV-1,2026-02-06,1,OP2602A,Fixed site,given
C-01124,PCV-1,2026-02-06,1,PC2602A,Fixed site,given
C-01124,Rota-1,2026-02-06,1,RT2602A,Fixed site,given
C-01124,Penta-2,2026-03-06,2,PT2603A,Fixed site,given
C-01124,OPV-2,2026-03-06,2,OP2603A,Fixed site,given
C-01124,PCV-2,2026-03-06,2,PC2603A,Fixed site,given
C-01124,Rota-2,2026-03-06,2,RT2603A,Fixed site,given
C-01124,Penta-3,2026-04-03,3,PT2604A,Fixed site,given
C-01124,PCV-3,2026-04-03,3,PC2604A,Fixed site,given
C-01124,Measles-1,2026-07-17,1,MR2607C,Fixed site,given
C-01125,BCG,2026-05-16,1,BC2605B,Fixed site,given
C-01125,Penta-1,2026-07-06,1,PT2607A,Fixed site,given
C-01125,OPV-1,2026-07-06,1,OP2607A,Fixed site,given
C-01125,PCV-1,2026-07-06,1,PC2607A,Fixed site,given
C-01125,Rota-1,2026-07-06,1,RT2607A,Fixed site,given
C-01125,Penta-2,2026-08-05,2,PT2608A,Fixed site,given
C-01125,OPV-2,2026-08-05,2,OP2608A,Fixed site,given
C-01125,PCV-2,2026-08-05,2,PC2608A,Fixed site,given
C-01125,Rota-2,2026-08-05,2,RT2608A,Fixed site,given
C-01125,Penta-3,2026-09-02,3,PT2609A,Fixed site,given
C-01125,OPV-3,2026-09-02,3,OP2609A,Fixed site,given
C-01125,PCV-3,2026-09-02,3,PC2609A,Fixed site,given
C-01126,BCG,2026-04-11,1,BC2604B,Fixed site,given
C-01126,OPV-0,2026-04-11,0,OP2604B,Fixed site,given
C-01126,Penta-1,2026-05-15,1,PT2605B,Fixed site,given
C-01126,Penta-2,2026-06-12,2,PT2606B,Fixed site,given
C-01126,PCV-2,2026-06-12,2,PC2606B,Fixed site,given
C-01126,OPV-1,2026-09-14,1,OP2609B,Fixed site,given
C-01126,PCV-1,2026-09-14,1,PC2609B,Fixed site,given
C-01126,Rota-1,2026-09-14,1,RT2609B,Fixed site,given
C-01127,Penta-1,2025-08-28,1,PT2508D,Fixed site,given
C-01127,OPV-1,2025-08-28,1,OP2508D,Fixed site,given
C-01127,PCV-1,2025-08-28,1,PC2508D,Fixed site,given
C-01127,Rota-1,2025-08-28,1,RT2508D,Fixed site,given
C-01127,Penta-2,2025-09-25,2,PT2509D,Fixed site,given
C-01127,OPV-2,2025-09-25,2,OP2509D,Fixed site,given
C-01127,PCV-2,2025-09-25,2,PC2509D,Fixed site,given
C-01127,Rota-2,2025-09-25,2,RT2509D,Fixed site,given
C-01127,Penta-3,2025-12-17,3,PT2512C,Fixed site,given
C-01127,PCV-3,2025-12-17,3,PC2512C,Fixed site,given
C-01127,Measles-1,2026-07-06,1,MR2607A,Fixed site,given
C-01128,BCG,2026-03-24,1,BC2603C,Fixed site,given
C-01128,OPV-0,2026-03-24,0,OP2603C,Fixed site,given
C-01128,Penta-1,2026-06-05,1,PT2606A,Fixed site,given
C-01128,OPV-1,2026-06-05,1,OP2606A,Fixed site,given
C-01128,PCV-1,2026-06-05,1,PC2606A,Fixed site,given
C-01128,Rota-1,2026-06-05,1,RT2606A,Fixed site,given
C-01128,Penta-2,2026-07-03,2,PT2607A,Fixed site,given
C-01128,OPV-2,2026-07-03,2,OP2607A,Fixed site,given
C-01128,Rota-2,2026-07-03,2,RT2607A,Fixed site,given
C-01128,Penta-3,2026-09-24,3,PT2609C,Outreach,given
C-01128,OPV-3,2026-09-24,3,OP2609C,Outreach,given
C-01128,PCV-3,2026-09-24,3,PC2609C,Outreach,given
C-01129,BCG,2024-12-03,1,BC2412A,Fixed site,given
C-01129,OPV-0,2024-12-03,0,OP2412A,Fixed site,given
C-01129,Penta-1,2025-02-21,1,PT2502C,Fixed site,given
C-01129,OPV-1,2025-02-21,1,OP2502C,Fixed site,given
C-01129,PCV-1,2025-02-21,1,PC2502C,Fixed site,given
C-01129,Rota-1,2025-02-21,1,RT2502C,Fixed site,given
C-01129,Penta-2,2025-03-29,2,PT2503D,Fixed site,given
C-01129,OPV-2,2025-03-29,2,OP2503D,Fixed site,given
C-01129,PCV-2,2025-03-29,2,PC2503D,Fixed site,given
C-01129,Rota-2,2025-03-29,2,RT2503D,Fixed site,given
C-01129,Penta-3,2025-04-26,3,PT2504D,Fixed site,given
C-01129,PCV-3,2025-04-26,3,PC2504D,Fixed site,given
C-01130,BCG,2025-04-07,1,BC2504A,Fixed site,given
C-01130,Penta-1,2025-05-21,1,PT2505C,Fixed site,given
C-01130,OPV-1,2025-05-21,1,OP2505C,Fixed site,given
C-01130,PCV-1,2025-05-21,1,PC2505C,Fixed site,given
C-01130,Penta-2,2025-06-27,2,PT2506D,Fixed site,given
C-01130,OPV-2,2025-06-27,2,OP2506D,Fixed site,given
C-01130,PCV-2,2025-06-27,2,PC2506D,Fixed site,given
C-01130,Rota-2,2025-06-27,2,RT2506D,Fixed site,given
C-01130,Penta-3,2025-07-25,3,PT2507D,Fixed site,given
C-01130,OPV-3,2025-07-25,3,OP2507D,Fixed site,given
C-01130,PCV-3,2025-07-25,3,PC2507D,Fixed site,given
C-01130,Measles-1,2025-12-10,1,MR2512B,Fixed site,given
C-01130,Yellow Fever,2025-12-10,1,YF2512B,Fixed site,given
C-01131,BCG,2025-10-11,1,BC2510B,Fixed site,given
C-01131,Penta-1,2025-11-04,1,PT2511A,Fixed site,given
C-01131,OPV-1,2025-11-04,1,OP2511A,Fixed site,given
C-01131,PCV-1,2025-11-04,1,PC2511A,Fixed site,given
C-01131,Rota-1,2025-11-04,1,RT2511A,Fixed site,given
C-01131,Penta-2,2026-05-18,2,PT2605C,Fixed site,given
C-01131,PCV-2,2026-05-18,2,PC2605C,Fixed site,given
C-01131,Rota-2,2026-05-18,2,RT2605C,Fixed site,given
C-01131,Penta-3,2026-06-15,3,PT2606B,Fixed site,given
C-01131,OPV-3,2026-06-15,3,OP2606B,Fixed site,given
C-01131,PCV-3,2026-06-15,3,PC2606B,Fixed site,given
C-01131,Measles-1,2026-07-08,1,MR2607A,Fixed site,given
C-01131,Yellow Fever,2026-07-08,1,YF2607A,Fixed site,given
C-01132,Measles-1,2025-11-08,1,MR2511A,Fixed site,given
C-01132,Yellow Fever,2025-11-08,1,YF2511A,Fixed site,given
C-01133,BCG,2026-04-25,1,BC2604D,Fixed site,given
C-01133,OPV-0,2026-04-25,0,OP2604D,Fixed site,given
C-01133,Penta-1,2026-06-12,1,PT2606B,Fixed site,given
C-01133,OPV-1,2026-06-12,1,OP2606B,Fixed site,given
C-01133,PCV-1,2026-06-12,1,PC2606B,Fixed site,given
C-01133,Rota-1,2026-06-12,1,RT2606B,Fixed site,given
C-01133,Penta-2,2026-07-10,2,PT2607B,Fixed site,given
C-01133,OPV-2,2026-07-10,2,OP2607B,Fixed site,given
C-01133,PCV-2,2026-07-10,2,PC2607B,Fixed site,given
C-01133,Rota-2,2026-07-10,2,RT2607B,Fixed site,given
C-01133,Penta-3,2026-09-24,3,PT2609C,Fixed site,given
C-01133,OPV-3,2026-09-24,3,OP2609C,Fixed site,given
C-01133,PCV-3,2026-09-24,3,PC2609C,Fixed site,given
C-01134,BCG,2024-05-02,1,BC2405A,Fixed site,given
C-01134,Penta-1,2024-07-03,1,PT2407A,Fixed site,given
C-01134,OPV-1,2024-07-03,1,OP2407A,Fixed site,given
C-01134,PCV-1,2024-07-03,1,PC2407A,Fixed site,given
C-01134,Rota-1,2024-07-03,1,RT2407A,Fixed site,given
C-01134,Penta-2,2024-07-31,2,PT2407D,Fixed site,given
C-01134,OPV-2,2024-07-31,2,OP2407D,Fixed site,given
C-01134,Rota-2,2024-07-31,2,RT2407D,Fixed site,given
C-01134,OPV-3,2024-09-04,3,OP2409A,Fixed site,given
C-01134,Measles-1,2025-02-11,1,MR2502B,Fixed site,given
C-01134,Yellow Fever,2025-02-11,1,YF2502B,Fixed site,given
C-01135,BCG,2025-10-21,1,BC2510C,Fixed site,given
C-01135,Penta-1,2025-11-19,1,PT2511C,Fixed site,given
C-01135,OPV-1,2025-11-19,1,OP2511C,Fixed site,given
C-01135,PCV-1,2025-11-19,1,PC2511C,Fixed site,given
C-01135,Rota-1,2025-11-19,1,RT2511C,Fixed site,given
C-01135,Penta-2,2025-12-19,2,PT2512C,Fixed site,given
C-01135,OPV-2,2025-12-19,2,OP2512C,Fixed site,given
C-01135,PCV-2,2025-12-19,2,PC2512C,Fixed site,given
C-01135,Rota-2,2025-12-19,2,RT2512C,Fixed site,given
C-01135,Measles-1,2026-06-23,1,MR2606C,Fixed site,given
C-01135,Yellow Fever,2026-06-23,1,YF2606C,Fixed site,given
C-01135,Penta-3,2026-08-24,3,PT2608C,Fixed site,given
C-01135,OPV-3,2026-08-24,3,OP2608C,Fixed site,given
C-01135,PCV-3,2026-08-24,3,PC2608C,Fixed site,given
C-01136,BCG,2025-04-26,1,BC2504D,Fixed site,given
C-01136,OPV-0,2025-04-26,0,OP2504D,Fixed site,given
C-01136,Penta-1,2025-08-19,1,PT2508C,Fixed site,given
C-01136,OPV-1,2025-08-19,1,OP2508C,Fixed site,given
C-01136,PCV-1,2025-08-19,1,PC2508C,Fixed site,given
C-01136,Rota-1,2025-08-19,1,RT2508C,Fixed site,given
C-01136,Penta-2,2025-09-16,2,PT2509B,Fixed site,given
C-01136,OPV-2,2025-09-16,2,OP2509B,Fixed site,given
C-01136,PCV-2,2025-09-16,2,PC2509B,Fixed site,given
C-01136,Rota-2,2025-09-16,2,RT2509B,Fixed site,given
C-01136,Penta-3,2025-10-14,3,PT2510B,Fixed site,given
C-01136,OPV-3,2025-10-14,3,OP2510B,Fixed site,given
C-01136,PCV-3,2025-10-14,3,PC2510B,Fixed site,given
C-01136,Measles-1,2026-09-13,1,MR2609B,Fixed site,given
C-01136,Yellow Fever,2026-09-13,1,YF2609B,Fixed site,given
C-01137,BCG,2025-03-09,1,BC2503B,Fixed site,given
C-01137,OPV-0,2025-03-09,0,OP2503B,Fixed site,given
C-01137,Penta-1,2025-09-02,1,PT2509A,Fixed site,given
C-01137,OPV-1,2025-09-02,1,OP2509A,Fixed site,given
C-01137,PCV-1,2025-09-02,1,PC2509A,Fixed site,given
C-01137,Rota-1,2025-09-02,1,RT2509A,Fixed site,given
C-01137,Penta-2,2025-09-30,2,PT2509D,Fixed site,given
C-01137,PCV-2,2025-09-30,2,PC2509D,Fixed site,given
C-01137,Rota-2,2025-09-30,2,RT2509D,Fixed site,given
C-01137,Penta-3,2025-10-28,3,PT2510D,Fixed site,given
C-01137,OPV-3,2025-10-28,3,OP2510D,Fixed site,given
C-01137,PCV-3,2025-10-28,3,PC2510D,Fixed site,given
C-01137,Measles-1,2025-12-07,1,MR2512A,Fixed site,given
C-01137,Yellow Fever,2025-12-07,1,YF2512A,Fixed site,given
C-01138,BCG,2026-01-12,1,BC2601B,Fixed site,given
C-01138,OPV-0,2026-01-12,0,OP2601B,Fixed site,given
C-01138,Penta-1,2026-03-31,1,PT2603D,Fixed site,given
C-01138,OPV-1,2026-03-31,1,OP2603D,Fixed site,given
C-01138,PCV-1,2026-03-31,1,PC2603D,Fixed site,given
C-01138,Rota-1,2026-03-31,1,RT2603D,Fixed site,given
C-01139,BCG,2025-10-07,1,BC2510A,Fixed site,given
C-01139,OPV-0,2025-10-07,0,OP2510A,Fixed site,given
C-01139,Penta-1,2025-12-19,1,PT2512C,Fixed site,given
C-01139,OPV-1,2025-12-19,1,OP2512C,Fixed site,given
C-01139,Rota-1,2025-12-19,1,RT2512C,Fixed site,given
C-01139,Penta-2,2026-02-06,2,PT2602A,Fixed site,given
C-01139,OPV-2,2026-02-06,2,OP2602A,Fixed site,given
C-01139,PCV-2,2026-02-06,2,PC2602A,Fixed site,given
C-01139,Rota-2,2026-02-06,2,RT2602A,Fixed site,given
C-01139,Penta-3,2026-05-06,3,PT2605A,Fixed site,given
C-01139,OPV-3,2026-05-06,3,OP2605A,Fixed site,given
C-01139,PCV-3,2026-05-06,3,PC2605A,Fixed site,given
C-01140,BCG,2025-04-28,1,BC2504D,Fixed site,given
C-01140,Penta-1,2025-07-24,1,PT2507C,Fixed site,given
C-01140,OPV-1,2025-07-24,1,OP2507C,Fixed site,given
C-01140,PCV-1,2025-07-24,1,PC2507C,Fixed site,given
C-01140,Rota-1,2025-07-24,1,RT2507C,Fixed site,given
C-01140,Penta-2,2025-08-21,2,PT2508C,Fixed site,given
C-01140,OPV-2,2025-08-21,2,OP2508C,Fixed site,given
C-01140,PCV-2,2025-08-21,2,PC2508C,Fixed site,given
C-01140,Rota-2,2025-08-21,2,RT2508C,Fixed site,given
C-01140,Penta-3,2025-09-18,3,PT2509C,Fixed site,given
C-01140,OPV-3,2025-09-18,3,OP2509C,Fixed site,given
C-01140,PCV-3,2025-09-18,3,PC2509C,Fixed site,given
C-01140,Measles-1,2026-02-06,1,MR2602A,Fixed site,given
C-01141,BCG,2024-12-07,1,BC2412A,Fixed site,given
C-01141,OPV-0,2024-12-07,0,OP2412A,Fixed site,given
C-01141,Penta-1,2025-02-03,1,PT2502A,Fixed site,given
C-01141,OPV-1,2025-02-03,1,OP2502A,Fixed site,given
C-01141,PCV-1,2025-02-03,1,PC2502A,Fixed site,given
C-01141,Rota-1,2025-02-03,1,RT2502A,Fixed site,given
C-01141,Penta-2,2025-03-06,2,PT2503A,Fixed site,given
C-01141,OPV-2,2025-03-06,2,OP2503A,Fixed site,given
C-01141,PCV-2,2025-03-06,2,PC2503A,Fixed site,given
C-01141,Rota-2,2025-03-06,2,RT2503A,Fixed site,given
C-01141,Penta-3,2025-05-24,3,PT2505C,Fixed site,given
C-01141,OPV-3,2025-05-24,3,OP2505C,Fixed site,given
C-01141,PCV-3,2025-05-24,3,PC2505C,Fixed site,given
C-01141,Measles-1,2025-10-04,1,MR2510A,Outreach,given
C-01141,Yellow Fever,2025-10-04,1,YF2510A,Outreach,given
C-01142,BCG,2023-07-09,1,BC2307B,Fixed site,given
C-01142,OPV-0,2023-07-09,0,OP2307B,Fixed site,given
C-01142,Penta-1,2023-08-20,1,PT2308C,Fixed site,given
C-01142,OPV-1,2023-08-20,1,OP2308C,Fixed site,given
C-01142,PCV-1,2023-08-20,1,PC2308C,Fixed site,given
C-01142,Rota-1,2023-08-20,1,RT2308C,Fixed site,given
C-01142,Measles-1,2024-05-20,1,MR2405C,Fixed site,given
C-01142,Yellow Fever,2024-05-20,1,YF2405C,Fixed site,given
C-01142,OPV-3,2024-06-08,3,OP2406A,Fixed site,given
C-01142,Measles-2,2025-07-23,2,MR2507C,Fixed site,given
C-01143,BCG,2025-03-04,1,BC2503A,Fixed site,given
C-01143,Penta-1,2025-04-14,1,PT2504B,Fixed site,given
C-01143,OPV-1,2025-04-14,1,OP2504B,Fixed site,given
C-01143,PCV-1,2025-04-14,1,PC2504B,Fixed site,given
C-01143,Rota-1,2025-04-14,1,RT2504B,Fixed site,given
C-01143,Penta-2,2025-05-12,2,PT2505B,Fixed site,given
C-01143,PCV-2,2025-05-12,2,PC2505B,Fixed site,given
C-01143,Rota-2,2025-05-12,2,RT2505B,Fixed site,given
C-01143,Penta-3,2025-06-09,3,PT2506B,Fixed site,given
C-01143,OPV-3,2025-06-09,3,OP2506B,Fixed site,given
C-01143,Measles-1,2025-11-17,1,MR2511C,Fixed site,given
C-01143,Yellow Fever,2025-11-17,1,YF2511C,Fixed site,given
C-01144,BCG,2025-03-27,1,BC2503D,Fixed site,given
C-01144,OPV-0,2025-03-27,0,OP2503D,Fixed site,given
C-01144,Penta-1,2025-05-02,1,PT2505A,Fixed site,given
C-01144,OPV-1,2025-05-02,1,OP2505A,Fixed site,given
C-01144,PCV-1,2025-05-02,1,PC2505A,Fixed site,given
C-01144,Rota-1,2025-05-02,1,RT2505A,Fixed site,given
C-01144,Penta-2,2025-12-13,2,PT2512B,Fixed site,given
C-01144,OPV-2,2025-12-13,2,OP2512B,Fixed site,given
C-01144,PCV-2,2025-12-13,2,PC2512B,Fixed site,given
C-01144,Rota-2,2025-12-13,2,RT2512B,Fixed site,given
C-01144,Penta-3,2026-02-19,3,PT2602C,Fixed site,given
C-01144,OPV-3,2026-02-19,3,OP2602C,Fixed site,given
C-01144,PCV-3,2026-02-19,3,PC2602C,Fixed site,given
C-01144,Measles-1,2026-03-03,1,MR2603A,Fixed site,given
C-01144,Yellow Fever,2026-03-03,1,YF2603A,Fixed site,given
C-01145,Penta-1,2025-04-05,1,PT2504A,Fixed site,given
C-01145,OPV-1,2025-04-05,1,OP2504A,Fixed site,given
C-01145,PCV-1,2025-04-05,1,PC2504A,Fixed site,given
C-01145,Rota-1,2025-04-05,1,RT2504A,Fixed site,given
C-01145,BCG,2025-04-23,1,BC2504C,Fixed site,given
C-01145,Penta-2,2025-05-20,2,PT2505C,Fixed site,given
C-01145,OPV-2,2025-05-20,2,OP2505C,Fixed site,given
C-01145,PCV-2,2025-05-20,2,PC2505C,Fixed site,given
C-01145,Rota-2,2025-05-20,2,RT2505C,Fixed site,given
C-01145,Measles-1,2025-12-06,1,MR2512A,Fixed site,given
C-01145,Yellow Fever,2025-12-06,1,YF2512A,Fixed site,given
C-01145,Penta-3,2026-01-22,3,PT2601C,Fixed site,given
C-01145,OPV-3,2026-01-22,3,OP2601C,Fixed site,given
C-01145,PCV-3,2026-01-22,3,PC2601C,Fixed site,given
C-01146,Measles-1,2026-06-05,1,MR2606A,Fixed site,given
C-01146,Yellow Fever,2026-06-05,1,YF2606A,Fixed site,given
C-01147,BCG,2025-02-08,1,BC2502A,Fixed site,given
C-01147,OPV-0,2025-02-08,0,OP2502A,Fixed site,given
C-01147,Penta-1,2025-04-02,1,PT2504A,Fixed site,given
C-01147,OPV-1,2025-04-02,1,OP2504A,Fixed site,given
C-01147,PCV-1,2025-04-02,1,PC2504A,Fixed site,given
C-01147,Rota-1,2025-04-02,1,RT2504A,Fixed site,given
C-01147,Penta-2,2025-08-04,2,PT2508A,Fixed site,given
C-01147,OPV-2,2025-08-04,2,OP2508A,Fixed site,given
C-01147,PCV-2,2025-08-04,2,PC2508A,Fixed site,given
C-01147,Rota-2,2025-08-04,2,RT2508A,Fixed site,given
C-01147,Penta-3,2025-10-20,3,PT2510C,Fixed site,given
C-01147,OPV-3,2025-10-20,3,OP2510C,Fixed site,given
C-01147,PCV-3,2025-10-20,3,PC2510C,Fixed site,given
C-01147,Measles-1,2026-02-07,1,MR2602A,Fixed site,given
C-01147,Yellow Fever,2026-02-07,1,YF2602A,Fixed site,given
C-01148,Penta-1,2026-07-18,1,PT2607C,Fixed site,given
C-01148,OPV-1,2026-07-18,1,OP2607C,Fixed site,given
C-01148,PCV-1,2026-07-18,1,PC2607C,Fixed site,given
C-01148,Rota-1,2026-07-18,1,RT2607C,Fixed site,given
C-01148,Penta-2,2026-08-15,2,PT2608B,Fixed site,given
C-01148,OPV-2,2026-08-15,2,OP2608B,Fixed site,given
C-01148,PCV-2,2026-08-15,2,PC2608B,Fixed site,given
C-01148,Rota-2,2026-08-15,2,RT2608B,Fixed site,given
C-01148,Penta-3,2026-09-12,3,PT2609B,Fixed site,given
C-01148,OPV-3,2026-09-12,3,OP2609B,Fixed site,given
C-01148,PCV-3,2026-09-12,3,PC2609B,Fixed site,given
C-01149,BCG,2025-10-14,1,BC2510B,Fixed site,given
C-01149,Penta-1,2025-10-27,1,PT2510D,Fixed site,given
C-01149,OPV-1,2025-10-27,1,OP2510D,Fixed site,given
C-01149,PCV-1,2025-10-27,1,PC2510D,Fixed site,given
C-01149,Rota-1,2025-10-27,1,RT2510D,Fixed site,given
C-01149,Penta-2,2025-11-24,2,PT2511C,Fixed site,given
C-01149,OPV-2,2025-11-24,2,OP2511C,Fixed site,given
C-01149,PCV-2,2025-11-24,2,PC2511C,Fixed site,given
C-01149,Rota-2,2025-11-24,2,RT2511C,Fixed site,given
C-01149,Penta-3,2025-12-22,3,PT2512C,Fixed site,given
C-01149,OPV-3,2025-12-22,3,OP2512C,Fixed site,given
C-01149,PCV-3,2025-12-22,3,PC2512C,Fixed site,given
C-01149,Measles-1,2026-07-14,1,MR2607B,Fixed site,given
C-01149,Yellow Fever,2026-07-14,1,YF2607B,Fixed site,given
C-01150,BCG,2025-05-25,1,BC2505D,Fixed site,given
C-01150,OPV-0,2025-05-25,0,OP2505D,Fixed site,given
C-01150,Penta-1,2025-09-20,1,PT2509C,Fixed site,given
C-01150,PCV-1,2025-09-20,1,PC2509C,Fixed site,given
C-01150,Rota-1,2025-09-20,1,RT2509C,Fixed site,given
C-01150,Penta-2,2026-03-27,2,PT2603D,Fixed site,given
C-01150,OPV-2,2026-03-27,2,OP2603D,Fixed site,given
C-01150,PCV-2,2026-03-27,2,PC2603D,Fixed site,given
C-01150,Rota-2,2026-03-27,2,RT2603D,Fixed site,given
C-01150,Penta-3,2026-04-24,3,PT2604C,Fixed site,given
C-01150,OPV-3,2026-04-24,3,OP2604C,Fixed site,given
C-01150,PCV-3,2026-04-24,3,PC2604C,Fixed site,given
C-01151,BCG,2025-01-06,1,BC2501A,Fixed site,given
C-01151,OPV-0,2025-01-06,0,OP2501A,Fixed site,given
C-01151,Penta-1,2025-04-04,1,PT2504A,Fixed site,given
C-01151,OPV-1,2025-04-04,1,OP2504A,Fixed site,given
C-01151,PCV-1,2025-04-04,1,PC2504A,Fixed site,given
C-01151,Rota-1,2025-04-04,1,RT2504A,Fixed site,given
C-01151,Penta-2,2025-05-02,2,PT2505A,Fixed site,given
C-01151,OPV-2,2025-05-02,2,OP2505A,Fixed site,given
C-01151,PCV-2,2025-05-02,2,PC2505A,Fixed site,given
C-01151,Rota-2,2025-05-02,2,RT2505A,Fixed site,given
C-01151,Penta-3,2025-05-30,3,PT2505D,Fixed site,given
C-01151,PCV-3,2025-05-30,3,PC2505D,Fixed site,given
C-01151,Measles-1,2025-12-24,1,MR2512C,Fixed site,given
C-01151,Yellow Fever,2025-12-24,1,YF2512C,Fixed site,given
C-01152,BCG,2025-10-10,1,BC2510B,Fixed site,given
C-01152,Penta-1,2025-10-18,1,PT2510C,Fixed site,given
C-01152,OPV-1,2025-10-18,1,OP2510C,Fixed site,given
C-01152,PCV-1,2025-10-18,1,PC2510C,Fixed site,given
C-01152,Rota-1,2025-10-18,1,RT2510C,Fixed site,given
C-01152,Penta-2,2025-11-15,2,PT2511B,Fixed site,given
C-01152,OPV-2,2025-11-15,2,OP2511B,Fixed site,given
C-01152,PCV-2,2025-11-15,2,PC2511B,Fixed site,given
C-01152,Penta-3,2025-12-13,3,PT2512B,Fixed site,given
C-01152,OPV-3,2025-12-13,3,OP2512B,Fixed site,given
C-01152,PCV-3,2025-12-13,3,PC2512B,Fixed site,given
C-01152,Measles-1,2026-09-24,1,MR2609C,Fixed site,given
C-01152,Yellow Fever,2026-09-24,1,YF2609C,Fixed site,given
C-01153,Penta-1,2026-07-04,1,PT2607A,Fixed site,given
C-01153,Penta-2,2026-08-01,2,PT2608A,Fixed site,given
C-01153,OPV-2,2026-08-01,2,OP2608A,Fixed site,given
C-01153,PCV-2,2026-08-01,2,PC2608A,Fixed site,given
C-01153,Rota-2,2026-08-01,2,RT2608A,Fixed site,given
C-01153,BCG,2026-08-24,1,BC2608C,Fixed site,given
C-01153,OPV-1,2026-09-24,1,OP2609C,Fixed site,given
C-01153,PCV-1,2026-09-24,1,PC2609C,Fixed site,given
C-01153,Rota-1,2026-09-24,1,RT2609C,Fixed site,given
C-01153,Penta-3,2026-09-24,3,PT2609C,Fixed site,given
C-01153,OPV-3,2026-09-24,3,OP2609C,Fixed site,given
C-01153,PCV-3,2026-09-24,3,PC2609C,Fixed site,given
C-01154,BCG,2026-09-09,1,BC2609B,Fixed site,given
C-01155,BCG,2024-12-25,1,BC2412D,Fixed site,given
C-01155,OPV-0,2024-12-25,0,OP2412D,Fixed site,given
C-01155,Penta-1,2025-03-27,1,PT2503D,Fixed site,given
C-01155,PCV-1,2025-03-27,1,PC2503D,Fixed site,given
C-01155,Rota-1,2025-03-27,1,RT2503D,Fixed site,given
C-01155,Penta-2,2025-04-24,2,PT2504C,Fixed site,given
C-01155,OPV-2,2025-04-24,2,OP2504C,Fixed site,given
C-01155,PCV-2,2025-04-24,2,PC2504C,Fixed site,given
C-01155,Rota-2,2025-04-24,2,RT2504C,Fixed site,given
C-01155,Penta-3,2025-05-22,3,PT2505C,Fixed site,given
C-01155,PCV-3,2025-05-22,3,PC2505C,Fixed site,given
C-01155,Measles-1,2025-09-23,1,MR2509C,Fixed site,given
C-01155,Yellow Fever,2025-09-23,1,YF2509C,Fixed site,given
C-01155,Measles-2,2026-09-24,2,MR2609C,Fixed site,given
C-01156,BCG,2026-06-21,1,BC2606C,Fixed site,given
C-01156,OPV-0,2026-06-21,0,OP2606C,Fixed site,given
C-01156,Penta-1,2026-07-24,1,PT2607C,Fixed site,given
C-01156,OPV-1,2026-07-24,1,OP2607C,Fixed site,given
C-01156,PCV-1,2026-07-24,1,PC2607C,Fixed site,given
C-01156,Rota-1,2026-07-24,1,RT2607C,Fixed site,given
C-01156,Penta-2,2026-08-21,2,PT2608C,Fixed site,given
C-01156,OPV-2,2026-08-21,2,OP2608C,Fixed site,given
C-01156,PCV-2,2026-08-21,2,PC2608C,Fixed site,given
C-01156,Rota-2,2026-08-21,2,RT2608C,Fixed site,given
C-01156,Penta-3,2026-09-18,3,PT2609C,Fixed site,given
C-01156,OPV-3,2026-09-18,3,OP2609C,Fixed site,given
C-01156,PCV-3,2026-09-18,3,PC2609C,Fixed site,given
C-01157,BCG,2024-12-22,1,BC2412C,Fixed site,given
C-01157,Penta-1,2025-01-24,1,PT2501C,Fixed site,given
C-01157,OPV-1,2025-01-24,1,OP2501C,Fixed site,given
C-01157,PCV-1,2025-01-24,1,PC2501C,Fixed site,given
C-01157,Penta-2,2025-02-21,2,PT2502C,Fixed site,given
C-01157,OPV-2,2025-02-21,2,OP2502C,Fixed site,given
C-01157,PCV-2,2025-02-21,2,PC2502C,Fixed site,given
C-01157,Rota-2,2025-02-21,2,RT2502C,Fixed site,given
C-01157,Penta-3,2025-03-21,3,PT2503C,Fixed site,given
C-01157,OPV-3,2025-03-21,3,OP2503C,Fixed site,given
C-01157,PCV-3,2025-03-21,3,PC2503C,Fixed site,given
C-01157,Measles-1,2025-09-15,1,MR2509B,Fixed site,given
C-01157,Measles-2,2026-06-04,2,MR2606A,Fixed site,given
C-01158,BCG,2025-12-02,1,BC2512A,Fixed site,given
C-01158,OPV-0,2025-12-02,0,OP2512A,Fixed site,given
C-01158,Penta-1,2026-04-09,1,PT2604B,Fixed site,given
C-01158,OPV-1,2026-04-09,1,OP2604B,Fixed site,given
C-01158,PCV-1,2026-04-09,1,PC2604B,Fixed site,given
C-01158,Rota-1,2026-04-09,1,RT2604B,Fixed site,given
C-01158,Penta-2,2026-05-07,2,PT2605A,Outreach,given
C-01158,OPV-2,2026-05-07,2,OP2605A,Outreach,given
C-01158,PCV-2,2026-05-07,2,PC2605A,Outreach,given
C-01158,Rota-2,2026-05-07,2,RT2605A,Outreach,given
C-01158,Penta-3,2026-06-20,3,PT2606C,Fixed site,given
C-01158,OPV-3,2026-06-20,3,OP2606C,Fixed site,given
C-01158,PCV-3,2026-06-20,3,PC2606C,Fixed site,given
C-01158,Measles-1,2026-08-29,1,MR2608D,Fixed site,given
C-01158,Yellow Fever,2026-08-29,1,YF2608D,Fixed site,given
C-01159,BCG,2025-12-24,1,BC2512C,Fixed site,given
C-01159,Penta-1,2026-03-18,1,PT2603C,Fixed site,given
C-01159,PCV-1,2026-03-18,1,PC2603C,Fixed site,given
C-01159,Rota-1,2026-03-18,1,RT2603C,Fixed site,given
C-01159,Penta-2,2026-04-15,2,PT2604B,Fixed site,given
C-01159,OPV-2,2026-04-15,2,OP2604B,Fixed site,given
C-01159,PCV-2,2026-04-15,2,PC2604B,Fixed site,given
C-01159,Rota-2,2026-04-15,2,RT2604B,Fixed site,given
C-01159,Penta-3,2026-08-06,3,PT2608A,Fixed site,given
C-01159,OPV-3,2026-08-06,3,OP2608A,Fixed site,given
C-01159,PCV-3,2026-08-06,3,PC2608A,Fixed site,given
C-01159,Measles-1,2026-09-05,1,MR2609A,Fixed site,given
C-01159,Yellow Fever,2026-09-05,1,YF2609A,Fixed site,given
C-01160,BCG,2026-03-23,1,BC2603C,Fixed site,given
C-01160,Penta-1,2026-05-13,1,PT2605B,Fixed site,given
C-01160,OPV-1,2026-05-13,1,OP2605B,Fixed site,given
C-01160,PCV-1,2026-05-13,1,PC2605B,Fixed site,given
C-01160,Rota-1,2026-05-13,1,RT2605B,Fixed site,given
C-01160,Penta-2,2026-06-10,2,PT2606B,Fixed site,given
C-01160,OPV-2,2026-06-10,2,OP2606B,Fixed site,given
C-01160,PCV-2,2026-06-10,2,PC2606B,Fixed site,given
C-01160,Rota-2,2026-06-10,2,RT2606B,Fixed site,given
C-01160,Penta-3,2026-08-23,3,PT2608C,Fixed site,given
C-01160,PCV-3,2026-08-23,3,PC2608C,Fixed site,given
C-01161,BCG,2025-05-29,1,BC2505D,Outreach,given
C-01161,Penta-1,2025-06-26,1,PT2506D,Fixed site,given
C-01161,OPV-1,2025-06-26,1,OP2506D,Fixed site,given
C-01161,PCV-1,2025-06-26,1,PC2506D,Fixed site,given
C-01161,Rota-1,2025-06-26,1,RT2506D,Fixed site,given
C-01161,Penta-2,2025-07-26,2,PT2507D,Fixed site,given
C-01161,OPV-2,2025-07-26,2,OP2507D,Fixed site,given
C-01161,PCV-2,2025-07-26,2,PC2507D,Fixed site,given
C-01161,Rota-2,2025-07-26,2,RT2507D,Fixed site,given
C-01162,BCG,2025-01-30,1,BC2501D,Fixed site,given
C-01162,Penta-1,2025-03-03,1,PT2503A,Fixed site,given
C-01162,OPV-1,2025-03-03,1,OP2503A,Fixed site,given
C-01162,PCV-1,2025-03-03,1,PC2503A,Fixed site,given
C-01162,Rota-1,2025-03-03,1,RT2503A,Fixed site,given
C-01162,Penta-2,2025-03-31,2,PT2503D,Outreach,given
C-01162,OPV-2,2025-03-31,2,OP2503D,Outreach,given
C-01162,PCV-2,2025-03-31,2,PC2503D,Outreach,given
C-01162,Rota-2,2025-03-31,2,RT2503D,Outreach,given
C-01162,Penta-3,2025-05-04,3,PT2505A,Fixed site,given
C-01162,PCV-3,2025-05-04,3,PC2505A,Fixed site,given
C-01162,Measles-1,2025-09-30,1,MR2509D,Fixed site,given
C-01162,Yellow Fever,2025-09-30,1,YF2509D,Fixed site,given
C-01162,Measles-2,2026-09-24,2,MR2609C,Fixed site,given
C-01163,BCG,2025-11-24,1,BC2511C,Fixed site,given
C-01163,OPV-0,2025-11-24,0,OP2511C,Fixed site,given
C-01163,Penta-1,2026-01-05,1,PT2601A,Fixed site,given
C-01163,OPV-1,2026-01-05,1,OP2601A,Fixed site,given
C-01163,PCV-1,2026-01-05,1,PC2601A,Fixed site,given
C-01163,Rota-1,2026-01-05,1,RT2601A,Fixed site,given
C-01163,Penta-2,2026-02-02,2,PT2602A,Fixed site,given
C-01163,OPV-2,2026-02-02,2,OP2602A,Fixed site,given
C-01163,PCV-2,2026-02-02,2,PC2602A,Fixed site,given
C-01163,Rota-2,2026-02-02,2,RT2602A,Fixed site,given
C-01163,Penta-3,2026-03-02,3,PT2603A,Fixed site,given
C-01163,OPV-3,2026-03-02,3,OP2603A,Fixed site,given
C-01163,PCV-3,2026-03-02,3,PC2603A,Fixed site,given
C-01163,Measles-1,2026-09-24,1,MR2609C,Fixed site,given
C-01163,Yellow Fever,2026-09-24,1,YF2609C,Fixed site,given
C-01164,BCG,2025-05-24,1,BC2505C,Fixed site,given
C-01164,Penta-1,2025-06-18,1,PT2506C,Fixed site,given
C-01164,OPV-1,2025-06-18,1,OP2506C,Fixed site,given
C-01164,PCV-1,2025-06-18,1,PC2506C,Fixed site,given
C-01164,Rota-1,2025-06-18,1,RT2506C,Fixed site,given
C-01164,Penta-2,2025-12-07,2,PT2512A,Fixed site,given
C-01164,PCV-2,2025-12-07,2,PC2512A,Fixed site,given
C-01164,Rota-2,2025-12-07,2,RT2512A,Fixed site,given
C-01164,Penta-3,2026-01-04,3,PT2601A,Fixed site,given
C-01164,OPV-3,2026-01-04,3,OP2601A,Fixed site,given
C-01164,PCV-3,2026-01-04,3,PC2601A,Fixed site,given
C-01164,Measles-1,2026-05-02,1,MR2605A,Fixed site,given
C-01164,Yellow Fever,2026-05-02,1,YF2605A,Fixed site,given
C-01165,BCG,2026-02-15,1,BC2602B,Fixed site,given
C-01165,Penta-1,2026-06-28,1,PT2606D,Fixed site,given
C-01165,OPV-1,2026-06-28,1,OP2606D,Fixed site,given
C-01165,PCV-1,2026-06-28,1,PC2606D,Fixed site,given
C-01165,Rota-1,2026-06-28,1,RT2606D,Fixed site,given
C-01165,Penta-2,2026-09-05,2,PT2609A,Fixed site,given
C-01165,OPV-2,2026-09-05,2,OP2609A,Fixed site,given
C-01165,PCV-2,2026-09-05,2,PC2609A,Fixed site,given
C-01165,Rota-2,2026-09-05,2,RT2609A,Fixed site,given
C-01166,BCG,2026-02-14,1,BC2602B,Fixed site,given
C-01166,OPV-0,2026-02-14,0,OP2602B,Fixed site,given
C-01166,Penta-1,2026-03-17,1,PT2603C,Outreach,given
C-01166,Penta-2,2026-04-14,2,PT2604B,Fixed site,given
C-01166,OPV-2,2026-04-14,2,OP2604B,Fixed site,given
C-01166,PCV-2,2026-04-14,2,PC2604B,Fixed site,given
C-01166,Rota-2,2026-04-14,2,RT2604B,Fixed site,given
C-01166,Penta-3,2026-08-28,3,PT2608D,Fixed site,given
C-01166,OPV-3,2026-08-28,3,OP2608D,Fixed site,given
C-01166,PCV-3,2026-08-28,3,PC2608D,Fixed site,given
C-01166,OPV-1,2026-09-07,1,OP2609A,Fixed site,given
C-01166,PCV-1,2026-09-07,1,PC2609A,Fixed site,given
C-01166,Rota-1,2026-09-07,1,RT2609A,Fixed site,given
C-01167,Penta-1,2025-06-13,1,PT2506B,Fixed site,given
C-01167,OPV-1,2025-06-13,1,OP2506B,Fixed site,given
C-01167,PCV-1,2025-06-13,1,PC2506B,Fixed site,given
C-01167,Rota-1,2025-06-13,1,RT2506B,Fixed site,given
C-01167,BCG,2025-10-28,1,BC2510D,Fixed site,given
C-01167,Penta-2,2025-11-22,2,PT2511C,Fixed site,given
C-01167,OPV-2,2025-11-22,2,OP2511C,Fixed site,given
C-01167,PCV-2,2025-11-22,2,PC2511C,Fixed site,given
C-01167,Penta-3,2025-12-20,3,PT2512C,Fixed site,given
C-01167,OPV-3,2025-12-20,3,OP2512C,Fixed site,given
C-01167,PCV-3,2025-12-20,3,PC2512C,Fixed site,given
C-01167,Measles-1,2026-07-18,1,MR2607C,Fixed site,given
C-01167,Yellow Fever,2026-07-18,1,YF2607C,Fixed site,given
C-01168,BCG,2025-03-29,1,BC2503D,Fixed site,given
C-01168,Penta-1,2025-05-20,1,PT2505C,Fixed site,given
C-01168,OPV-1,2025-05-20,1,OP2505C,Fixed site,given
C-01168,PCV-1,2025-05-20,1,PC2505C,Fixed site,given
C-01168,Rota-1,2025-05-20,1,RT2505C,Fixed site,given
C-01168,Penta-2,2025-06-26,2,PT2506D,Fixed site,given
C-01168,OPV-2,2025-06-26,2,OP2506D,Fixed site,given
C-01168,PCV-2,2025-06-26,2,PC2506D,Fixed site,given
C-01168,Rota-2,2025-06-26,2,RT2506D,Fixed site,given
C-01168,Measles-1,2025-12-25,1,MR2512D,Fixed site,given
C-01168,Yellow Fever,2025-12-25,1,YF2512D,Fixed site,given
C-01168,Penta-3,2026-02-08,3,PT2602A,Fixed site,given
C-01168,OPV-3,2026-02-08,3,OP2602A,Fixed site,given
C-01168,PCV-3,2026-02-08,3,PC2602A,Fixed site,given
C-01169,BCG,2026-06-29,1,BC2606D,Fixed site,given
C-01169,OPV-0,2026-06-29,0,OP2606D,Fixed site,given
C-01169,Penta-1,2026-07-29,1,PT2607D,Fixed site,given
C-01169,Penta-2,2026-08-26,2,PT2608D,Fixed site,given
C-01169,OPV-2,2026-08-26,2,OP2608D,Fixed site,given
C-01169,PCV-2,2026-08-26,2,PC2608D,Fixed site,given
C-01169,Rota-2,2026-08-26,2,RT2608D,Fixed site,given
C-01169,PCV-1,2026-09-24,1,PC2609C,Fixed site,given
C-01169,Rota-1,2026-09-24,1,RT2609C,Fixed site,given
C-01170,BCG,2026-03-25,1,BC2603D,Outreach,given
C-01170,OPV-0,2026-03-25,0,OP2603D,Outreach,given
C-01170,Penta-1,2026-06-23,1,PT2606C,Outreach,given
C-01170,OPV-1,2026-06-23,1,OP2606C,Outreach,given
C-01170,Rota-1,2026-06-23,1,RT2606C,Outreach,given
C-01170,Penta-2,2026-08-27,2,PT2608D,Fixed site,given
C-01170,OPV-2,2026-08-27,2,OP2608D,Fixed site,given
C-01170,PCV-2,2026-08-27,2,PC2608D,Fixed site,given
C-01170,Rota-2,2026-08-27,2,RT2608D,Fixed site,given
C-01170,Penta-3,2026-09-24,3,PT2609C,Fixed site,given
C-01170,OPV-3,2026-09-24,3,OP2609C,Fixed site,given
C-01170,PCV-3,2026-09-24,3,PC2609C,Fixed site,given
C-01171,BCG,2025-03-16,1,BC2503B,Fixed site,given
C-01171,OPV-0,2025-03-16,0,OP2503B,Fixed site,given
C-01171,Penta-1,2025-05-06,1,PT2505A,Fixed site,given
C-01171,OPV-1,2025-05-06,1,OP2505A,Fixed site,given
C-01171,PCV-1,2025-05-06,1,PC2505A,Fixed site,given
C-01171,Rota-1,2025-05-06,1,RT2505A,Fixed site,given
C-01171,Penta-2,2025-07-12,2,PT2507B,Fixed site,given
C-01171,OPV-2,2025-07-12,2,OP2507B,Fixed site,given
C-01171,PCV-2,2025-07-12,2,PC2507B,Fixed site,given
C-01171,Rota-2,2025-07-12,2,RT2507B,Fixed site,given
C-01171,Measles-1,2025-12-17,1,MR2512C,Fixed site,given
C-01171,Yellow Fever,2025-12-17,1,YF2512C,Fixed site,given
C-01171,Penta-3,2026-02-04,3,PT2602A,Fixed site,given
C-01171,OPV-3,2026-02-04,3,OP2602A,Fixed site,given
C-01171,PCV-3,2026-02-04,3,PC2602A,Fixed site,given
C-01172,BCG,2025-02-15,1,BC2502B,Fixed site,given
C-01172,Penta-1,2025-05-17,1,PT2505C,Fixed site,given
C-01172,OPV-1,2025-05-17,1,OP2505C,Fixed site,given
C-01172,PCV-1,2025-05-17,1,PC2505C,Fixed site,given
C-01172,Rota-1,2025-05-17,1,RT2505C,Fixed site,given
C-01172,Penta-2,2025-06-14,2,PT2506B,Fixed site,given
C-01172,OPV-2,2025-06-14,2,OP2506B,Fixed site,given
C-01172,PCV-2,2025-06-14,2,PC2506B,Fixed site,given
C-01172,Rota-2,2025-06-14,2,RT2506B,Fixed site,given
C-01172,Penta-3,2025-07-12,3,PT2507B,Fixed site,given
C-01172,PCV-3,2025-07-12,3,PC2507B,Fixed site,given
C-01172,Measles-1,2026-06-28,1,MR2606D,Fixed site,given
C-01172,Yellow Fever,2026-06-28,1,YF2606D,Fixed site,given
C-01173,BCG,2025-06-26,1,BC2506D,Fixed site,given
C-01173,OPV-0,2025-06-26,0,OP2506D,Fixed site,given
C-01173,Penta-1,2025-09-26,1,PT2509D,Fixed site,given
C-01173,OPV-1,2025-09-26,1,OP2509D,Fixed site,given
C-01173,PCV-1,2025-09-26,1,PC2509D,Fixed site,given
C-01173,Rota-1,2025-09-26,1,RT2509D,Fixed site,given
C-01173,Penta-2,2025-10-24,2,PT2510C,Fixed site,given
C-01173,OPV-2,2025-10-24,2,OP2510C,Fixed site,given
C-01173,Rota-2,2025-10-24,2,RT2510C,Fixed site,given
C-01173,Penta-3,2025-11-21,3,PT2511C,Fixed site,given
C-01173,OPV-3,2025-11-21,3,OP2511C,Fixed site,given
C-01173,PCV-3,2025-11-21,3,PC2511C,Fixed site,given
C-01173,Measles-1,2026-03-26,1,MR2603D,Fixed site,given
C-01173,Yellow Fever,2026-03-26,1,YF2603D,Fixed site,given
C-01174,BCG,2026-03-05,1,BC2603A,Fixed site,given
C-01174,OPV-0,2026-03-05,0,OP2603A,Fixed site,given
C-01174,Penta-1,2026-05-15,1,PT2605B,Fixed site,given
C-01174,OPV-1,2026-05-15,1,OP2605B,Fixed site,given
C-01174,PCV-1,2026-05-15,1,PC2605B,Fixed site,given
C-01174,Rota-1,2026-05-15,1,RT2605B,Fixed site,given
C-01174,OPV-3,2026-09-24,3,OP2609C,Fixed site,given
C-01175,BCG,2025-01-10,1,BC2501B,Fixed site,given
C-01175,OPV-0,2025-01-10,0,OP2501B,Fixed site,given
C-01175,Penta-1,2025-03-12,1,PT2503B,Fixed site,given
C-01175,OPV-1,2025-03-12,1,OP2503B,Fixed site,given
C-01175,PCV-1,2025-03-12,1,PC2503B,Fixed site,given
C-01175,Rota-1,2025-03-12,1,RT2503B,Fixed site,given
C-01175,Penta-2,2025-07-03,2,PT2507A,Fixed site,given
C-01175,PCV-2,2025-07-03,2,PC2507A,Fixed site,given
C-01175,Rota-2,2025-07-03,2,RT2507A,Fixed site,given
C-01175,Penta-3,2025-08-10,3,PT2508B,Fixed site,given
C-01175,OPV-3,2025-08-10,3,OP2508B,Fixed site,given
C-01175,PCV-3,2025-08-10,3,PC2508B,Fixed site,given
C-01175,Measles-1,2025-11-05,1,MR2511A,Fixed site,given
C-01175,Yellow Fever,2025-11-05,1,YF2511A,Fixed site,given
C-01176,BCG,2026-04-27,1,BC2604D,Fixed site,given
C-01176,OPV-0,2026-04-27,0,OP2604D,Fixed site,given
C-01176,Penta-1,2026-06-19,1,PT2606C,Outreach,given
C-01176,PCV-1,2026-06-19,1,PC2606C,Outreach,given
C-01176,Rota-1,2026-06-19,1,RT2606C,Outreach,given
C-01177,BCG,2026-09-07,1,BC2609A,Fixed site,given
C-01177,OPV-0,2026-09-07,0,OP2609A,Fixed site,given
C-01178,BCG,2026-09-24,1,BC2609C,Fixed site,given
C-01178,OPV-0,2026-09-24,0,OP2609C,Fixed site,given
C-01179,BCG,2025-02-08,1,BC2502A,Fixed site,given
C-01179,OPV-0,2025-02-08,0,OP2502A,Fixed site,given
C-01179,Penta-1,2025-06-23,1,PT2506C,Fixed site,given
C-01179,OPV-1,2025-06-23,1,OP2506C,Fixed site,given
C-01179,PCV-1,2025-06-23,1,PC2506C,Fixed site,given
C-01179,Rota-1,2025-06-23,1,RT2506C,Fixed site,given
C-01179,Penta-2,2025-07-21,2,PT2507C,Fixed site,given
C-01179,OPV-2,2025-07-21,2,OP2507C,Fixed site,given
C-01179,PCV-2,2025-07-21,2,PC2507C,Fixed site,given
C-01179,Rota-2,2025-07-21,2,RT2507C,Fixed site,given
C-01179,Penta-3,2025-08-18,3,PT2508C,Fixed site,given
C-01179,OPV-3,2025-08-18,3,OP2508C,Fixed site,given
C-01179,PCV-3,2025-08-18,3,PC2508C,Fixed site,given
C-01179,Measles-1,2025-12-19,1,MR2512C,Fixed site,given
C-01180,BCG,2026-06-28,1,BC2606D,Fixed site,given
C-01180,OPV-0,2026-06-28,0,OP2606D,Fixed site,given
C-01180,Penta-1,2026-08-06,1,PT2608A,Fixed site,given
C-01180,OPV-1,2026-08-06,1,OP2608A,Fixed site,given
C-01180,PCV-1,2026-08-06,1,PC2608A,Fixed site,given
C-01180,Rota-1,2026-08-06,1,RT2608A,Fixed site,given
C-01181,BCG,2026-08-09,1,BC2608B,Fixed site,given
C-01181,OPV-0,2026-08-09,0,OP2608B,Fixed site,given
C-01181,Penta-1,2026-09-24,1,PT2609C,Fixed site,given
C-01181,OPV-1,2026-09-24,1,OP2609C,Fixed site,given
C-01181,Rota-1,2026-09-24,1,RT2609C,Fixed site,given
C-01182,BCG,2026-01-16,1,BC2601B,Fixed site,given
C-01182,OPV-0,2026-01-16,0,OP2601B,Fixed site,given
C-01182,Penta-1,2026-02-26,1,PT2602D,Fixed site,given
C-01182,OPV-1,2026-02-26,1,OP2602D,Fixed site,given
C-01182,Rota-1,2026-02-26,1,RT2602D,Fixed site,given
C-01182,Penta-2,2026-03-26,2,PT2603D,Fixed site,given
C-01182,OPV-2,2026-03-26,2,OP2603D,Fixed site,given
C-01182,PCV-2,2026-03-26,2,PC2603D,Fixed site,given
C-01182,Rota-2,2026-03-26,2,RT2603D,Fixed site,given
C-01182,Penta-3,2026-04-23,3,PT2604C,Fixed site,given
C-01182,OPV-3,2026-04-23,3,OP2604C,Fixed site,given
C-01182,PCV-3,2026-04-23,3,PC2604C,Fixed site,given
C-01182,Measles-1,2026-09-24,1,MR2609C,Fixed site,given
C-01182,Yellow Fever,2026-09-24,1,YF2609C,Fixed site,given
C-01183,BCG,2025-02-03,1,BC2502A,Fixed site,given
C-01183,OPV-0,2025-02-03,0,OP2502A,Fixed site,given
C-01183,Penta-1,2025-07-23,1,PT2507C,Fixed site,given
C-01183,OPV-1,2025-07-23,1,OP2507C,Fixed site,given
C-01183,Rota-1,2025-07-23,1,RT2507C,Fixed site,given
C-01183,Penta-2,2025-08-20,2,PT2508C,Fixed site,given
C-01183,OPV-2,2025-08-20,2,OP2508C,Fixed site,given
C-01183,PCV-2,2025-08-20,2,PC2508C,Fixed site,given
C-01183,Rota-2,2025-08-20,2,RT2508C,Fixed site,given
C-01183,Penta-3,2025-12-17,3,PT2512C,Fixed site,given
C-01183,OPV-3,2025-12-17,3,OP2512C,Fixed site,given
C-01184,BCG,2026-04-05,1,BC2604A,Fixed site,given
C-01184,OPV-0,2026-04-05,0,OP2604A,Fixed site,given
C-01184,Penta-1,2026-07-05,1,PT2607A,Fixed site,given
C-01184,OPV-1,2026-07-05,1,OP2607A,Fixed site,given
C-01184,PCV-1,2026-07-05,1,PC2607A,Fixed site,given
C-01184,Rota-1,2026-07-05,1,RT2607A,Fixed site,given
C-01185,BCG,2026-04-25,1,BC2604D,Fixed site,given
C-01185,Penta-1,2026-06-12,1,PT2606B,Fixed site,given
C-01185,OPV-1,2026-06-12,1,OP2606B,Fixed site,given
C-01185,PCV-1,2026-06-12,1,PC2606B,Fixed site,given
C-01185,Rota-1,2026-06-12,1,RT2606B,Fixed site,given
C-01185,Penta-2,2026-08-25,2,PT2608D,Fixed site,given
C-01185,OPV-2,2026-08-25,2,OP2608D,Fixed site,given
C-01185,PCV-2,2026-08-25,2,PC2608D,Fixed site,given
C-01186,Penta-1,2025-08-10,1,PT2508B,Fixed site,given
C-01186,OPV-1,2025-08-10,1,OP2508B,Fixed site,given
C-01186,PCV-1,2025-08-10,1,PC2508B,Fixed site,given
C-01186,Rota-1,2025-08-10,1,RT2508B,Fixed site,given
C-01186,BCG,2025-12-06,1,BC2512A,Fixed site,given
C-01187,BCG,2024-11-25,1,BC2411D,Fixed site,given
C-01187,OPV-0,2024-11-25,0,OP2411D,Fixed site,given
C-01187,Penta-1,2025-01-27,1,PT2501D,Fixed site,given
C-01187,OPV-1,2025-01-27,1,OP2501D,Fixed site,given
C-01187,PCV-1,2025-01-27,1,PC2501D,Fixed site,given
C-01187,Rota-1,2025-01-27,1,RT2501D,Fixed site,given
C-01187,Penta-2,2025-03-01,2,PT2503A,Fixed site,given
C-01187,OPV-2,2025-03-01,2,OP2503A,Fixed site,given
C-01187,PCV-2,2025-03-01,2,PC2503A,Fixed site,given
C-01187,Rota-2,2025-03-01,2,RT2503A,Fixed site,given
C-01187,Penta-3,2025-08-04,3,PT2508A,Fixed site,given
C-01187,OPV-3,2025-08-04,3,OP2508A,Fixed site,given
C-01187,PCV-3,2025-08-04,3,PC2508A,Fixed site,given
C-01187,Measles-1,2026-03-05,1,MR2603A,Fixed site,given
C-01187,Yellow Fever,2026-03-05,1,YF2603A,Fixed site,given
C-01188,BCG,2025-07-23,1,BC2507C,Fixed site,given
C-01188,Penta-1,2025-11-01,1,PT2511A,Fixed site,given
C-01188,OPV-1,2025-11-01,1,OP2511A,Fixed site,given
C-01188,PCV-1,2025-11-01,1,PC2511A,Fixed site,given
C-01188,Rota-1,2025-11-01,1,RT2511A,Fixed site,given
C-01188,Penta-2,2025-11-29,2,PT2511D,Fixed site,given
C-01188,OPV-2,2025-11-29,2,OP2511D,Fixed site,given
C-01188,PCV-2,2025-11-29,2,PC2511D,Fixed site,given
C-01188,Rota-2,2025-11-29,2,RT2511D,Fixed site,given
C-01188,Penta-3,2025-12-27,3,PT2512D,Outreach,given
C-01188,OPV-3,2025-12-27,3,OP2512D,Outreach,given
C-01188,PCV-3,2025-12-27,3,PC2512D,Outreach,given
C-01188,Measles-1,2026-04-24,1,MR2604C,Fixed site,given
C-01188,Yellow Fever,2026-04-24,1,YF2604C,Fixed site,given
C-01189,BCG,2025-06-02,1,BC2506A,Fixed site,given
C-01189,OPV-0,2025-06-02,0,OP2506A,Fixed site,given
C-01189,Penta-1,2025-08-21,1,PT2508C,Fixed site,given
C-01189,OPV-1,2025-08-21,1,OP2508C,Fixed site,given
C-01189,PCV-1,2025-08-21,1,PC2508C,Fixed site,given
C-01189,Penta-2,2025-09-29,2,PT2509D,Fixed site,given
C-01189,OPV-2,2025-09-29,2,OP2509D,Fixed site,given
C-01189,PCV-2,2025-09-29,2,PC2509D,Fixed site,given
C-01189,Rota-2,2025-09-29,2,RT2509D,Fixed site,given
C-01189,Penta-3,2025-12-02,3,PT2512A,Fixed site,given
C-01189,OPV-3,2025-12-02,3,OP2512A,Fixed site,given
C-01189,PCV-3,2025-12-02,3,PC2512A,Fixed site,given
C-01189,Measles-1,2026-09-24,1,MR2609C,Fixed site,given
C-01189,Yellow Fever,2026-09-24,1,YF2609C,Fixed site,given
C-01190,BCG,2025-12-15,1,BC2512B,Fixed site,given
C-01190,OPV-0,2025-12-15,0,OP2512B,Fixed site,given
C-01190,Penta-1,2026-01-21,1,PT2601C,Fixed site,given
C-01190,OPV-1,2026-01-21,1,OP2601C,Fixed site,given
C-01190,Rota-1,2026-01-21,1,RT2601C,Fixed site,given
C-01190,Penta-2,2026-03-07,2,PT2603A,Fixed site,given
C-01190,OPV-2,2026-03-07,2,OP2603A,Fixed site,given
C-01190,PCV-2,2026-03-07,2,PC2603A,Fixed site,given
C-01190,Rota-2,2026-03-07,2,RT2603A,Fixed site,given
C-01190,Penta-3,2026-04-30,3,PT2604D,Fixed site,given
C-01190,OPV-3,2026-04-30,3,OP2604D,Fixed site,given
C-01190,PCV-3,2026-04-30,3,PC2604D,Fixed site,given
C-01190,Measles-1,2026-09-11,1,MR2609B,Fixed site,given
C-01190,Yellow Fever,2026-09-11,1,YF2609B,Fixed site,given
C-01191,BCG,2026-04-02,1,BC2604A,Outreach,given
C-01191,OPV-0,2026-04-02,0,OP2604A,Outreach,given
C-01191,Penta-1,2026-05-12,1,PT2605B,Fixed site,given
C-01191,OPV-1,2026-05-12,1,OP2605B,Fixed site,given
C-01191,PCV-1,2026-05-12,1,PC2605B,Fixed site,given
C-01191,Rota-1,2026-05-12,1,RT2605B,Fixed site,given
C-01191,Penta-2,2026-08-25,2,PT2608D,Fixed site,given
C-01191,OPV-2,2026-08-25,2,OP2608D,Fixed site,given
C-01191,PCV-2,2026-08-25,2,PC2608D,Fixed site,given
C-01191,Rota-2,2026-08-25,2,RT2608D,Fixed site,given
C-01191,Penta-3,2026-09-22,3,PT2609C,Fixed site,given
C-01191,OPV-3,2026-09-22,3,OP2609C,Fixed site,given
C-01191,PCV-3,2026-09-22,3,PC2609C,Fixed site,given
C-01192,BCG,2025-08-05,1,BC2508A,Fixed site,given
C-01192,Penta-1,2025-09-27,1,PT2509D,Fixed site,given
C-01192,PCV-1,2025-09-27,1,PC2509D,Fixed site,given
C-01192,Rota-1,2025-09-27,1,RT2509D,Fixed site,given
C-01192,Penta-2,2025-11-02,2,PT2511A,Fixed site,given
C-01192,OPV-2,2025-11-02,2,OP2511A,Fixed site,given
C-01192,PCV-2,2025-11-02,2,PC2511A,Fixed site,given
C-01192,Rota-2,2025-11-02,2,RT2511A,Fixed site,given
C-01192,Penta-3,2025-11-30,3,PT2511D,Fixed site,given
C-01192,OPV-3,2025-11-30,3,OP2511D,Fixed site,given
C-01192,PCV-3,2025-11-30,3,PC2511D,Fixed site,given
C-01192,Measles-1,2026-09-24,1,MR2609C,Fixed site,given
C-01192,Yellow Fever,2026-09-24,1,YF2609C,Fixed site,given
C-01193,BCG,2026-04-21,1,BC2604C,Fixed site,given
C-01193,OPV-0,2026-04-21,0,OP2604C,Fixed site,given
C-01193,Penta-1,2026-06-23,1,PT2606C,Outreach,given
C-01193,OPV-1,2026-06-23,1,OP2606C,Outreach,given
C-01193,PCV-1,2026-06-23,1,PC2606C,Outreach,given
C-01193,Rota-1,2026-06-23,1,RT2606C,Outreach,given
C-01193,OPV-3,2026-08-12,3,OP2608B,Fixed site,given
C-01194,BCG,2025-12-22,1,BC2512C,Fixed site,given
C-01194,OPV-0,2025-12-22,0,OP2512C,Fixed site,given
C-01194,Penta-1,2026-04-16,1,PT2604B,Fixed site,given
C-01194,OPV-1,2026-04-16,1,OP2604B,Fixed site,given
C-01194,PCV-1,2026-04-16,1,PC2604B,Fixed site,given
C-01194,Rota-1,2026-04-16,1,RT2604B,Fixed site,given
C-01194,Penta-2,2026-05-14,2,PT2605B,Fixed site,given
C-01194,OPV-2,2026-05-14,2,OP2605B,Fixed site,given
C-01194,PCV-2,2026-05-14,2,PC2605B,Fixed site,given
C-01194,Penta-3,2026-07-14,3,PT2607B,Fixed site,given
C-01194,OPV-3,2026-07-14,3,OP2607B,Fixed site,given
C-01194,PCV-3,2026-07-14,3,PC2607B,Fixed site,given
C-01194,Measles-1,2026-09-24,1,MR2609C,Fixed site,given
C-01194,Yellow Fever,2026-09-24,1,YF2609C,Fixed site,given
C-01195,BCG,2025-01-03,1,BC2501A,Fixed site,given
C-01195,Penta-1,2025-02-22,1,PT2502C,Fixed site,given
C-01195,OPV-1,2025-02-22,1,OP2502C,Fixed site,given
C-01195,PCV-1,2025-02-22,1,PC2502C,Fixed site,given
C-01195,Rota-1,2025-02-22,1,RT2502C,Fixed site,given
C-01195,Penta-2,2025-03-23,2,PT2503C,Fixed site,given
C-01195,OPV-2,2025-03-23,2,OP2503C,Fixed site,given
C-01195,PCV-2,2025-03-23,2,PC2503C,Fixed site,given
C-01195,Rota-2,2025-03-23,2,RT2503C,Fixed site,given
C-01195,Penta-3,2025-11-10,3,PT2511B,Fixed site,given
C-01195,OPV-3,2025-11-10,3,OP2511B,Fixed site,given
C-01195,PCV-3,2025-11-10,3,PC2511B,Fixed site,given
C-01195,Measles-1,2026-05-04,1,MR2605A,Outreach,given
C-01195,Yellow Fever,2026-05-04,1,YF2605A,Outreach,given
C-01196,BCG,2026-07-05,1,BC2607A,Fixed site,given
C-01196,OPV-0,2026-07-05,0,OP2607A,Fixed site,given
C-01196,Penta-1,2026-08-11,1,PT2608B,Fixed site,given
C-01196,OPV-1,2026-09-02,1,OP2609A,Fixed site,given
C-01196,PCV-1,2026-09-02,1,PC2609A,Fixed site,given
C-01196,Penta-2,2026-09-08,2,PT2609A,Fixed site,given
C-01196,OPV-2,2026-09-08,2,OP2609A,Fixed site,given
C-01196,PCV-2,2026-09-08,2,PC2609A,Fixed site,given
C-01196,Rota-2,2026-09-08,2,RT2609A,Fixed site,given
C-01197,BCG,2025-08-27,1,BC2508D,Fixed site,given
C-01197,Penta-1,2026-03-22,1,PT2603C,Fixed site,given
C-01197,OPV-1,2026-03-22,1,OP2603C,Fixed site,given
C-01197,PCV-1,2026-03-22,1,PC2603C,Fixed site,given
C-01197,Rota-1,2026-03-22,1,RT2603C,Fixed site,given
C-01197,Penta-2,2026-04-19,2,PT2604C,Fixed site,given
C-01197,OPV-2,2026-04-19,2,OP2604C,Fixed site,given
C-01197,PCV-2,2026-04-19,2,PC2604C,Fixed site,given
C-01197,Rota-2,2026-04-19,2,RT2604C,Fixed site,given
C-01197,Penta-3,2026-05-17,3,PT2605C,Fixed site,given
C-01197,OPV-3,2026-05-17,3,OP2605C,Fixed site,given
C-01197,PCV-3,2026-05-17,3,PC2605C,Fixed site,given
C-01197,Measles-1,2026-09-20,1,MR2609C,Fixed site,given
C-01197,Yellow Fever,2026-09-20,1,YF2609C,Fixed site,given
C-01198,BCG,2025-06-24,1,BC2506C,Fixed site,given
C-01198,OPV-0,2025-06-24,0,OP2506C,Fixed site,given
C-01198,Penta-1,2025-12-19,1,PT2512C,Fixed site,given
C-01198,OPV-1,2025-12-19,1,OP2512C,Fixed site,given
C-01198,PCV-1,2025-12-19,1,PC2512C,Fixed site,given
C-01198,Rota-1,2025-12-19,1,RT2512C,Fixed site,given
C-01198,Penta-2,2026-01-16,2,PT2601B,Fixed site,given
C-01198,OPV-2,2026-01-16,2,OP2601B,Fixed site,given
C-01198,PCV-2,2026-01-16,2,PC2601B,Fixed site,given
C-01198,Rota-2,2026-01-16,2,RT2601B,Fixed site,given
C-01198,Penta-3,2026-03-09,3,PT2603B,Fixed site,given
C-01198,OPV-3,2026-03-09,3,OP2603B,Fixed site,given
C-01198,PCV-3,2026-03-09,3,PC2603B,Fixed site,given
C-01198,Measles-1,2026-05-22,1,MR2605C,Fixed site,given
C-01198,Yellow Fever,2026-05-22,1,YF2605C,Fixed site,given
C-01199,BCG,2026-09-16,1,BC2609B,Fixed site,given
C-01200,BCG,2026-09-17,1,BC2609C,Fixed site,given
C-01200,OPV-0,2026-09-17,0,OP2609C,Fixed site,given
C-01201,BCG,2025-06-28,1,BC2506D,Fixed site,given
C-01201,Penta-1,2026-03-14,1,PT2603B,Fixed site,given
C-01201,OPV-1,2026-03-14,1,OP2603B,Fixed site,given
C-01201,PCV-1,2026-03-14,1,PC2603B,Fixed site,given
C-01201,Rota-1,2026-03-14,1,RT2603B,Fixed site,given
C-01201,Measles-1,2026-03-30,1,MR2603D,Fixed site,given
C-01201,Yellow Fever,2026-03-30,1,YF2603D,Fixed site,given
C-01201,Penta-2,2026-04-11,2,PT2604B,Fixed site,given
C-01201,OPV-2,2026-04-11,2,OP2604B,Fixed site,given
C-01201,PCV-2,2026-04-11,2,PC2604B,Fixed site,given
C-01201,Penta-3,2026-05-09,3,PT2605B,Fixed site,given
C-01201,OPV-3,2026-05-09,3,OP2605B,Fixed site,given
C-01201,PCV-3,2026-05-09,3,PC2605B,Fixed site,given
C-01202,BCG,2025-11-16,1,BC2511B,Fixed site,given
C-01202,Penta-1,2026-01-09,1,PT2601B,Fixed site,given
C-01202,OPV-1,2026-01-09,1,OP2601B,Fixed site,given
C-01202,PCV-1,2026-01-09,1,PC2601B,Fixed site,given
C-01202,Rota-1,2026-01-09,1,RT2601B,Fixed site,given
C-01202,Penta-2,2026-02-06,2,PT2602A,Fixed site,given
C-01202,OPV-2,2026-02-06,2,OP2602A,Fixed site,given
C-01202,PCV-2,2026-02-06,2,PC2602A,Fixed site,given
C-01202,Rota-2,2026-02-06,2,RT2602A,Fixed site,given
C-01202,Penta-3,2026-08-02,3,PT2608A,Fixed site,given
C-01202,OPV-3,2026-08-02,3,OP2608A,Fixed site,given
C-01202,PCV-3,2026-08-02,3,PC2608A,Fixed site,given
C-01203,BCG,2024-12-19,1,BC2412C,Fixed site,given
C-01203,Penta-1,2025-01-30,1,PT2501D,Fixed site,given
C-01203,OPV-1,2025-01-30,1,OP2501D,Fixed site,given
C-01203,PCV-1,2025-01-30,1,PC2501D,Fixed site,given
C-01203,Rota-1,2025-01-30,1,RT2501D,Fixed site,given
C-01203,Penta-2,2025-03-20,2,PT2503C,Fixed site,given
C-01203,OPV-2,2025-03-20,2,OP2503C,Fixed site,given
C-01203,PCV-2,2025-03-20,2,PC2503C,Fixed site,given
C-01203,Rota-2,2025-03-20,2,RT2503C,Fixed site,given
C-01203,Penta-3,2025-07-04,3,PT2507A,Fixed site,given
C-01203,OPV-3,2025-07-04,3,OP2507A,Fixed site,given
C-01203,PCV-3,2025-07-04,3,PC2507A,Fixed site,given
C-01203,Measles-1,2025-09-14,1,MR2509B,Fixed site,given
C-01203,Yellow Fever,2025-09-14,1,YF2509B,Fixed site,given
C-01204,BCG,2026-06-13,1,BC2606B,Fixed site,given
C-01204,OPV-0,2026-06-13,0,OP2606B,Fixed site,given
C-01204,Penta-1,2026-07-15,1,PT2607B,Fixed site,given
C-01204,OPV-1,2026-07-15,1,OP2607B,Fixed site,given
C-01204,PCV-1,2026-07-15,1,PC2607B,Fixed site,given
C-01204,Rota-1,2026-07-15,1,RT2607B,Fixed site,given
C-01204,Penta-2,2026-08-12,2,PT2608B,Fixed site,given
C-01204,OPV-2,2026-08-12,2,OP2608B,Fixed site,given
C-01204,PCV-2,2026-08-12,2,PC2608B,Fixed site,given
C-01204,Rota-2,2026-08-12,2,RT2608B,Fixed site,given
C-01204,Penta-3,2026-09-09,3,PT2609B,Fixed site,given
C-01204,OPV-3,2026-09-09,3,OP2609B,Fixed site,given
C-01204,PCV-3,2026-09-09,3,PC2609B,Fixed site,given
C-01205,BCG,2026-05-17,1,BC2605C,Outreach,given
C-01205,Penta-1,2026-06-07,1,PT2606A,Fixed site,given
C-01205,OPV-1,2026-06-07,1,OP2606A,Fixed site,given
C-01205,PCV-1,2026-06-07,1,PC2606A,Fixed site,given
C-01205,Rota-1,2026-06-07,1,RT2606A,Fixed site,given
C-01205,Penta-2,2026-07-05,2,PT2607A,Fixed site,given
C-01205,OPV-2,2026-07-05,2,OP2607A,Fixed site,given
C-01205,PCV-2,2026-07-05,2,PC2607A,Fixed site,given
C-01205,Rota-2,2026-07-05,2,RT2607A,Fixed site,given
C-01205,Penta-3,2026-08-02,3,PT2608A,Fixed site,given
C-01205,OPV-3,2026-08-02,3,OP2608A,Fixed site,given
C-01205,PCV-3,2026-08-02,3,PC2608A,Fixed site,given
C-01206,BCG,2024-10-06,1,BC2410A,Fixed site,given
C-01206,Penta-1,2024-10-26,1,PT2410D,Fixed site,given
C-01206,OPV-1,2024-10-26,1,OP2410D,Fixed site,given
C-01206,PCV-1,2024-10-26,1,PC2410D,Fixed site,given
C-01206,Rota-1,2024-10-26,1,RT2410D,Fixed site,given
C-01206,Measles-1,2025-09-24,1,MR2509C,Fixed site,given
C-01206,Yellow Fever,2025-09-24,1,YF2509C,Fixed site,given
C-01207,Penta-1,2026-03-22,1,PT2603C,Fixed site,given
C-01207,OPV-1,2026-03-22,1,OP2603C,Fixed site,given
C-01207,PCV-1,2026-03-22,1,PC2603C,Fixed site,given
C-01207,Rota-1,2026-03-22,1,RT2603C,Fixed site,given
C-01207,Penta-2,2026-04-30,2,PT2604D,Outreach,given
C-01207,OPV-2,2026-04-30,2,OP2604D,Outreach,given
C-01207,PCV-2,2026-04-30,2,PC2604D,Outreach,given
C-01207,Rota-2,2026-04-30,2,RT2604D,Outreach,given
C-01207,Penta-3,2026-08-28,3,PT2608D,Fixed site,given
C-01207,OPV-3,2026-08-28,3,OP2608D,Fixed site,given
C-01207,PCV-3,2026-08-28,3,PC2608D,Fixed site,given
C-01208,BCG,2025-04-05,1,BC2504A,Outreach,given
C-01208,OPV-0,2025-04-05,0,OP2504A,Outreach,given
C-01208,Penta-1,2025-05-04,1,PT2505A,Fixed site,given
C-01208,OPV-1,2025-05-04,1,OP2505A,Fixed site,given
C-01208,PCV-1,2025-05-04,1,PC2505A,Fixed site,given
C-01208,Rota-1,2025-05-04,1,RT2505A,Fixed site,given
C-01209,BCG,2025-03-22,1,BC2503C,Fixed site,given
C-01209,Penta-1,2025-04-22,1,PT2504C,Fixed site,given
C-01209,OPV-1,2025-04-22,1,OP2504C,Fixed site,given
C-01209,PCV-1,2025-04-22,1,PC2504C,Fixed site,given
C-01209,Rota-1,2025-04-22,1,RT2504C,Fixed site,given
C-01209,Measles-1,2025-11-20,1,MR2511C,Fixed site,given
C-01209,Yellow Fever,2025-11-20,1,YF2511C,Fixed site,given
C-01210,Penta-1,2026-04-15,1,PT2604B,Fixed site,given
C-01210,OPV-1,2026-04-15,1,OP2604B,Fixed site,given
C-01210,PCV-1,2026-04-15,1,PC2604B,Fixed site,given
C-01210,Rota-1,2026-04-15,1,RT2604B,Fixed site,given
C-01210,Penta-2,2026-05-13,2,PT2605B,Fixed site,given
C-01210,OPV-2,2026-05-13,2,OP2605B,Fixed site,given
C-01210,PCV-2,2026-05-13,2,PC2605B,Fixed site,given
C-01210,Rota-2,2026-05-13,2,RT2605B,Fixed site,given
C-01210,BCG,2026-06-04,1,BC2606A,Fixed site,given
C-01210,Penta-3,2026-09-08,3,PT2609A,Fixed site,given
C-01210,OPV-3,2026-09-08,3,OP2609A,Fixed site,given
C-01210,PCV-3,2026-09-08,3,PC2609A,Fixed site,given
C-01211,BCG,2025-12-18,1,BC2512C,Fixed site,given
C-01211,OPV-0,2025-12-18,0,OP2512C,Fixed site,given
C-01211,Penta-1,2026-02-28,1,PT2602D,Fixed site,given
C-01211,OPV-1,2026-02-28,1,OP2602D,Fixed site,given
C-01211,PCV-1,2026-02-28,1,PC2602D,Fixed site,given
C-01211,Rota-1,2026-02-28,1,RT2602D,Fixed site,given
C-01211,Penta-2,2026-03-28,2,PT2603D,Fixed site,given
C-01211,OPV-2,2026-03-28,2,OP2603D,Fixed site,given
C-01211,PCV-2,2026-03-28,2,PC2603D,Fixed site,given
C-01211,Rota-2,2026-03-28,2,RT2603D,Fixed site,given
C-01211,OPV-3,2026-04-29,3,OP2604D,Fixed site,given
C-01212,BCG,2026-03-03,1,BC2603A,Fixed site,given
C-01212,OPV-0,2026-03-03,0,OP2603A,Fixed site,given
C-01212,Penta-1,2026-04-14,1,PT2604B,Fixed site,given
C-01212,OPV-1,2026-04-14,1,OP2604B,Fixed site,given
C-01212,PCV-1,2026-04-14,1,PC2604B,Fixed site,given
C-01212,Rota-1,2026-04-14,1,RT2604B,Fixed site,given
C-01212,Penta-2,2026-05-12,2,PT2605B,Fixed site,given
C-01212,OPV-2,2026-05-12,2,OP2605B,Fixed site,given
C-01212,PCV-2,2026-05-12,2,PC2605B,Fixed site,given
C-01212,Rota-2,2026-05-12,2,RT2605B,Fixed site,given
C-01212,Penta-3,2026-06-09,3,PT2606B,Fixed site,given
C-01212,OPV-3,2026-06-09,3,OP2606B,Fixed site,given
C-01212,PCV-3,2026-06-09,3,PC2606B,Fixed site,given
C-01213,BCG,2025-03-07,1,BC2503A,Fixed site,given
C-01213,Measles-1,2025-10-18,1,MR2510C,Fixed site,given
C-01213,Yellow Fever,2025-10-18,1,YF2510C,Fixed site,given
C-01213,Measles-2,2026-08-29,2,MR2608D,Fixed site,given
C-01214,BCG,2025-12-13,1,BC2512B,Fixed site,given
C-01214,OPV-0,2025-12-13,0,OP2512B,Fixed site,given
C-01214,Penta-1,2026-02-14,1,PT2602B,Fixed site,given
C-01214,OPV-1,2026-02-14,1,OP2602B,Fixed site,given
C-01214,PCV-1,2026-02-14,1,PC2602B,Fixed site,given
C-01214,Rota-1,2026-02-14,1,RT2602B,Fixed site,given
C-01214,Penta-2,2026-03-14,2,PT2603B,Fixed site,given
C-01214,OPV-2,2026-03-14,2,OP2603B,Fixed site,given
C-01214,PCV-2,2026-03-14,2,PC2603B,Fixed site,given
C-01214,Rota-2,2026-03-14,2,RT2603B,Fixed site,given
C-01214,Penta-3,2026-07-22,3,PT2607C,Fixed site,given
C-01214,OPV-3,2026-07-22,3,OP2607C,Fixed site,given
C-01214,PCV-3,2026-07-22,3,PC2607C,Fixed site,given
C-01214,Measles-1,2026-09-24,1,MR2609C,Fixed site,given
C-01214,Yellow Fever,2026-09-24,1,YF2609C,Fixed site,given
C-01215,Penta-1,2025-10-09,1,PT2510B,Fixed site,given
C-01215,OPV-1,2025-10-09,1,OP2510B,Fixed site,given
C-01215,PCV-1,2025-10-09,1,PC2510B,Fixed site,given
C-01215,Rota-1,2025-10-09,1,RT2510B,Fixed site,given
C-01215,Penta-2,2025-12-08,2,PT2512A,Fixed site,given
C-01215,OPV-2,2025-12-08,2,OP2512A,Fixed site,given
C-01215,PCV-2,2025-12-08,2,PC2512A,Fixed site,given
C-01215,Rota-2,2025-12-08,2,RT2512A,Fixed site,given
C-01215,Penta-3,2026-01-05,3,PT2601A,Fixed site,given
C-01215,OPV-3,2026-01-05,3,OP2601A,Fixed site,given
C-01215,PCV-3,2026-01-05,3,PC2601A,Fixed site,given
C-01215,Measles-1,2026-06-05,1,MR2606A,Fixed site,given
C-01216,Penta-1,2026-04-28,1,PT2604D,Fixed site,given
C-01216,BCG,2026-05-11,1,BC2605B,Fixed site,given
C-01216,Penta-2,2026-05-26,2,PT2605D,Fixed site,given
C-01216,OPV-2,2026-05-26,2,OP2605D,Fixed site,given
C-01216,PCV-2,2026-05-26,2,PC2605D,Fixed site,given
C-01216,Rota-2,2026-05-26,2,RT2605D,Fixed site,given
C-01216,OPV-1,2026-09-24,1,OP2609C,Fixed site,given
C-01216,PCV-1,2026-09-24,1,PC2609C,Fixed site,given
C-01216,Penta-3,2026-09-24,3,PT2609C,Fixed site,given
C-01216,OPV-3,2026-09-24,3,OP2609C,Fixed site,given
C-01216,PCV-3,2026-09-24,3,PC2609C,Fixed site,given
C-01217,Penta-1,2026-04-21,1,PT2604C,Fixed site,given
C-01217,OPV-1,2026-04-21,1,OP2604C,Fixed site,given
C-01217,PCV-1,2026-04-21,1,PC2604C,Fixed site,given
C-01217,Rota-1,2026-04-21,1,RT2604C,Fixed site,given
C-01217,Penta-2,2026-05-21,2,PT2605C,Fixed site,given
C-01217,OPV-2,2026-05-21,2,OP2605C,Fixed site,given
C-01217,PCV-2,2026-05-21,2,PC2605C,Fixed site,given
C-01217,Rota-2,2026-05-21,2,RT2605C,Fixed site,given
C-01217,Penta-3,2026-08-12,3,PT2608B,Fixed site,given
C-01217,OPV-3,2026-08-12,3,OP2608B,Fixed site,given
C-01217,PCV-3,2026-08-12,3,PC2608B,Fixed site,given
C-01218,Penta-1,2025-12-03,1,PT2512A,Fixed site,given
C-01218,OPV-1,2025-12-03,1,OP2512A,Fixed site,given
C-01218,PCV-1,2025-12-03,1,PC2512A,Fixed site,given
C-01218,Rota-1,2025-12-03,1,RT2512A,Fixed site,given
C-01218,Penta-2,2025-12-31,2,PT2512D,Fixed site,given
C-01218,OPV-2,2025-12-31,2,OP2512D,Fixed site,given
C-01218,PCV-2,2025-12-31,2,PC2512D,Fixed site,given
C-01218,Rota-2,2025-12-31,2,RT2512D,Fixed site,given
C-01218,Measles-1,2026-07-15,1,MR2607B,Fixed site,given
C-01218,Yellow Fever,2026-07-15,1,YF2607B,Fixed site,given
C-01218,Penta-3,2026-08-07,3,PT2608A,Fixed site,given
C-01218,OPV-3,2026-08-07,3,OP2608A,Fixed site,given
C-01218,PCV-3,2026-08-07,3,PC2608A,Fixed site,given
C-01219,BCG,2026-03-22,1,BC2603C,Fixed site,given
C-01219,OPV-0,2026-03-22,0,OP2603C,Fixed site,given
C-01219,Penta-1,2026-06-06,1,PT2606A,Fixed site,given
C-01219,OPV-1,2026-06-06,1,OP2606A,Fixed site,given
C-01219,PCV-1,2026-06-06,1,PC2606A,Fixed site,given
C-01219,Rota-1,2026-06-06,1,RT2606A,Fixed site,given
C-01219,Penta-2,2026-07-04,2,PT2607A,Fixed site,given
C-01219,OPV-2,2026-07-04,2,OP2607A,Fixed site,given
C-01219,PCV-2,2026-07-04,2,PC2607A,Fixed site,given
C-01219,Penta-3,2026-08-01,3,PT2608A,Fixed site,given
C-01219,OPV-3,2026-08-01,3,OP2608A,Fixed site,given
C-01219,PCV-3,2026-08-01,3,PC2608A,Fixed site,given
C-01220,Penta-1,2025-02-16,1,PT2502B,Fixed site,given
C-01220,OPV-1,2025-02-16,1,OP2502B,Fixed site,given
C-01220,PCV-1,2025-02-16,1,PC2502B,Fixed site,given
C-01220,Rota-1,2025-02-16,1,RT2502B,Fixed site,given
C-01220,BCG,2025-02-21,1,BC2502C,Fixed site,given
C-01220,Penta-2,2025-03-16,2,PT2503B,Fixed site,given
C-01220,OPV-2,2025-03-16,2,OP2503B,Fixed site,given
C-01220,PCV-2,2025-03-16,2,PC2503B,Fixed site,given
C-01220,Rota-2,2025-03-16,2,RT2503B,Fixed site,given
C-01220,Penta-3,2025-12-03,3,PT2512A,Fixed site,given
C-01220,OPV-3,2025-12-03,3,OP2512A,Fixed site,given
C-01220,PCV-3,2025-12-03,3,PC2512A,Fixed site,given
C-01220,Measles-1,2026-05-27,1,MR2605D,Fixed site,given
C-01220,Yellow Fever,2026-05-27,1,YF2605D,Fixed site,given
C-01221,BCG,2024-08-16,1,BC2408B,Fixed site,given
C-01221,OPV-0,2024-08-16,0,OP2408B,Fixed site,given
C-01221,Penta-1,2024-09-30,1,PT2409D,Fixed site,given
C-01221,OPV-1,2024-09-30,1,OP2409D,Fixed site,given
C-01221,PCV-1,2024-09-30,1,PC2409D,Fixed site,given
C-01221,Rota-1,2024-09-30,1,RT2409D,Fixed site,given
C-01221,Penta-2,2024-11-30,2,PT2411D,Fixed site,given
C-01221,OPV-2,2024-11-30,2,OP2411D,Fixed site,given
C-01221,PCV-2,2024-11-30,2,PC2411D,Fixed site,given
C-01221,Rota-2,2024-11-30,2,RT2411D,Fixed site,given
C-01221,Penta-3,2025-07-19,3,PT2507C,Outreach,given
C-01221,PCV-3,2025-07-19,3,PC2507C,Outreach,given
C-01221,Measles-1,2025-09-28,1,MR2509D,Fixed site,given
C-01221,Yellow Fever,2025-09-28,1,YF2509D,Fixed site,given
C-01221,Measles-2,2026-07-03,2,MR2607A,Fixed site,given
C-01222,Penta-1,2025-01-14,1,PT2501B,Fixed site,given
C-01222,OPV-1,2025-01-14,1,OP2501B,Fixed site,given
C-01222,PCV-1,2025-01-14,1,PC2501B,Fixed site,given
C-01222,Rota-1,2025-01-14,1,RT2501B,Fixed site,given
C-01222,Penta-2,2025-04-04,2,PT2504A,Fixed site,given
C-01222,OPV-2,2025-04-04,2,OP2504A,Fixed site,given
C-01222,PCV-2,2025-04-04,2,PC2504A,Fixed site,given
C-01222,Rota-2,2025-04-04,2,RT2504A,Fixed site,given
C-01222,Penta-3,2025-05-02,3,PT2505A,Fixed site,given
C-01222,OPV-3,2025-05-02,3,OP2505A,Fixed site,given
C-01222,PCV-3,2025-05-02,3,PC2505A,Fixed site,given
C-01222,BCG,2025-05-12,1,BC2505B,Fixed site,given
C-01222,Measles-1,2025-11-06,1,MR2511A,Fixed site,given
C-01222,Yellow Fever,2025-11-06,1,YF2511A,Fixed site,given
C-01223,BCG,2025-12-27,1,BC2512D,Fixed site,given
C-01223,OPV-0,2025-12-27,0,OP2512D,Fixed site,given
C-01223,Penta-1,2026-01-25,1,PT2601D,Fixed site,given
C-01223,OPV-1,2026-01-25,1,OP2601D,Fixed site,given
C-01223,PCV-1,2026-01-25,1,PC2601D,Fixed site,given
C-01223,Rota-1,2026-01-25,1,RT2601D,Fixed site,given
C-01223,Penta-2,2026-04-24,2,PT2604C,Fixed site,given
C-01223,OPV-2,2026-04-24,2,OP2604C,Fixed site,given
C-01223,Rota-2,2026-04-24,2,RT2604C,Fixed site,given
C-01223,Penta-3,2026-05-22,3,PT2605C,Fixed site,given
C-01223,OPV-3,2026-05-22,3,OP2605C,Fixed site,given
C-01223,PCV-3,2026-05-22,3,PC2605C,Fixed site,given
C-01223,Measles-1,2026-09-24,1,MR2609C,Fixed site,given
C-01223,Yellow Fever,2026-09-24,1,YF2609C,Fixed site,given
C-01224,BCG,2026-09-24,1,BC2609C,Fixed site,given
C-01225,Penta-1,2025-09-07,1,PT2509A,Fixed site,given
C-01225,OPV-1,2025-09-07,1,OP2509A,Fixed site,given
C-01225,PCV-1,2025-09-07,1,PC2509A,Fixed site,given
C-01225,Rota-1,2025-09-07,1,RT2509A,Fixed site,given
C-01225,Penta-2,2025-11-09,2,PT2511B,Fixed site,given
C-01225,OPV-2,2025-11-09,2,OP2511B,Fixed site,given
C-01225,PCV-2,2025-11-09,2,PC2511B,Fixed site,given
C-01225,Rota-2,2025-11-09,2,RT2511B,Fixed site,given
C-01225,Penta-3,2026-02-22,3,PT2602C,Fixed site,given
C-01225,OPV-3,2026-02-22,3,OP2602C,Fixed site,given
C-01225,PCV-3,2026-02-22,3,PC2602C,Fixed site,given
C-01225,Measles-1,2026-04-25,1,MR2604D,Fixed site,given
C-01225,Yellow Fever,2026-04-25,1,YF2604D,Fixed site,given
C-01226,BCG,2025-12-04,1,BC2512A,Fixed site,given
C-01226,Penta-1,2026-01-14,1,PT2601B,Fixed site,given
C-01226,OPV-1,2026-01-14,1,OP2601B,Fixed site,given
C-01226,PCV-1,2026-01-14,1,PC2601B,Fixed site,given
C-01226,Rota-1,2026-01-14,1,RT2601B,Fixed site,given
C-01226,Penta-2,2026-03-17,2,PT2603C,Fixed site,given
C-01226,OPV-2,2026-03-17,2,OP2603C,Fixed site,given
C-01226,PCV-2,2026-03-17,2,PC2603C,Fixed site,given
C-01226,Rota-2,2026-03-17,2,RT2603C,Fixed site,given
C-01226,Penta-3,2026-04-14,3,PT2604B,Fixed site,given
C-01226,OPV-3,2026-04-14,3,OP2604B,Fixed site,given
C-01226,PCV-3,2026-04-14,3,PC2604B,Fixed site,given
C-01226,Measles-1,2026-09-24,1,MR2609C,Outreach,given
C-01226,Yellow Fever,2026-09-24,1,YF2609C,Outreach,given
C-01227,BCG,2026-07-15,1,BC2607B,Fixed site,given
C-01227,Penta-1,2026-07-17,1,PT2607C,Fixed site,given
C-01227,OPV-1,2026-07-17,1,OP2607C,Fixed site,given
C-01227,PCV-1,2026-07-17,1,PC2607C,Fixed site,given
C-01227,Rota-1,2026-07-17,1,RT2607C,Fixed site,given
C-01227,Penta-2,2026-08-14,2,PT2608B,Fixed site,given
C-01227,OPV-2,2026-08-14,2,OP2608B,Fixed site,given
C-01227,PCV-2,2026-08-14,2,PC2608B,Fixed site,given
C-01227,Rota-2,2026-08-14,2,RT2608B,Fixed site,given
C-01227,Penta-3,2026-09-11,3,PT2609B,Fixed site,given
C-01227,PCV-3,2026-09-11,3,PC2609B,Fixed site,given
C-01228,BCG,2026-06-04,1,BC2606A,Fixed site,given
C-01228,OPV-0,2026-06-04,0,OP2606A,Fixed site,given
C-01228,Penta-1,2026-07-16,1,PT2607B,Fixed site,given
C-01228,Rota-1,2026-07-16,1,RT2607B,Fixed site,given
C-01228,Penta-2,2026-08-13,2,PT2608B,Fixed site,given
C-01228,OPV-2,2026-08-13,2,OP2608B,Fixed site,given
C-01228,PCV-2,2026-08-13,2,PC2608B,Fixed site,given
C-01228,Rota-2,2026-08-13,2,RT2608B,Fixed site,given
C-01228,Penta-3,2026-09-10,3,PT2609B,Fixed site,given
C-01228,OPV-3,2026-09-10,3,OP2609B,Fixed site,given
C-01228,PCV-3,2026-09-10,3,PC2609B,Fixed site,given
C-01229,Penta-1,2026-09-08,1,PT2609A,Fixed site,given
C-01229,OPV-1,2026-09-08,1,OP2609A,Fixed site,given
C-01229,PCV-1,2026-09-08,1,PC2609A,Fixed site,given
C-01229,Rota-1,2026-09-08,1,RT2609A,Fixed site,given
C-01229,BCG,2026-09-24,1,BC2609C,Fixed site,given
C-01230,BCG,2026-01-12,1,BC2601B,Fixed site,given
C-01230,OPV-0,2026-01-12,0,OP2601B,Fixed site,given
C-01230,Penta-1,2026-05-11,1,PT2605B,Fixed site,given
C-01230,OPV-1,2026-05-11,1,OP2605B,Fixed site,given
C-01230,PCV-1,2026-05-11,1,PC2605B,Fixed site,given
C-01230,Rota-1,2026-05-11,1,RT2605B,Fixed site,given
C-01230,Penta-2,2026-06-08,2,PT2606A,Fixed site,given
C-01230,OPV-2,2026-06-08,2,OP2606A,Fixed site,given
C-01230,PCV-2,2026-06-08,2,PC2606A,Fixed site,given
C-01230,Rota-2,2026-06-08,2,RT2606A,Fixed site,given
C-01230,Penta-3,2026-08-06,3,PT2608A,Fixed site,given
C-01230,OPV-3,2026-08-06,3,OP2608A,Fixed site,given
C-01230,PCV-3,2026-08-06,3,PC2608A,Fixed site,given
C-01230,Measles-1,2026-09-24,1,MR2609C,Fixed site,given
C-01230,Yellow Fever,2026-09-24,1,YF2609C,Fixed site,given
